id,category,level,action,note,question,answer,new_question,new_answer,new_level,new_category
"ADM1525","أحياء وفلك","تعجيزي","خطأ واقعة","خطأ: الجندب يسمع بعضو في بطنه؛ الذي يسمع بأرجله الأماميّة صرصور الليل","ما اسم الحشرة التي تسمع بأرجلها؟","الجندب","","صرصور الليل (الجُدجُد)","",""
"E145","أحياء وفلك","سهل","خطأ واقعة","خطأ: أوّل مركبة حملت بشراً إلى القمر (مداراً) أبولو 8؛ أبولو 11 أوّل هبوط","ما اسم أول مركبة فضائية حملت البشر إلى القمر؟","أبولو 11","ما اسم الرحلة التي هبط فيها أوّل إنسانٍ على سطح القمر؟","","",""
"E205","أحياء وفلك","متوسط","خطأ واقعة","خطأ: معظم سكر العالم (نحو 80٪) من قصب السكر لا البنجر","ما النبات الذي يُستخرج منه معظم سكر العالم ويُزرع في المناطق الباردة؟","بنجر السكر","ما النبات الذي يُستخرج منه السكر في البلاد الباردة بدل قصب السكر؟","","",""
"E211","أحياء وفلك","متوسط","خطأ واقعة","خطأ: الدورة الفلكيّة 27.3 يوماً، ومن هلالٍ إلى هلال 29.5 — لا 28","كم يومًا يستغرق القمر في دورة كاملة حول الأرض؟","نحو 28 يومًا","","نحو 27 يوماً (29.5 من هلالٍ إلى هلال)","",""
"M239","أحياء وفلك","متوسط","خطأ واقعة","خطأ: أطول الحيوانات عمراً قرش غرينلاند والمحار البحريّ وغيرها؛ السلحفاة أطول الزواحف","ما أطول الحيوانات عمرًا؟","السلحفاة","ما أطول الزواحف عمراً؟","السلحفاة العملاقة","",""
"M694","أحياء وفلك","متوسط","خطأ واقعة","خطأ: الأناكوندا أثقل الثعابين؛ الأطول الثعبان الشبكيّ","ما اسم أطول أنواع الثعابين في العالم؟","الأناكوندا","ما اسم أثقل أنواع الثعابين في العالم؟","","",""
"M064","أحياء وفلك","متوسط","خطأ واقعة","مشكوك: الحبّار الهائل (Colossal) عينه أكبر أو مساوية","ما الحيوان صاحب أكبر عين في العالم؟","الحبار العملاق","","الحبّار الهائل (أو العملاق)","",""
"ADM6261","أحياء وفلك","سهل","حجب","تافه: الفهد أسرع حيوان","ما أسرع حيوانٍ برّيّ في العالم؟","الفهد","","","",""
"ADM6286","أحياء وفلك","سهل","حجب","تافه: زحل وحلقاته","ما الكوكب المشهور بحلقاته الواضحة؟","زحل","","","",""
"ADM7246","أحياء وفلك","سهل","حجب","تافه: القنفذ وأشواكه","ما الحيوان الصغير الذي يحمي نفسه بأشواكٍ يكوّرها على جسمه؟","القنفذ","","","",""
"E206","أحياء وفلك","سهل","حجب","تافه: الدلفين وذكاؤه","ما الحيوان البحري المعروف بذكائه وصداقته للإنسان؟","الدلفين","","","",""
"M136","أحياء وفلك","سهل","حجب","تافه: الفيل أضخم حيوان برّي","ما أضخم حيوان بري على وجه الأرض؟","الفيل","","","",""
"M617","أحياء وفلك","سهل","حجب","تافه: الحرباء تغيّر لونها","ما اسم الحيوان الذي يغيّر لونه ليتماشى مع محيطه؟","الحرباء","","","",""
"ADM4009","أحياء وفلك","سهل","حجب","تافه: الباندا والخيزران","على ماذا يتغذّى دبّ الباندا أساساً؟","الخيزران","","","",""
"M366","أحياء وفلك","سهل","حجب","تافه: أرجل العنكبوت","كم عدد أرجل العنكبوت؟","ثماني أرجل","","","",""
"H009","أحياء وفلك","صعب","حجب","مصطلح منهج مدرسيّ","ما اسم الانقسام الذي تنتج عنه خليتان متطابقتان؟","الانقسام المتساوي","","","",""
"H158","أحياء وفلك","صعب","حجب","مصطلح منهج مدرسيّ","ما اسم الانقسام الذي تنتج عنه الخلايا التناسلية؟","الانقسام المنصّف","","","",""
"H343","أحياء وفلك","صعب","حجب","مصطلح منهج مدرسيّ","ما اسم العملية التي تنقسم بها الخلية البكتيرية؟","الانشطار الثنائي","","","",""
"H430","أحياء وفلك","صعب","حجب","مصطلح منهج مدرسيّ (رتب التصنيف)","ما اسم التصنيف الذي يقع بين الرتبة والجنس في تصنيف الكائنات؟","الفصيلة","","","",""
"ADM8741","أحياء وفلك","صعب","حجب","مصطلح منهج مدرسيّ (اللحاء)","ما النسيج النباتي الذي ينقل السكريات من الأوراق إلى بقية النبات؟","اللحاء","","","",""
"H429","أحياء وفلك","صعب","حجب","مصطلح منهج مدرسيّ (الخشب)","ما اسم النسيج النباتي الذي ينقل الماء من الجذور إلى الأوراق؟","الخشب","","","",""
"H346","أحياء وفلك","صعب","حجب","مصطلح منهج، والجواب الشائع الهيموغلوبين لا «الهيم» — جوابان","ما اسم الصبغة التي تعطي دم الفقاريات لونه الأحمر؟","الهيم","","","",""
"H423","أحياء وفلك","صعب","حجب","خطأ ومنهج: النبات يتنفّس ليلاً ونهاراً، والتنفّس الخلويّ ليس «ليليّاً»","ما اسم العملية التي تتنفّس بها النباتات ليلاً؟","التنفّس الخلوي","","","",""
"M078","أحياء وفلك","متوسط","حجب","مكرّر مع ADM1534 (سمكة الشراع أسرع كائن بحريّ)","ما أسرع كائن في الماء؟","سمك أبو شراع","","","",""
"E446","أحياء وفلك","متوسط","حجب","مكرّر مع ADM1535 (السكويا أطول شجرة)","ما أطول شجرة في العالم؟","السيكويا","","","",""
"ADM8738","أحياء وفلك","متوسط","حجب","مصطلح منهج مدرسيّ (المتك والميسم)","ما اسم انتقال حبوب اللقاح من المتك إلى الميسم؟","التلقيح","","","",""
"M363","أحياء وفلك","متوسط","حجب","مصطلح منهج مدرسيّ، والجواب معنى السؤال","ما الاسم الذي يُطلق على الحيوانات التي تتغذى على اللحوم فقط؟","اللواحم","","","",""
"M365","أحياء وفلك","متوسط","حجب","مصطلح منهج مدرسيّ","ما اسم عملية تحوّل اليرقة إلى فراشة؟","التحوّل الكامل","","","",""
"M696","أحياء وفلك","متوسط","حجب","الجواب في السؤال («طوال الشتاء» ← البيات الشتويّ)","ما اسم الظاهرة التي تنام فيها بعض الحيوانات طوال الشتاء؟","البيات الشتوي","","","",""
"M618","أحياء وفلك","متوسط","حجب","الجواب مكتوب في سؤال ADM4006 («الدبّ الأكبر (بنات نعش)»)","ما اسم مجموعة النجوم التي تُعرف بالدب الأكبر؟","بنات نعش الكبرى","","","",""
"H165","أحياء وفلك","متوسط","حجب","الجواب في السؤال (الضوء + سنة)، و«الوحدة الفلكيّة» اسم وحدةٍ أخرى (جواب M700)","ما الوحدة الفلكية التي تساوي المسافة التي يقطعها الضوء في سنة؟","السنة الضوئية","","","",""
"ADM6462","أحياء وفلك","تعجيزي","صياغة","«مستعرّاً أعظم» في السؤال جواب H345","ما اسم النجم الأحمر العملاق في كتف الجبّار الذي يُتوقّع أن ينفجر مستعرّاً أعظم؟","بيتلجوز","ما اسم النجم الأحمر العملاق في كتف كوكبة الجبّار؟","","",""
"E098","أحياء وفلك","سهل","صياغة","جوابان: الدلفين والفقمة والسلحفاة تتنفّس بالرئتين أيضاً","ما الحيوان البحري الذي يتنفس بالرئتين؟","الحوت","ما الحيوان البحريّ الضخم الذي يُخرج نافورة ماءٍ من فتحةٍ أعلى رأسه حين يتنفّس؟","","",""
"H093","أحياء وفلك","صعب","صياغة","جوابان: السلمندر والأكسولوتل والسحالي تجدّد أطرافها","ما الحيوان القادر على تجديد أطرافه المبتورة؟","نجم البحر","أيّ حيوانٍ بحريّ يستطيع أن ينمو من ذراعٍ مقطوعةٍ منه جسمٌ كامل؟","","",""
"H168","أحياء وفلك","صعب","صياغة","سؤالان في سؤال","ما أكبر بركان معروف في المجموعة الشمسية وعلى أي كوكب يقع؟","أوليمبوس مونس على المريخ","ما اسم أكبر بركانٍ معروف في المجموعة الشمسيّة، ويقع على المريخ؟","أوليمبوس مونس","",""
"H345","أحياء وفلك","صعب","صياغة","المستعر الأعظم انفجار لا نجم","ما اسم النجم الذي يمثّل نهاية حياة نجم ضخم بانفجاره؟","المستعر الأعظم","ما اسم الانفجار الهائل الذي تنتهي به حياة نجمٍ ضخم؟","","",""
"H167","أحياء وفلك","متوسط","صياغة","الجواب في السؤال («بانفجار هائل»)","ما النظرية التي تفسّر نشأة الكون بانفجار هائل؟","نظرية الانفجار العظيم","ما اسم النظريّة التي تقول إنّ الكون نشأ من نقطةٍ واحدة قبل نحو 13.8 مليار سنة؟","","",""
"M695","أحياء وفلك","متوسط","صياغة","جوابان: آكل النمل الشوكيّ ثدييّ يبيض أيضاً","ما اسم الحيوان الذي يبيض وهو من الثدييات؟","خلد الماء","ما الحيوان الثدييّ ذو المنقار الشبيه بمنقار البطّة الذي يبيض؟","","",""
"ADM7531","أحياء وفلك","تعجيزي","مستوى","الوقواق وتطفّله على الأعشاش معروف — صعب لا تعجيزي","أيّ طائرٍ يضع بيضه في أعشاش طيورٍ أخرى لتحضنه وتربّي صغاره عنه؟","الوقواق","","","صعب",""
"ADM7532","أحياء وفلك","تعجيزي","مستوى","حمل ذكر فرس البحر معلومة شائعة — متوسط","في أيّ حيوانٍ بحريّ يحمل الذكرُ البيضَ في جرابه ويلد الصغار بدلاً من الأنثى؟","فرس البحر","","","متوسط",""
"","أحياء وفلك","تعجيزي","بديل","بديل لخليّة عند الحدّ (نزل منها ADM7531 وADM7532)","","","أيّ قارضٍ يعيش في أنفاقٍ تحت الأرض بلا شعرٍ تقريباً، ولا يكاد يُصاب بالسرطان، ويعمّر أكثر من ثلاثين عاماً؟","فأر الخلد العاري","",""
"","أحياء وفلك","تعجيزي","بديل","بديل لخليّة عند الحدّ","","","ما اسم الكائن المجهريّ ذي الأرجل الثماني الذي نجا من التعرّض لفراغ الفضاء وإشعاعه خارج مركبةٍ فضائيّة؟","بطيء الخطو (دبّ الماء)","",""
"","أحياء وفلك","سهل","بديل","بديل لخليّة عند الحدّ (30) بعد حجب التوافه — عائلة الزهرة (M142/M354) ⚠ الجواب قائم في M142،M354 — عائلة أو استبدال","","","ما الكوكب الذي يسمّيه الناس «نجمة الصباح» لأنّه يلمع في الأفق قبل الشروق؟","الزهرة","",""
"","أحياء وفلك","سهل","بديل","بديل لخليّة عند الحدّ (30) بعد حجب التوافه","","","ما الكائن البحريّ الذي يتكوّن في داخله اللؤلؤ؟","المحار","",""
"","أحياء وفلك","سهل","بديل","بديل لخليّة عند الحدّ (30) بعد حجب التوافه","","","ما اسم أوّل رائد فضاء إماراتيّ صعد إلى محطّة الفضاء الدوليّة؟","هزّاع المنصوري","",""
"","أحياء وفلك","سهل","بديل","بديل لخليّة عند الحدّ (30) بعد حجب التوافه","","","ما الحيوان الأفريقيّ الضخم الذي يُصاد جائراً من أجل قرنه؟","وحيد القرن","",""
"","أحياء وفلك","سهل","بديل","بديل لخليّة عند الحدّ (30) بعد حجب التوافه — عائلة المشتري مع M614 ⚠ الجواب قائم في M614 — عائلة أو استبدال","","","على أيّ كوكبٍ تقع «البقعة الحمراء العظيمة»، وهي عاصفةٌ أكبر من الأرض؟","المشتري","",""
"","أحياء وفلك","سهل","بديل","بديل لخليّة عند الحدّ (30) بعد حجب التوافه","","","ما اسم النجم الذي يبشّر طلوعه في أواخر الصيف بانكسار الحرّ في الخليج؟","سهيل","",""
"","أحياء وفلك","سهل","بديل","بديل لخليّة عند الحدّ (30) بعد حجب التوافه — عائلة الكوالا مع ADM2806 ⚠ الجواب قائم في ADM2806 — عائلة أو استبدال","","","ما الحيوان الأستراليّ الذي يتغذّى على أوراق الكينا وينام معظم يومه؟","الكوالا","",""
"","أحياء وفلك","سهل","بديل","بديل لخليّة عند الحدّ (30) بعد حجب التوافه","","","ما اسم الأضواء الملوّنة التي تتراقص في سماء المناطق القريبة من القطبين؟","الشفق القطبيّ","",""
"","أحياء وفلك","صعب","بديل","بديل لخليّة عند الحدّ (حُجب 8 ودخل ADM7531)","","","ما اسم أكبر جرمٍ بين مداري المريخ والمشتري، وقد صُنّف كوكباً قزماً سنة 2006؟","سيريس","",""
"","أحياء وفلك","صعب","بديل","بديل لخليّة عند الحدّ","","","أيّ حوتٍ يشتهر ذكوره بأغانٍ طويلة معقّدة تتغيّر من موسمٍ إلى آخر؟","الحوت الأحدب","",""
"M140","أحياء وفلك","متوسط","عائلة","ADM7240 يقول «قمرَي المريخ» فيكشف الجواب — عائلة «أقمار المريخ» للاثنين","كم عدد أقمار كوكب المريخ؟","قمران","","","",""
"ADM1546","أدب وفنون","تعجيزي","خطأ واقعة","الطغراء ليست بالديواني؛ الديواني خطّ دواوين السلطان والفرمانات. عائلة الديواني مع ADM3637","ما اسم الخطّ العربيّ الذي ابتكره العثمانيّون للطغراء؟","الديواني","ما اسم الخطّ العثمانيّ الذي كُتبت به الفرمانات والمراسيم السلطانيّة؟","الديواني","",""
"ADM1699","أدب وفنون","تعجيزي","خطأ واقعة","الراوي في المقامات الحارث بن همّام؛ أبو زيد السروجي هو البطل المحتال","مقامات الحريري خمسون مقامة — من بطلها الراوي؟","أبو زيد السروجي","من البطل المحتال الفصيح في مقامات الحريري؟","أبو زيد السروجي","",""
"L026","أدب وفنون","متوسط","خطأ واقعة","مشكوك: لقب «شاعر الخليج» لفهد العسكر غير ثابت عندي — يُتحقّق منه","من الشاعر الكويتي الملقب بشاعر الخليج؟","فهد العسكر","","","",""
"H068","أدب وفنون","سهل","حجب","تافه (الموناليزا ← دافنشي يعرفه كلّ حاضر)، والجواب مذكور في نصّ E172","من رسم لوحة الموناليزا؟","ليوناردو دافنشي","","","",""
"E137","أدب وفنون","سهل","حجب","تافه: أشهر حكايات شعبية عربية = ألف ليلة وليلة؛ والعبارة مذكورة في E138","ما اسم أشهر مجموعة حكايات شعبية في التراث العربي؟","ألف ليلة وليلة","","","",""
"E138","أدب وفنون","سهل","حجب","الجواب «شهرزاد» مذكور في نصّ ADM7250، وقريب من البديهي","من راوية حكايات ألف ليلة وليلة؟","شهرزاد","","","",""
"E160","أدب وفنون","سهل","حجب","الجواب «دون كيشوت» مذكور في نصّ H066 وADM7247","ما اسم الشخصية الأدبية الإسبانية التي حاربت طواحين الهواء؟","دون كيشوت","","","",""
"L020","أدب وفنون","سهل","حجب","الجواب «الخط العربي» مذكور في نصوص ADM1546 وH461 وM198، والسؤال يكاد يعرّف نفسه","ما اسم الفن الذي يُجوَّد فيه رسم الحروف وتُنسَّق بأنواع كالنسخ والثلث والديواني؟","الخط العربي","","","",""
"H195","أدب وفنون","صعب","حجب","نصّه يكشف جواب ADM1544 (البحث عن الزمن المفقود)","من مؤلف رواية البحث عن الزمن المفقود؟","مارسيل بروست","","","",""
"H458","أدب وفنون","صعب","حجب","الجواب «هوميروس» في نصّ M063، والواقعة مكرّرة مع ADM2193 (ملحمتا هوميروس)","من مؤلف ملحمة «الأوديسة»؟","هوميروس","","","",""
"M026","أدب وفنون","متوسط","حجب","الواقعة نفسها في L022 (ترجمة ابن المقفع لكليلة ودمنة)، وكلٌّ منهما يكشف جواب الآخر","من نقل كتاب كليلة ودمنة إلى العربية؟","ابن المقفع","","","",""
"M070","أدب وفنون","متوسط","حجب","«الجاحظ» مذكور في نصّي L056 وM205","من مؤلف كتاب البخلاء؟","الجاحظ","","","",""
"M202","أدب وفنون","متوسط","حجب","«المتنبي» مذكور في نصوص ADM1553 وM203 وM308","من الشاعر القائل الخيل والليل والبيداء تعرفني؟","المتنبي","","","",""
"M310","أدب وفنون","متوسط","حجب","«الخنساء» مذكورة في نصّي ADM4335 وADM4342","من الشاعرة العربية التي اشتهرت برثاء أخيها صخر؟","الخنساء","","","",""
"M726","أدب وفنون","متوسط","حجب","«نجيب محفوظ» مذكور في نصوص ADM7251 وL052 وM083 وM209 وM370","من مؤلف رواية «الحرافيش»؟","نجيب محفوظ","","","",""
"M635","أدب وفنون","متوسط","حجب","مكرّر مع ADM2221 (لغة عربية: مؤلّف القاموس المحيط)","ما اسم المعجم الذي وضعه الفيروزآبادي؟","القاموس المحيط","","","",""
"M636","أدب وفنون","متوسط","حجب","مكرّر مع ADM1678 (أغاني وطرب: كاتب «الأطلال» إبراهيم ناجي)","من الشاعر الملقّب بشاعر الأطلال؟","إبراهيم ناجي","","","",""
"M730","أدب وفنون","متوسط","حجب","مكرّر مع ADM0729 (أغاني وطرب: الأخوان رحباني لحّنا أغاني فيروز)","من الملحّن اللبناني الذي لحّن معظم أغاني فيروز مع أخيه؟","عاصي الرحباني","","","",""
"M378","أدب وفنون","متوسط","حجب","تافه: أشهر دار أوبرا في أستراليا = دار أوبرا سيدني؛ ومكانه معالم لا أدب","ما اسم أشهر دار أوبرا في أستراليا؟","دار أوبرا سيدني","","","",""
"ADM1382","أدب وفنون","تعجيزي","صياغة","مشكوك: «لوحة واحدة» شائعة لا موثّقة بدقّة؛ الأسلم السؤال عن اللوحة نفسها","كم لوحةً باع فان غوخ في حياته؟","واحدة","ما اسم اللوحة التي يُشاع أنّها الوحيدة التي باعها فان غوخ في حياته؟","الكرم الأحمر","",""
"ADM1543","أدب وفنون","تعجيزي","صياغة","العدد مختلف فيه (37–39)؛ الجواب بأرقام لاتينية مع المدى","كم مسرحيّةً كتب شكسبير تقريباً؟","سبع وثلاثون","","37 (بين 37 و39)","",""
"ADM1553","أدب وفنون","تعجيزي","صياغة","صياغة ركيكة، والسؤال يذكر المتنبي","الشاعر الذي قُتل بسبب بيتٍ من شعره وهو المتنبي — من قتله؟","فاتك الأسدي","من الذي قتل المتنبي في طريق عودته إلى الكوفة؟","فاتك الأسدي","",""
"ADM4328","أدب وفنون","تعجيزي","صياغة","السؤال يذكر «أحمد شوقي» جواب L009 في الفئة نفسها","ماذا كان أحمد شوقي يسمّي منزله في الجيزة؟","كرمة ابن هانئ","ماذا سمّى «أمير الشعراء» منزله في الجيزة؟","كرمة ابن هانئ","",""
"E476","أدب وفنون","سهل","صياغة","الوصف ملتبس (القيثارة/العود/الهارب)، والقانون يُعزف بالريشة","ما اسم الآلة الموسيقية ذات الأوتار التي تُعزف بالأصابع وتشبه القيثارة؟","القانون","ما اسم الآلة الوتريّة العربيّة شبه المنحرفة التي توضع على الركبتين ويُعزف عليها بريشتين؟","القانون","",""
"ADM4327","أدب وفنون","صعب","صياغة","الجواب «الفلاسفة» في السؤال، و«الغزالي» جواب H201","ما اسم كتاب الغزالي الذي هاجم فيه الفلاسفة؟","تهافت الفلاسفة","ما اسم الكتاب الذي انتقد فيه صاحبُ «إحياء علوم الدين» ابنَ سينا والفارابي، وردّ عليه ابن رشد؟","تهافت الفلاسفة","",""
"ADM4329","أدب وفنون","صعب","صياغة","«أبي العلاء المعري» في السؤال جواب L045","ما «المحبسان» في لقب أبي العلاء المعري «رهين المحبسين»؟","العمى ولزوم البيت","ما «المحبسان» في لقب الشاعر العباسيّ «رهين المحبسين»؟","العمى ولزوم البيت","",""
"ADM4337","أدب وفنون","صعب","صياغة","«الفرزدق» في السؤال جواب ADM4351","ماذا تُسمّى قصائد الهجاء المتبادلة بين جرير والفرزدق والأخطل؟","النقائض","ماذا تُسمّى قصائد الهجاء المتبادلة بين جرير وخصومه في العصر الأمويّ؟","النقائض","",""
"ADM4341","أدب وفنون","صعب","صياغة","«اعتذاراً» تكشف «الاعتذاريات» بالاشتقاق","بأيّ نوع من القصائد اشتهر النابغة الذبياني اعتذاراً للنعمان بن المنذر؟","الاعتذاريات","بأيّ نوعٍ من القصائد اشتهر النابغة الذبياني مع النعمان بن المنذر بعد أن غضب عليه؟","الاعتذاريات","",""
"ADM4343","أدب وفنون","صعب","صياغة","«ماء الذهب» تكشف «المذهّبات» بالاشتقاق","بأيّ اسم آخر عُرفت المعلّقات لأنها كُتبت بماء الذهب؟","المذهّبات","ما الاسم الآخر للمعلّقات الذي يُروى أنّها سُمّيت به لطريقة كتابتها وتعليقها؟","المذهّبات","",""
"H367","أدب وفنون","صعب","صياغة","«توفيق الحكيم» في السؤال جواب ADM4348","ما اسم المسرحية التي استلهمها توفيق الحكيم من قصة الفتية النائمين في القرآن؟","أهل الكهف","ما اسم المسرحيّة الذهنيّة المصريّة الشهيرة المستلهمة من قصّة الفتية النائمين في القرآن؟","أهل الكهف","",""
"L046","أدب وفنون","صعب","صياغة","«ابن قتيبة» في السؤال جواب ADM4353","ما اسم كتاب ابن قتيبة في تراجم أهل النظم من الجاهليّة إلى عصره؟","الشعر والشعراء","ما اسم الكتاب الذي ترجم فيه مؤلّف «أدب الكاتب» لأهل النظم من الجاهليّة إلى عصره؟","الشعر والشعراء","",""
"L049","أدب وفنون","صعب","صياغة","«جبران خليل جبران» في السؤال جواب M371","ما اسم المدرسة الأدبية التي أسسها جبران خليل جبران ورفاقه في المهجر؟","الرابطة القلمية","ما اسم الجمعيّة الأدبيّة التي أسّسها أدباء المهجر الشماليّ في نيويورك؟","الرابطة القلمية","",""
"L054","أدب وفنون","صعب","صياغة","«الموشّحات» في السؤال جواب L055","من الشاعر الأندلسيّ صاحب الموشّحات الشهيرة، وزير غرناطة ومؤرّخها الملقّب «ذو الوزارتين»؟","لسان الدين بن الخطيب","من الأديب الأندلسيّ وزير غرناطة ومؤرّخها الملقّب «ذو الوزارتين»؟","لسان الدين بن الخطيب","",""
"M638","أدب وفنون","متوسط","صياغة","«كليلة ودمنة» في السؤال جواب L022","من مؤلف كتاب «كليلة ودمنة» في أصله الهندي؟","بيدبا","من الفيلسوف الهنديّ الذي تُنسب إليه حكايات الأسد والثور التي ترجمها ابن المقفع؟","بيدبا","",""
"L029","أدب وفنون","متوسط","مستوى","الاسم الحقيقي لأبي تمام تخصّصيّ؛ و«الملقّب بأبي تمام» كنية لا لقب","من الشاعر العباسي الملقب بأبي تمام؟","حبيب بن أوس الطائي","ما الاسم الحقيقي للشاعر العباسيّ المكنّى بأبي تمّام؟","","صعب",""
"M733","أدب وفنون","متوسط","مستوى","محمد عبد الحي و«العودة إلى سنّار» لمحبّ الأدب لا لعامّة المتعلّمين","ما اسم الشاعر السوداني الذي كتب «عودة سنّار»؟","محمد عبد الحي","","","صعب",""
"ADM1551","أدب وفنون","تعجيزي","نقل","نحو وصرف لا أدب — لغة عربية (الخليّة عند 30: بديل أدناه)","كم عدد أوزان الفعل الثلاثيّ المزيد في العربيّة؟","اثنا عشر","","","","لغة عربية"
"E131","أدب وفنون","سهل","نقل","نحو لا أدب","كم عدد الحروف الشمسية في اللغة العربية؟","أربعة عشر حرفاً","","","","لغة عربية"
"E165","أدب وفنون","سهل","نقل","نحو لا أدب","كم عدد حروف العلة في اللغة العربية؟","ثلاثة: الألف والواو والياء","","","","لغة عربية"
"E167","أدب وفنون","سهل","نقل","لغة رسمية لدولة: جغرافيا لا أدب","ما اللغة الرسمية في البرازيل؟","البرتغالية","","","","جغرافيا ومعالم"
"E168","أدب وفنون","سهل","نقل","لغة رسمية لدولة: جغرافيا لا أدب","ما اللغة الرسمية في إيران؟","الفارسية","","","","جغرافيا ومعالم"
"L023","أدب وفنون","سهل","نقل","لغة رسمية لدولة: جغرافيا لا أدب (عائلة الإسبانية قائمة)","ما اللغة الرسمية في المكسيك؟","الإسبانية","","","","جغرافيا ومعالم"
"E382","أدب وفنون","متوسط","نقل","نحو لا أدب","ما نوع الكلمة التي تدل على صفة الاسم؟","النعت","","","","لغة عربية"
"M197","أدب وفنون","متوسط","نقل","لغات الأمم المتحدة ليست أدباً","كم عدد اللغات الرسمية في الأمم المتحدة؟","ست لغات","","","","معلومات عامة"
"M380","أدب وفنون","متوسط","نقل","اللغة الأكثر تحدّثاً ليست أدباً","ما اللغة الأكثر تحدثًا في العالم كلغة أم؟","الصينية","","","","معلومات عامة"
"","أدب وفنون","تعجيزي","بديل","بديل لـADM1551","","","في «البؤساء»، ما اسم المفتّش الذي يطارد جان فالجان طوال الرواية؟","جافير","",""
"","أدب وفنون","سهل","بديل","بديل لسهل (خرج منها 10: 5 حجب + 5 نقل)","","","ما اسم المحقّق الإنجليزيّ الخياليّ الذي يسكن شارع بيكر في لندن؟","شيرلوك هولمز","",""
"","أدب وفنون","سهل","بديل","بديل لسهل (خرج منها 10: 5 حجب + 5 نقل) — عائلة مع M478 ⚠ الجواب قائم في M478 — عائلة أو استبدال","","","من الشاعر الفلسطينيّ صاحب قصيدة «سجّل أنا عربي»؟","محمود درويش","",""
"","أدب وفنون","سهل","بديل","بديل لسهل (خرج منها 10: 5 حجب + 5 نقل)","","","ما اسم العالِم الذي صنع مسخاً من أشلاء الموتى في رواية ماري شيلي؟","فرانكنشتاين","",""
"","أدب وفنون","سهل","بديل","بديل لسهل (خرج منها 10: 5 حجب + 5 نقل)","","","ما اسم مصّاص الدماء بطل رواية برام ستوكر الذي يسكن قلعةً في ترانسيلفانيا؟","دراكولا","",""
"","أدب وفنون","سهل","بديل","بديل لسهل (خرج منها 10: 5 حجب + 5 نقل)","","","ما اسم مسرحيّة شكسبير عن عاشقَين من عائلتين متعاديتين في فيرونا؟","روميو وجولييت","",""
"","أدب وفنون","سهل","بديل","بديل لسهل (خرج منها 10: 5 حجب + 5 نقل)","","","ما اسم رواية فرنسيّة بطلها قارع أجراس الكاتدرائيّة المشوّه كوازيمودو؟","أحدب نوتردام","",""
"","أدب وفنون","سهل","بديل","بديل لسهل (خرج منها 10: 5 حجب + 5 نقل)","","","ما اسم رواية جول فيرن عن رهانٍ على الدوران حول الأرض في مدّةٍ محدّدة؟","حول العالم في ثمانين يوماً","",""
"","أدب وفنون","سهل","بديل","بديل لسهل (خرج منها 10: 5 حجب + 5 نقل)","","","ما اسم الدمى التي تُحرَّك بخيوطٍ من الأعلى في مسرح العرائس؟","الماريونيت","",""
"","أدب وفنون","سهل","بديل","بديل لسهل (خرج منها 10: 5 حجب + 5 نقل)","","","ما اسم الرسم الساخر الذي يبالغ في ملامح الوجه؟","الكاريكاتير","",""
"","أدب وفنون","سهل","بديل","بديل لسهل (خرج منها 10: 5 حجب + 5 نقل)","","","ما اسم الحطّاب الذي فتح مغارة اللصوص بعبارة «افتح يا سمسم»؟","علي بابا","",""
"ADM1556","أدب وفنون","تعجيزي","عائلة","الواقعة نفسها جوابٌ في ADM6059 (Breaking bad: أوراق العشب لوالت ويتمان) — عائلة «والت ويتمان»","ديوان «أوراق العشب» لأيّ شاعرٍ أمريكيّ؟","والت ويتمان","","","",""
"E161","أدب وفنون","سهل","عائلة","E478 (سيرة عنترة) تكرّر الواقعة نفسها: فارس عبس وحبّه لعبلة — عائلة «عنترة»","من الشاعر الجاهلي الفارس صاحب قصة الحب مع عبلة؟","عنترة بن شداد","","","",""
"E478","أدب وفنون","سهل","عائلة","عائلة «عنترة» مع E161","ما اسم السيرة الشعبية العربية التي تروي بطولات فارس عبسيّ وحبّه لابنة عمه؟","سيرة عنترة","","","",""
"H199","أدب وفنون","صعب","عائلة","جوابه دوستويفسكي كـH065 بلا عائلة مشتركة — عائلة «دوستويفسكي»","من مؤلف رواية الإخوة كارامازوف؟","فيودور دوستويفسكي","","","",""
"H065","أدب وفنون","صعب","عائلة","عائلة «دوستويفسكي» مع H199","من مؤلف رواية الجريمة والعقاب؟","دوستويفسكي","","","",""
"M063","أدب وفنون","متوسط","عائلة","ADM2193 (حضارات قديمة) جوابه «الإلياذة والأوديسّة» — عائلة «هوميروس»","ما اسم الملحمة الإغريقية التي كتبها هوميروس عن حرب طروادة؟","الإلياذة","","","",""
"ADM1496","إسلامي","تعجيزي","خطأ واقعة","«المتّفق عليها» خطأ: العدد مختلفٌ فيه بين المذاهب (11 عند المالكيّة، 14 عند الشافعيّة والحنفيّة بعدٍّ مختلف، 15 رواية عن أحمد). الأسلم تقييده بالمصحف — تحقّق من العدد","كم عدد سجدات التلاوة المتّفق عليها في القرآن؟","أربع عشرة","كم عدد مواضع سجود التلاوة المعلَّمة في مصحف المدينة النبويّة؟","خمس عشرة","",""
"H399","إسلامي","صعب","خطأ واقعة","مشكوك: المشهور في كتب الأوائل أنّ أوّل من كتب «بسم الله الرحمن الرحيم» سليمان عليه السلام (سورة النمل) — راجِع أو احذف «أوّل»","من أول من كتب «بسم الله الرحمن الرحيم» في صدر الرسائل؟","النبي صلى الله عليه وسلم","","","",""
"H402","إسلامي","صعب","خطأ واقعة","مشكوك: الأشهر عند الجمهور أنّ آخر آية نزلت «واتّقوا يوماً تُرجعون فيه إلى الله» (البقرة 281)؛ «آية الربا» رواية عن ابن عبّاس","ما اسم آخر آية نزلت من القرآن على أرجح الأقوال؟","آية الربا في سورة البقرة","","«واتّقوا يوماً تُرجعون فيه إلى الله» (البقرة 281)","",""
"ADM6264","إسلامي","سهل","حجب","تافه: الإقامة يعرفها كلّ مسلم بلا تفكير","ما اسم النداء الثاني الذي يُرفع قُبيل بدء الصلاة مباشرة؟","الإقامة","","","",""
"ADM7317","إسلامي","سهل","حجب","تافه: الاسترجاع يعرفه كلّ حاضر","ماذا يقول المسلم إذا بلغه خبر وفاةٍ أو مصيبة؟","إنّا لله وإنّا إليه راجعون","","","",""
"ADM7320","إسلامي","سهل","حجب","تافه","ما الذكر الذي يُقال عند رؤية ما يُعجب اتّقاءً للعين؟","ما شاء الله تبارك الله","","","",""
"ADM7324","إسلامي","سهل","حجب","تافه: «سبحان ربّي العظيم» بديهيّ لكلّ مصلٍّ","ماذا يقول المصلّي في ركوعه؟","سبحان ربّي العظيم","","","",""
"ADM6263","إسلامي","سهل","حجب","مكرّر مع ADM4083 (الفقه) الذي يسرد «الأشهر الأربعة» في نصّه","كم عدد الأشهر الحُرُم في السنة الهجريّة؟","أربعة","","","",""
"E233","إسلامي","سهل","حجب","تافه: 99 اسماً بديهيّ","كم عدد أسماء الله الحسنى؟","تسعة وتسعون اسمًا","","","",""
"E423","إسلامي","سهل","حجب","مكرّر مع ADM3354 (الفقه): «صلاة الجنازة بأربع تكبيرات» الواقعة نفسها","كم عدد التكبيرات في صلاة الجنازة؟","أربع تكبيرات","","","",""
"E421","إسلامي","سهل","حجب","مكرّر مع ADM3378 و ADM3352 (الفقه): رمي الجمرات","ما اسم الشعيرة التي يؤدّيها الحاجّ في منى برمي الحصى؟","رمي الجمرات","","","",""
"ADM2914","إسلامي","تعجيزي","صياغة","السؤال يكشف جواب H044 (أبو بكر أوّل من جمع القرآن) في الفئة نفسها","في أيّ معركةٍ استُشهد كثيرٌ من حفظة القرآن فدفع ذلك أبا بكر إلى جمعه في مصحف؟","اليمامة","في أيّ معركةٍ استُشهد كثيرٌ من حفظة القرآن فكانت سبب جمعه في مصحفٍ واحد؟","","",""
"ADM7316","إسلامي","سهل","صياغة","تافه بصيغته الحاليّة؛ السؤال المقابل يحتاج لحظة تفكير","ماذا يقول المسلم لأخيه إذا عطس فحمد الله؟","يرحمك الله","إذا قيل للعاطس «يرحمك الله» — فبماذا يردّ؟","يهديكم الله ويُصلح بالكم","",""
"ADM7321","إسلامي","سهل","صياغة","تافه بصيغته الحاليّة؛ الذكر الذي يتمّ به المئة يحتاج تفكيراً","بعد الصلاة يُقال «سبحان الله» و«الحمد لله» ثلاثاً وثلاثين — وما الذكر الثالث؟","الله أكبر","بعد التسبيح والتحميد والتكبير ثلاثاً وثلاثين — ما الذكر الذي يُتمّ به المئة؟","لا إله إلا الله وحده لا شريك له، له الملك وله الحمد وهو على كلّ شيء قدير","",""
"E417","إسلامي","سهل","صياغة","التمر بديهيّ؛ ما بعده يحتاج تفكيراً","بأي شيء يُستحبّ أن يفطر الصائم اقتداءً بالسنّة؟","التمر","إن لم يجد الصائم رُطَباً ولا تمراً — فبماذا يُفطر اقتداءً بالسنّة؟","الماء","",""
"E053","إسلامي","سهل","صياغة","عدد الأشواط مكشوف في نصّ ADM3359 (الفقه: «يسعى فيه… سبعة أشواط»)","كم عدد أشواط السعي بين الصفا والمروة؟","سبعة","من أيّ الجبلين يبدأ الساعي أشواط السعي؟","الصفا","",""
"H156","إسلامي","صعب","صياغة","«أوّل مسجد جامع في أفريقيا» يتعارض مع ADM3233 (مسجد الصحابة في مصوّع)؛ التقييد بمصر يُصلحه","ما أول مسجد جامع بُني في أفريقيا؟","جامع عمرو بن العاص","ما أوّل مسجدٍ جامعٍ بُني في مصر؟","","",""
"H328","إسلامي","صعب","صياغة","جوابان: الجمع بين الهجرتين (الحبشة والمدينة) لعدد من الصحابة كعثمان وأبي سلمة","من الصحابي الذي جمع بين الهجرتين إلى الحبشة والمدينة؟","جعفر بن أبي طالب","من الصحابيّ الذي تكلّم باسم المهاجرين أمام النجاشيّ وقرأ عليه صدر سورة مريم؟","","",""
"ADM2905","إسلامي","تعجيزي","مستوى","«المذهب الظاهريّ» في السؤال يكشف «الظاهري» اشتقاقاً، وسؤال «إمام المذهب» (المؤسّس) ممنوع في التعجيزي","من إمام المذهب الظاهريّ الذي يأخذ بظاهر النصوص ويردّ القياس؟","داود الظاهري","من الإمام الذي ردّ القياس وأخذ بحرفيّة النصوص، ثمّ أحيا ابنُ حزمٍ مذهبه في الأندلس؟","داود بن عليّ الأصفهانيّ (الظاهريّ)","صعب",""
"ADM2908","إسلامي","تعجيزي","مستوى","عام الرمادة مشهور — ليس تعجيزيّاً","بأيّ اسمٍ عُرف عام القحط الشديد في خلافة عمر بن الخطاب؟","عام الرمادة","","","صعب",""
"ADM7328","إسلامي","تعجيزي","مستوى","باب الريّان يعرفه أكثر المسلمين — ليس تعجيزيّاً","ما اسم باب الجنّة المخصّص للصائمين؟","الريّان","","","متوسط",""
"ADM7330","إسلامي","تعجيزي","مستوى","رضوان خازن الجنّة معروف للعامّة","ما اسم الملَك خازن الجنّة في المشهور؟","رضوان","","","سهل",""
"ADM7331","إسلامي","تعجيزي","مستوى","الفردوس أعلى الجنّة معروف للعامّة","ما اسم أعلى درجات الجنّة التي أوصى النبيّ ﷺ أن نسألها؟","الفردوس","","","متوسط",""
"ADM7332","إسلامي","تعجيزي","مستوى","منكر ونكير معروفان للعامّة","ما اسم الملَكين اللذين يسألان الميت في قبره؟","منكر ونكير","","","سهل",""
"H037","إسلامي","صعب","مستوى","الموطّأ لمالك ثقافة عامّة لمتعلّم","من مؤلف كتاب الموطأ؟","الإمام مالك","","","متوسط",""
"M092","إسلامي","متوسط","مستوى","حمزة أسد الله يعرفه أكثر البالغين","من الصحابي الملقب بأسد الله؟","حمزة بن عبد المطلب","","","سهل",""
"M670","إسلامي","متوسط","مستوى","صالح وثمود سهل","ما اسم النبي الذي أُرسل إلى قوم ثمود؟","صالح عليه السلام","","","سهل",""
"","إسلامي","تعجيزي","بديل","بديل تعجيزي: عبارة مشهورة وصاحبها مجهول — الخليّة عند 30 وخرج منها 6","","","«رويدك، رفقاً بالقوارير» — قالها النبيّ صلى الله عليه وسلم لغلامٍ كان يحدو بالإبل وعليها النساء. ما اسم الغلام؟","أنجشة","",""
"","إسلامي","تعجيزي","بديل","بديل تعجيزي: تفصيل خلف حديث مشهور — الخليّة عند 30 وخرج منها 6","","","«يا أبا عُمير، ما فعل النُّغَير؟» — ما كان «النُّغَير» الذي سأل عنه النبيّ صلى الله عليه وسلم الطفل؟","طائرٌ صغير (عصفور) كان يلعب به فمات","",""
"","إسلامي","تعجيزي","بديل","بديل تعجيزي — الخليّة عند 30 وخرج منها 6 ⚠ الجواب قائم في ADM4476 — عائلة أو استبدال","","","مولى النبيّ صلى الله عليه وسلم حمل متاع الصحابة في سفرٍ فقال له النبيّ «أنت …» فغلب عليه اللقب — ما هو؟","سفينة","",""
"","إسلامي","تعجيزي","بديل","بديل تعجيزي — الخليّة عند 30 وخرج منها 6","","","ما الدابّة التي أمر النبيّ صلى الله عليه وسلم بقتلها وجعل لمن قتلها في الضربة الأولى مئة حسنة؟","الوزغ (البُرص)","",""
"","إسلامي","تعجيزي","بديل","بديل تعجيزي: تفصيل خلف شيء مشهور — الخليّة عند 30 وخرج منها 6 ⚠ الجواب قائم في ADM3518،ADM1977 — عائلة أو استبدال","","","«اثبت فإنّما عليك نبيٌّ وصدّيقٌ وشهيدان» — قالها النبيّ صلى الله عليه وسلم لأيّ جبلٍ ارتجف تحته؟","أُحُد","",""
"","إسلامي","تعجيزي","بديل","بديل تعجيزي — الخليّة عند 30 وخرج منها 6","","","ما «ذات أنواط» التي طلب بعض حديثي الإسلام مثلها في طريقهم إلى حنين؟","شجرة يعلّق عليها المشركون أسلحتهم تبرّكاً","",""
"","إسلامي","سهل","بديل","بديل سهل؛ عائلة «الملائكة» مع ADM6265 (إسرافيل) — الخليّة 30: حُجب 8 ودخلها 4 بالمستوى","","","ما اسم الملَك الموكَّل بقبض الأرواح؟","ملك الموت (ويُشتهر بعزرائيل)","",""
"","إسلامي","سهل","بديل","بديل سهل — الخليّة 30: حُجب 8 ودخلها 4 بالمستوى","","","ما الكتاب السماويّ الذي أُنزل على عيسى عليه السلام؟","الإنجيل","",""
"","إسلامي","سهل","بديل","بديل سهل — الخليّة 30: حُجب 8 ودخلها 4 بالمستوى","","","كم صلاةً فُرضت على النبيّ صلى الله عليه وسلم ليلة المعراج قبل أن تُخفَّف إلى خمس؟","خمسون","",""
"","إسلامي","سهل","بديل","بديل سهل — الخليّة 30: حُجب 8 ودخلها 4 بالمستوى ⚠ الجواب قائم في ADM5036 — عائلة أو استبدال","","","ما أوّل شهرٍ في السنة الهجريّة؟","محرّم","",""
"ADM4121","إسلامي","تعجيزي","عائلة","«السفيانان» والسفيان الثوري جواب ADM4118؛ ومع ADM4109 و ADM4087 (الشيخان) قالب لقب مثنّى — عائلة «ألقاب مثنّاة»","من «السفيانان» عند علماء الحديث؟","سفيان الثوري وسفيان بن عيينة","","","",""
"H153","إسلامي","صعب","عائلة","مع ADM3529 (السيرة: عدد أبنائه ذكوراً وإناثاً) — عائلة «أبناء النبي» ‖ عائلة «أبناء النبي» مع ADM3529 وADM3515 — عدد الأبناء والبنات يكشف المجموع","كم عدد أبناء النبي صلى الله عليه وسلم من الذكور؟","ثلاثة","","","",""
"M601","إسلامي","متوسط","عائلة","ابن عبّاس جواب ADM3183 (الصحابة) — ضع عائلة «ابن عباس»","ما اسم الصحابي الذي كان يُلقّب بحبر الأمة؟","عبدالله بن عباس","","","",""
"M676","إسلامي","متوسط","عائلة","مع ADM3346 (الفقه: تكبيرات الركعة الثانية) — عائلة «تكبيرات العيد»","كم عدد التكبيرات في صلاة العيد في الركعة الأولى؟","سبع تكبيرات","","","",""
"ADM4109","إسلامي","متوسط","عائلة","مع ADM4087 (الفقه: «الشيخان» عند الشافعية) — القالب نفسه؛ عائلة «الشيخان»","من «الشيخان» عند علماء الحديث؟","البخاري ومسلم","","","",""
"M257","إسلامي","متوسط","عائلة","عائلة «ثمانية» مع ADM2416 وADM2497 — أعداد دينيّة جوابها 8","كم عدد أبواب الجنة؟","ثمانية","","","",""
"ADM1485","إسلامي","تعجيزي","عائلة","عائلة «أربع» مع ADM3577 وADM3515","كم مرّةً ورد اسم «محمد» في القرآن الكريم؟","أربع","","","",""
"ADM7325","إسلامي","متوسط","عائلة","عائلة «المغرب»","في أيّ بلدٍ يقع مسجد الحسن الثاني المطلّ على المحيط الأطلسيّ؟","المغرب","","","",""
"ADM5567","أعلام دول","سهل","عائلة","اقتراح عائلة «ماليزيا»: الجواب نفسه في ADM8635 بلا عائلة ‖ عائلة جديدة «ماليزيا» مع ADM8635","علم أيّ دولة هذا؟","ماليزيا","","","",""
"ADM5570","أعلام دول","سهل","عائلة","اقتراح عائلة «المغرب»: الجواب في ADM5269/ADM3665 بعائلة المغرب ‖ عائلة «المغرب»","علم أيّ دولة هذا؟","المغرب","","","",""
"ADM5571","أعلام دول","سهل","عائلة","اقتراح عائلة «تونس»: الجواب في M230 وADM4244 بلا عائلة مشتركة ‖ عائلة «تونس» — ادمج «عقبة بن نافع» و«قرطاج» فيها","علم أيّ دولة هذا؟","تونس","","","",""
"ADM1684","أغاني وطرب","تعجيزي","خطأ واقعة","مشكوك: لقب «مطرب الخليج الأوّل» لعوض دوخي غير موثّق عندي","بأيّ لقبٍ عُرف الفنّان الكويتيّ عوض دوخي؟","مطرب الخليج الأوّل","","","",""
"ADM1685","أغاني وطرب","تعجيزي","خطأ واقعة","مشكوك: «صوت الخليج» اسم فنّ لا أغنية؛ أوّل تسجيلات خليجيّة لعبداللطيف الكويتي","ما اسم أوّل أغنيةٍ خليجيّة سُجّلت على أسطوانة؟","صوت الخليج","","","",""
"ADM0803","أغاني وطرب","صعب","خطأ واقعة","مشكوك: الشائع ثمانية مقامات رئيسيّة، وبعضهم يعدّها تسعة — جوابان","كم عدد المقامات الرئيسية التي تتفرّع عنها بقية المقامات العربية؟","تسعة","","","",""
"ADM0805","أغاني وطرب","صعب","خطأ واقعة","مشكوك: اسم الأغنية وسنة اللقب غير مؤكّدين","ما اسم الأغنية التي نال بها عبد الكريم عبد القادر لقبه سنة 1988؟","أجر الصوت","","","",""
"ADM0822","أغاني وطرب","صعب","خطأ واقعة","لقب بدر بن عبدالمحسن «مهندس الكلمة»","ما اللقب الذي اشتُهر به الأمير بدر بن عبد المحسن؟","فارس الكلمة","","مهندس الكلمة","",""
"ADM0811","أغاني وطرب","متوسط","خطأ واقعة","السنطور يُعزف بمطرقتين لا بالأصابع","ماذا تُسمّى الآلة الوترية الصندوقية التي تُشبه القانون وتُعزف بالأصابع في تركيا وإيران؟","السنطور","ماذا تُسمّى الآلة الوتريّة الصندوقيّة الشبيهة بالقانون التي تُعزف بمطرقتين صغيرتين في إيران والعراق؟","","",""
"ADM0814","أغاني وطرب","متوسط","خطأ واقعة","الغناء بلا آلات اسمه «أكابيلا»؛ «إنشاد» ليس المصطلح","ماذا يُسمّى غياب المصاحبة الموسيقية عن النشيد فيُؤدّى بالأصوات وحدها؟","إنشاد","ماذا يُسمّى الغناء بالأصوات وحدها بلا أيّ مصاحبة موسيقيّة؟","أكابيلا","",""
"ADM6464","أغاني وطرب","تعجيزي","حجب","مكرّر مع ADM0774 وبلقب خاطئ: لقبه «الصوت الجريح»","ما لقب الفنّان الكويتيّ عبدالكريم عبدالقادر؟","صوت الحزن","","","",""
"ADM0723","أغاني وطرب","سهل","حجب","«فنّ الصوت» مذكور نصّاً في ADM0730 وADM0783 وADM0827 وغيرها؛ والسؤال يكشف «المرواس» جواب ADM0730","ما اسم القالب الغنائي التراثي الذي ازدهر في الكويت والبحرين ويُؤدّى بالعود والمرواس؟","الصوت","","","",""
"ADM0771","أغاني وطرب","متوسط","حجب","الجواب مكشوف في نصّ سؤال آخر: الاسم مذكور في ADM0853 وADM0859","من أوّل مطرب كويتي سجّل أغانيه على الأسطوانات؟","عبد اللطيف الكويتي","","","",""
"ADM0773","أغاني وطرب","متوسط","حجب","الجواب مكشوف في نصّ سؤال آخر: الاسم مذكور في ADM0822 وADM0823 وADM0862","من الشاعر السعودي من الأسرة الحاكمة الذي كتب كلمات كثير من أغاني محمد عبده وطلال مداح؟","بدر بن عبد المحسن","","","",""
"ADM0775","أغاني وطرب","متوسط","حجب","الجواب مكشوف في نصّ سؤال آخر: الاسم مذكور في ADM0854–ADM0856","من صاحب لحن النشيد الوطني السعودي؟","طارق عبد الحكيم","","","",""
"ADM0778","أغاني وطرب","متوسط","حجب","الجواب مكشوف في نصّ سؤال آخر: «زرياب» مذكور في ADM0835 وADM0836","من الموسيقيّ الأندلسي الذي يُنسب إليه إضافة الوتر الخامس إلى العود؟","زرياب","","","",""
"ADM0783","أغاني وطرب","متوسط","حجب","الجواب مكشوف في نصّ سؤال آخر: ADM0857 يصفه بالعبارة نفسها «الشاعر والموسيقي الكويتي عبد الله الفرج»","من الشاعر والموسيقي الكويتي الذي يُنسب إليه ابتكار فن الصوت؟","عبد الله الفرج","","","",""
"ADM0787","أغاني وطرب","متوسط","حجب","الجواب مكشوف في نصّ سؤال آخر: ADM0866 يقول «الملحّن البحريني محمد بن فارس»","من الملحّن البحريني الذي يُعدّ رائد فنّ الصوت الأوّل في بلاده؟","محمد بن فارس","","","",""
"ADM0727","أغاني وطرب","متوسط","حجب","الجواب مكشوف في نصّ سؤال آخر: «أسمهان» مذكورة في ADM0777 وADM0841 وADM0842 وADM0851","من الشقيقة المطربة للموسيقار فريد الأطرش؟","أسمهان","","","",""
"ADM0782","أغاني وطرب","متوسط","حجب","الجواب مكشوف في نصّ سؤال آخر: «شادي الخليج» مذكور في ADM0833","ما اسم الفنان الكويتي صاحب الأغاني الوطنيّة والألحان التراثيّة، واسمه الحقيقيّ عبدالعزيز المفرج؟","شادي الخليج","","","",""
"ADM0800","أغاني وطرب","متوسط","حجب","مكشوف: ADM0821 يذكر 1963 وADM0864 يذكر 1960","في أيّ عقد من القرن العشرين بدأ محمد عبده مسيرته الفنّية؟","الستينيات","","","",""
"ADM0810","أغاني وطرب","متوسط","حجب","ليس غناءً، والجواب مذكور في ADM0731 وADM0750 («رحلات الغوص»)","ما اسم الرحلة البحرية الطويلة التي كان يخرج فيها أهل الكويت لصيد اللؤلؤ ورافقها غناء خاصّ؟","الغوص","","","",""
"ADM6473","أغاني وطرب","تعجيزي","صياغة","الجواب مشتقّ من السؤال («الجربة» = القربة)","ما الآلة الشعبيّة الخليجيّة التي يُنفخ فيها وتُعرف بـ«الهبّان» أو «الجربة»؟","القربة","ما الاسم الخليجيّ لآلة القربة الشعبيّة التي يُنفخ فيها؟","الهبّان","",""
"ADM0750","أغاني وطرب","سهل","صياغة","يلتبس بـADM0731 (الفجري) — جوابان","ما اسم فنّ الغناء البحري الكويتي المرتبط برحلات الغوص والسفر؟","النهمة","ماذا يُسمّى المغنّي الذي يُطرب البحّارة على ظهر سفينة الغوص؟","النهّام","",""
"ADM0741","أغاني وطرب","سهل","صياغة","الوصف ينطبق على الطار (جواب ADM6468) — جوابان","ما اسم الآلة الإيقاعية الدائرية المشدود عليها جلد وتُضرب بالكفّ؟","الدفّ","","الدفّ (الطار)","",""
"ADM0846","أغاني وطرب","صعب","صياغة","مشكوك وذاتيّ: الحجاز والصبا يُوصفان كذلك — جوابان محتملان","أيّ مقام عربي يُوصف بأنّه الأكثر ارتباطاً بالأجواء الروحية؟","البيات","","","",""
"ADM0867","أغاني وطرب","صعب","صياغة","مشكوك: «شيخ الملحّنين» يُطلق على زكريا أحمد","من الملحّن المصري الكفيف الذي لُقّب بـ«شيخ الملحّنين» ولحّن «المسحراتي»؟","سيد مكاوي","من الملحّن المصريّ الكفيف الذي لحّن «المسحراتي» و«الليلة الكبيرة»؟","","",""
"ADM6471","أغاني وطرب","تعجيزي","مستوى","ليس تعجيزيّاً: BTS يعرفها الجميع","ما اسم الفرقة الكوريّة السباعيّة الأشهر في العالم؟","بي تي إس (BTS)","","","سهل",""
"ADM7265","أغاني وطرب","تعجيزي","مستوى","ليس تعجيزيّاً: إلفيس مشهور جداً","من المغنّي الملقّب «ملك الروك آند رول»؟","إلفيس بريسلي","","","متوسط",""
"ADM7266","أغاني وطرب","تعجيزي","مستوى","ليس تعجيزيّاً: واكا واكا مشهورة","ما اسم أغنية شاكيرا الرسميّة لكأس العالم في جنوب أفريقيا؟","واكا واكا","","","متوسط",""
"ADM6467","أغاني وطرب","تعجيزي","مستوى","ليس تعجيزيّاً: ثريلر ثقافة عامّة","ما الألبوم الأكثر مبيعاً في تاريخ الموسيقى؟","ثريلر (مايكل جاكسون)","","","متوسط",""
"ADM6466","أغاني وطرب","تعجيزي","مستوى","ليس تعجيزيّاً: الشحرورة لقب شائع","ما لقب الفنّانة اللبنانيّة صباح؟","الشحرورة","","","متوسط",""
"ADM7264","أغاني وطرب","تعجيزي","مستوى","ليس تعجيزيّاً: سلطان الطرب لقب شائع","بأيّ لقبٍ يُنادى المطرب جورج وسوف؟","سلطان الطرب","","","متوسط",""
"ADM7262","أغاني وطرب","تعجيزي","مستوى","ليس تعجيزيّاً: غانغنام ستايل ظاهرة عامّة","ما اسم المغنّي الكوريّ صاحب «غانغنام ستايل»؟","ساي (PSY)","","","متوسط",""
"ADM7268","أغاني وطرب","تعجيزي","مستوى","ليس تعجيزيّاً: كولدبلاي مشهورة","ما اسم الفرقة البريطانيّة صاحبة «Yellow» و«Viva la Vida»؟","كولدبلاي","","","متوسط",""
"","أغاني وطرب","تعجيزي","بديل","بديل لما خرج من الخليّة (حجب ADM6464 + 8 نقل مستوى)","","","ما أوّل أغنيةٍ لحّنها بليغ حمدي لأمّ كلثوم؟","حبّ إيه","",""
"","أغاني وطرب","تعجيزي","بديل","بديل لما خرج من الخليّة (حجب ADM6464 + 8 نقل مستوى)","","","ما اسم الفرقة الأمريكيّة صاحبة أغنية «Hotel California»؟","إيغلز (Eagles)","",""
"","أغاني وطرب","تعجيزي","بديل","بديل لما خرج من الخليّة (حجب ADM6464 + 8 نقل مستوى)","","","ما اسم الألبوم الذي يُظهر غلافه الشهير أربعة موسيقيين يعبرون ممرّ مشاة في لندن؟","آبي رود (Abbey Road)","",""
"","أغاني وطرب","تعجيزي","بديل","بديل لما خرج من الخليّة (حجب ADM6464 + 8 نقل مستوى)","","","من صاحب أغنية «Imagine» الذي اغتيل في نيويورك سنة 1980؟","جون لينون","",""
"","أغاني وطرب","تعجيزي","بديل","بديل لما خرج من الخليّة (حجب ADM6464 + 8 نقل مستوى)","","","من المغنّي الرئيسيّ لفرقة «رولينغ ستونز»؟","ميك جاغر","",""
"","أغاني وطرب","تعجيزي","بديل","بديل لما خرج من الخليّة (حجب ADM6464 + 8 نقل مستوى)","","","في أيّ أغنيةٍ قدّم مايكل جاكسون رقصة «المشي على القمر» أوّل مرّة؟","بيلي جين (Billie Jean)","",""
"","أغاني وطرب","تعجيزي","بديل","بديل لما خرج من الخليّة (حجب ADM6464 + 8 نقل مستوى) ⚠ الجواب قائم في ADM5061 — عائلة أو استبدال","","","في أيّ مدينةٍ لبنانيّة غنّت فيروز بين أعمدة المعابد الرومانيّة في مهرجاناتها الشهيرة؟","بعلبك","",""
"","أغاني وطرب","تعجيزي","بديل","بديل لما خرج من الخليّة (حجب ADM6464 + 8 نقل مستوى)","","","ما اسم الفرقة الإيرلنديّة التي يقودها المغنّي «بونو»؟","يو تو (U2)","",""
"","أغاني وطرب","تعجيزي","بديل","بديل لما خرج من الخليّة (حجب ADM6464 + 8 نقل مستوى)","","","ما اسم الفرقة البريطانيّة صاحبة أغنية «Wonderwall»؟","أويسس (Oasis)","",""
"ADM0824","أغاني وطرب","صعب","عائلة","وفاة طلال مداح على المسرح — عائلة مع ADM0784","ما اسم المسرح الذي توفّي عليه طلال مداح؟","المفتاحة","","","",""
"ADM1647","أكلات","تعجيزي","خطأ واقعة","مشكوك: نسبة الكرواسون للنمسا تقوم على الكيبفرل وحكاية فيينا 1683 وهي أسطورة؛ الكرواسون بشكله الحالي فرنسيّ","أيّ دولةٍ أوروبيّة يُنسب إليها ابتكار الكرواسون رغم شهرته الفرنسيّة؟","النمسا","أيّ دولةٍ أوروبيّة جاء منها خبز «الكيبفرل» الهلاليّ الذي تطوّر عنه الكرواسون الفرنسيّ؟","النمسا","",""
"ADM1648","أكلات","تعجيزي","خطأ واقعة","خطأ: الشوكة لم تُخترع في بيزنطة (عُرفت قبلها في مصر والصين وروما)، وبيزنطة ليست بلداً؛ الصحيح أنّها وصلت إيطاليا من بيزنطة","في أيّ بلدٍ اختُرعت الشوكة قبل أن تصل أوروبا؟","بيزنطة","من أيّ إمبراطوريّةٍ وصلت شوكة الطعام إلى إيطاليا ومنها إلى أوروبا؟","بيزنطة (الإمبراطوريّة البيزنطيّة)","",""
"ADM1649","أكلات","تعجيزي","خطأ واقعة","مشكوك: دفع أجور الجنود ملحاً في روما رواية شائعة بلا سند قويّ، وهي في جوهرها أصل كلمة salary (ممنوع في التعجيزي)","ماذا كان الملح يُستعمل ثمناً له في روما القديمة؟","أجور الجنود","","","",""
"ADM1653","أكلات","تعجيزي","خطأ واقعة","مشكوك: التدريب على الفوغو غالباً سنتان إلى ثلاث ثمّ امتحان، وليس رقماً ثابتاً؛ ويكشف جواب ADM1652 (الفوغو)","كم سنةً يحتاج طاهي الفوغو ليُرخَّص له؟","ثلاث","كم سنةً تقريباً يتدرّب الطاهي في اليابان قبل أن يُرخَّص له بإعداد السمكة السامّة المنتفخة؟","ثلاث سنوات تقريباً (2–3)","",""
"ADM0016","أكلات","سهل","خطأ واقعة","خطأ: المسكوف لا يُحشى؛ يُشقّ السمك من ظهره ويُشوى مفتوحاً","ما الطبق العراقي الذي يُحشى فيه السمك ويُشوى مفتوحاً قرب النار؟","المسكوف","ما الطبق العراقيّ الذي يُشقّ فيه السمك من ظهره ويُشوى مفتوحاً حول النار؟","المسكوف","",""
"ADM0056","أكلات","سهل","خطأ واقعة","مشكوك: زنود الست حلوى شاميّة أساساً لا عراقيّة","ما الحلوى العراقية المصنوعة من لفائف عجين مقلية محشوة بالقشطة؟","زنود الست","ما الحلوى الشاميّة من لفائف عجين مقليّة محشوّة بالقشطة؟","زنود الست","",""
"ADM0061","أكلات","سهل","خطأ واقعة","خطأ: كبة حامض كرات من عجين الأرز لا مسطّحة (المسطّحة كبة الموصل ADM0119)","ما الكبة العراقية المسطحة التي تُحشى وتُطهى في المرق؟","كبة حامض","ما الكبة العراقيّة المصنوعة من عجين الأرز، تُطهى كراتٍ في مرقٍ حامض بالخضار؟","كبة حامض","",""
"ADM0215","أكلات","صعب","خطأ واقعة","مشكوك: «المقديد» لا أعرفه لحماً عُمانيّاً؛ القديد مغاربيّ — تحقّق","ما اسم اللحم العُماني المجفف المتبل الذي يُحفظ لفترات طويلة؟","المقديد","","","",""
"ADM0218","أكلات","صعب","خطأ واقعة","مشكوك: السويق دقيق شعير/حنطة محمّص يُشرب، لا «حلوى المدينة» بالتمر والسمن — تحقّق","ما اسم حلوى المدينة المصنوعة من الدقيق والتمر والسمن وتُقدّم ساخنة؟","السويق","","","",""
"ADM0221","أكلات","صعب","خطأ واقعة","مشكوك: الخبز اليمنيّ الذي يُصبّ سائلاً على الصاج هو اللحوح؛ الخمير خبز مخمّر مختلف — تحقّق","ما اسم الخبز الحضرمي الرقيق الذي يُصب سائلاً على الصاج؟","الخمير","","","",""
"ADM0234","أكلات","صعب","خطأ واقعة","مشكوك: السماقيّة الغزّيّة أساسها السماق والسلق والطحينة والحمّص؛ الشبت والفلفل والعدس لا تصفها — تحقّق","ما اسم الطبق الغزّي الحار المصنوع من الشبت والفلفل والعدس؟","السماقية","","","",""
"ADM0002","أكلات","متوسط","خطأ واقعة","خطأ: العريكة طبق جنوبيّ (عسير وجازان) لا حجازيّ","ما الطبق الحجازيّ من عجين البرّ المفروم الذي يُقدَّم بالسمن والعسل؟","العريكة","ما الطبق الجنوبيّ في السعوديّة من عجين البرّ المفروك يُقدَّم بالسمن والعسل؟","العريكة","",""
"ADM0149","أكلات","متوسط","خطأ واقعة","مشكوك: كسكسي السمك التونسيّ يُطبخ غالباً بالمناني والقرنيط لا السردين — تحقّق","ما السمك الصغير الذي يكثر استخدامه في طبق الكسكسي التونسي الساحلي؟","السردين","","","",""
"ADM0232","أكلات","متوسط","خطأ واقعة","مشكوك: أصل الكنافة متنازع (الشام/مصر/تركيا)؛ نابلس أشهرها لا أصلها المؤكّد","أي مدينة فلسطينية ارتبط اسمها بأصل الكنافة ؟","نابلس","أيّ مدينةٍ فلسطينيّة تشتهر بالكنافة النابلسيّة بالجبن؟","نابلس","",""
"ADM1640","أكلات","تعجيزي","حجب","«ممّ اشتُقّ الاسم» ممنوع في التعجيزي، والاشتقاق من كفا مشكوك (قهوة عربيّة)","ما اسم المنطقة الإثيوبيّة التي أخذ البنّ اسمه منها؟","كفا","","","",""
"ADM0030","أكلات","سهل","حجب","تافه، و«الفول» في السؤال نفسه","ما الأكلة المصرية المصنوعة من الفول المطهو ببطء والمتبل بالكمون والليمون؟","الفول المدمس","","","",""
"ADM0032","أكلات","سهل","حجب","تافه، والسؤال يكاد يذكر الجواب («يُعرف بالفلافل»)","ما الطعام المصري المقلي المصنوع من الفول المدشوش ويُعرف في بلاد أخرى بالفلافل؟","الطعمية","","","",""
"ADM0067","أكلات","سهل","حجب","تافه (الطحينة في الحمّص)","ما العجينة المصنوعة من بذور السمسم المطحونة وتدخل في الحمص؟","الطحينة","","","",""
"ADM0111","أكلات","سهل","حجب","مكرّر مع ADM0059 (المعصوب بالموز) — الواقعة نفسها","ما الفاكهة التي تُهرس مع الخبز في المعصوب الحجازي؟","الموز","","","",""
"ADM0156","أكلات","سهل","حجب","تافه (القطر على الكنافة)","ما الشراب السكري الذي يُسكب على الكنافة والبقلاوة؟","القطر","","","",""
"ADM0157","أكلات","سهل","حجب","تافه (الفستق على الحلويات الشاميّة)","ما المكسرات الخضراء التي تزين كثيراً من الحلويات الشامية؟","الفستق الحلبي","","","",""
"ADM0167","أكلات","سهل","حجب","تافه، والمعمول والتمر في ADM0055","ما الحشو الأشهر للمعمول؟","التمر","","","",""
"ADM1643","أكلات","صعب","حجب","مكرّر مع ADM1650 (كوبي لواك من فضلات الزبّاد)، وسؤاله يكشف الجواب","من أيّ حيوانٍ يُستخرج أغلى أنواع القهوة في العالم؟","الزباد","","","",""
"ADM0283","أكلات","صعب","حجب","مكرّر مع ADM0178 (الباكالاو سمك القدّ المملّح)","ما معنى باكالاو في المطبخ البرتغالي؟","سمك القد المملح المجفف","","","",""
"ADM0112","أكلات","متوسط","حجب","مكرّر مع ADM0012 (السلتة ورغوة الحلبة) — كلٌّ منهما يكشف الآخر","ما الإضافة الرغوية المميزة التي تعلو طبق السلتة اليمني؟","الحلبة المخفوقة","","","",""
"ADM0125","أكلات","متوسط","حجب","تافه، و«الفلفل» في السؤال والجواب","ما الفلفل الذي يمنح المحمرة لونها ونكهتها؟","الفلفل الأحمر","","","",""
"ADM0126","أكلات","متوسط","حجب","تافه (زيت الزيتون في منقوشة الزعتر)","ما المادة الدهنية الأساسية في منقوشة الزعتر التقليدية؟","زيت الزيتون","","","",""
"ADM0142","أكلات","متوسط","حجب","مكرّر مع ADM0037 (الطاجين والإناء المخروطيّ)","ما الوعاء الذي أعطى طبق الطاجين اسمه؟","القدر الفخاري المخروطي","","","",""
"ADM0171","أكلات","متوسط","حجب","يكشفه ADM0069 (التيراميسو يذكر الماسكاربوني نصّاً)","ما الجبن الطري المستخدم في حلوى التيراميسو؟","الماسكاربوني","","","",""
"ADM0189","أكلات","متوسط","حجب","مكرّر مع ADM0083 (حساء الميسو يصف معجون الصويا المخمّر)","ما المعجون الياباني المخمّر المصنوع من فول الصويا؟","الميسو","","","",""
"ADM0202","أكلات","متوسط","حجب","مكرّر مع ADM0098 (الإنجيرا من التيف) — كلٌّ يكشف الآخر","ما الحبوب الدقيقة المستخدمة في خبز الإنجيرا؟","التيف","","","",""
"ADM1636","أكلات","تعجيزي","صياغة","الجواب ناقص وملتبس (السيلانية والكاسيا كلاهما قرفة)","من أيّ لحاء شجرةٍ يُستخرج القرفة؟","السيلانية","ما اسم القرفة الأرخص والأشيع في الأسواق، غير القرفة السيلانيّة «الحقيقيّة»؟","الكاسيا (القرفة الصينيّة)","",""
"ADM7282","أكلات","تعجيزي","صياغة","«نسبةً إلى» سؤال اشتقاق اسم، ممنوع في التعجيزي","بأيّ اسمٍ عُرفت القهوة في أوروبا نسبةً إلى ميناءٍ يمنيّ كانت تُصدَّر منه؟","موكا (المخا)","ما الميناء اليمنيّ على البحر الأحمر الذي كانت القهوة تُصدَّر منه إلى أوروبا قروناً؟","المخا (موكا)","",""
"ADM0008","أكلات","سهل","صياغة","الجواب بالاشتقاق في السؤال (مجروش ← الجريش)","ما الطبق النجدي المصنوع من قمح مجروش يُطبخ مع اللحم واللبن؟","الجريش","ما الطبق النجديّ المصنوع من قمحٍ مدقوقٍ خشناً يُطبخ مع اللحم واللبن؟","الجريش","",""
"ADM0014","أكلات","سهل","صياغة","الجواب بالاشتقاق في السؤال (المعصود ← العصيدة)","ما الطبق السعودي المصنوع من عجين القمح المطهو ثم المعصود مع التمر أو العسل؟","العصيدة","ما الطبق السعوديّ من عجين القمح المطهوّ ثمّ المعجون بالمغرفة حتى يتماسك، ويُقدَّم بالتمر أو العسل؟","العصيدة","",""
"ADM0026","أكلات","سهل","صياغة","الجواب بالاشتقاق في السؤال (يُقلب ← المقلوبة)","ما الطبق الفلسطيني الذي يُقلب من القدر ويجمع الأرز والباذنجان أو الزهرة واللحم؟","المقلوبة","ما الطبق الفلسطينيّ الذي يُطهى فيه الأرز والباذنجان أو الزهرة واللحم في قدرٍ، ثمّ تُكفأ القدر على الصينيّة؟","المقلوبة","",""
"ADM0036","أكلات","سهل","صياغة","الجواب بالاشتقاق (مفتّت ← الفتة) و«السودانية» مكرّرة من السؤال","ما الطبق السوداني المصنوع من خبز رقيق مفتت ومغطى بالمرق؟","الفتة السودانية","ما الطبق السودانيّ من خبزٍ رقيقٍ مقطّعٍ صغيراً يُغمر بالمرق؟","الفتة","",""
"ADM0048","أكلات","سهل","صياغة","الجواب شبه مذكور («حلوى» في السؤال والمدينتان تكشفان «العمانية»)","ما اسم الحلوى الهلاميّة القوام التي تُقدَّم مع القهوة في مسقط ونزوى، وتُنكَّه بالزعفران والهيل وماء الورد؟","الحلوى العُمانية","ما الحلوى الخليجيّة الهلاميّة المطبوخة طويلاً بالسكر والسمن والزعفران والهيل، وتُقدَّم مع القهوة في مسقط؟","الحلوى العمانيّة","",""
"ADM0051","أكلات","سهل","صياغة","الجواب في السؤال تقريباً (المجبوس/المكبوس لفظ واحد)","ما الطبق القطري المصنوع من الأرز واللحم والخضار ويشبه المجبوس؟","المكبوس","ما الطبق الذي يسمّيه القطريّون بالكاف ويطبخونه من الأرز واللحم والبهارات؟","المكبوس","",""
"ADM0052","أكلات","سهل","صياغة","«الجبن» في السؤال والجواب","ما الحلوى الحلبية المصنوعة من الجبن والسميد والمحشوة بالقشطة؟","حلاوة الجبن","ما الحلوى الحمويّة الحلبيّة من عجينة السميد الملفوفة بالقشطة والمرشوشة بالفستق وماء الزهر؟","حلاوة الجبن","",""
"ADM0063","أكلات","سهل","صياغة","جوابان: الباذنجان المهروس بالطحينة يسمّى في الشام «المتبّل» أيضاً","ما اسم طبق الباذنجان المشوي المهروس مع الطحينة والليمون؟","بابا غنوج","","بابا غنوج (المتبّل)","",""
"ADM0085","أكلات","سهل","صياغة","الجواب مكشوف في السؤال («يحمل اسم البلد»)","ما طبق المعكرونة التايلندي المقلي الذي يحمل اسم البلد؟","باد تاي","ما طبق النودلز المقليّ بالبيض والفول السودانيّ الذي يُعدّ أشهر أكلات شوارع تايلند؟","باد تاي","",""
"ADM0209","أكلات","صعب","صياغة","الجواب مترجم في السؤال (كشك + بادمجان = الكشك والباذنجان)","ما اسم الطبق الإيراني من الباذنجان المهروس مع الكشك والنعناع المقلي؟","كشك بادمجان","ما اسم الطبق الإيرانيّ من الباذنجان المهروس مع مصل اللبن المجفّف والنعناع المقليّ؟","كشك بادمجان","",""
"ADM0240","أكلات","صعب","صياغة","الجواب في السؤال («الخبز الشمسي»)","ما اسم الخبز الشمسي الصعيدي الذي يتخمّر ويُخبز تحت الشمس ثم في الفرن؟","العيش الشمسي","ما اسم خبز الصعيد الذي يُترك عجينه ليتخمّر تحت أشعّة الشمس قبل خبزه؟","العيش الشمسي","",""
"ADM0249","أكلات","صعب","صياغة","ناقص: لا يذكر البلد فيحتمل أكثر من معكرونة","ما اسم المعكرونة التقليدية الرقيقة التي تُبخر وتُقدّم بمرق أبيض؟","الرشتة","ما اسم المعكرونة الجزائريّة الرقيقة التي تُبخَّر وتُقدَّم بمرقٍ أبيض بالدجاج؟","الرشتة","",""
"ADM0259","أكلات","صعب","صياغة","جوابان: «القشطة» مذكورة وتصحّ جواباً","ما اسم طبقة القشطة المتكوّنة على سطح الحليب بعد تسخينه ببطء؟","القيمر","ما اسم الطبقة الدسمة التي تتكوّن على سطح حليب الجاموس بعد غليه ببطء، ويأكلها العراقيّون مع الكاهي والدبس؟","القيمر","",""
"ADM0272","أكلات","صعب","صياغة","نصف الجواب في السؤال («نازك»)","ما اسم الطبق التركيّ الذي يُقدَّم فيه اللحم فوق هريس الباذنجان المدخّن باللبن، ويُنسب إلى امرأةٍ اسمها «نازك»؟","علي نازك","ما اسم الطبق التركيّ من الغازي عنتاب الذي يُقدَّم فيه اللحم فوق هريس الباذنجان المدخّن باللبن؟","علي نازك","",""
"ADM0288","أكلات","صعب","صياغة","دوشي هو الحبوب المخمّرة نفسها لا «عمليّة»","ما اسم عملية تخمير فول الصويا لإنتاج الحبوب السوداء المالحة؟","دوشي","ما اسم فول الصويا الأسود المخمّر المملّح المستعمل في الطبخ الصينيّ؟","دوشي","",""
"ADM0295","أكلات","صعب","صياغة","جوابان («الكزبرة أو الريحان»)","ما العشب الذي يميز كثيراً من أطباق الفو عند التقديم؟","الكزبرة أو الريحان التايلندي","ما العشب العطريّ ذو الساق البنفسجيّة الذي يُقدَّم طازجاً مع حساء الفو في جنوب فيتنام؟","الريحان التايلنديّ","",""
"ADM0075","أكلات","متوسط","صياغة","يكشف جواب ADM0278 (البشاميل)","ما الطبق اليوناني المكوّن من طبقات باذنجان ولحم وصلصة بشاميل؟","الموساكا","ما الطبق اليونانيّ من طبقات الباذنجان واللحم المفروم وصلصةٍ بيضاء كثيفة تُخبز في الفرن؟","الموساكا","",""
"ADM0120","أكلات","متوسط","صياغة","جوابان في جواب لسؤال عن «الخضار»","ما الخضار الذي يمنح مرق كبة حامض نكهته الحامضة غالباً؟","السلق مع عصير الليمون","ما الخضار الورقيّ الذي يُطهى في مرق كبة حامض العراقيّة؟","السلق","",""
"ADM0132","أكلات","متوسط","صياغة","الجواب بالاشتقاق («صلصة اللبن» ← لبنيّة)","ما اسم طبق حلب المصنوع من كرات الكبة المطهوة بصلصة اللبن؟","كبة لبنية","ما اسم طبق الكبة الحلبيّ الذي تُطهى فيه الكرات بصلصة الزبادي الساخن؟","كبة لبنية","",""
"ADM0170","أكلات","متوسط","صياغة","يكشف جواب ADM0172 (البيستو)","ما الجبن الذي يدخل تقليدياً في صلصة البيستو مع الريحان؟","البارميزان","ما الجبن الإيطاليّ الذي يُدقّ مع الريحان والصنوبر والثوم في صلصة جنوة الخضراء؟","البارميزان","",""
"ADM0187","أكلات","متوسط","صياغة","الوصف للدامبلنغ (ADM0081) لا للديم سم؛ جوابان","ما العجين الصغير المطهو بالبخار والمحشو ويشتهر في مطبخ كانتون؟","ديم سم","ما اسم وجبة المقبّلات الصغيرة الكانتونيّة التي تُقدَّم في سلال الخيزران مع الشاي؟","ديم سم","",""
"ADM2786","أكلات","تعجيزي","مستوى","الإمنتال بثقوبه معروف لمحبّ الأكل؛ ليس نادراً","ما اسم الجبن السويسريّ المشهور بثقوبه الكبيرة؟","الإمنتال","","","صعب",""
"ADM7285","أكلات","تعجيزي","مستوى","الأودون شائع في مطاعم الخليج؛ ليس نادراً","ما اسم النودلز اليابانيّ الأبيض السميك المصنوع من القمح؟","الأودون","","","صعب",""
"ADM0091","أكلات","سهل","مستوى","الفيجوادا غير معروفة لأكثر البالغين هنا","ما الطبق البرازيلي التقليدي المصنوع من الفاصوليا السوداء واللحوم؟","الفيجوادا","","","متوسط",""
"ADM0098","أكلات","سهل","مستوى","الإنجيرا ليست «سهلة»؛ ويكشف ADM0202 (التيف) — انظر حجبه","ما الخبز الإثيوبي الإسفنجي الحامض المصنوع من حبوب التيف؟","الإنجيرا","","","متوسط",""
"ADM0099","أكلات","سهل","مستوى","البيلتونغ لا يعرفه إلا محبّ المطابخ","ما اللحم المجفف المتبل الشهير في جنوب أفريقيا؟","بيلتونغ","","","صعب",""
"ADM0100","أكلات","سهل","مستوى","الخاتشابوري لا يعرفه إلا محبّ المطابخ","ما الخبز الجورجي المحشو بالجبن وغالباً يأتي بشكل قارب؟","خاتشابوري","","","صعب",""
"ADM0102","أكلات","سهل","مستوى","البيروغي لا يعرفه إلا محبّ المطابخ","ما الزلابية البولندية المحشوة بالبطاطا أو الجبن أو اللحم؟","بيروغي","","","صعب",""
"ADM0103","أكلات","سهل","مستوى","البوتين غير معروف لأكثر الحاضرين","ما الطبق الكندي المكوّن من بطاطا مقلية وجبن حبيبي وصلصة لحم؟","بوتين","","","متوسط",""
"","أكلات","تعجيزي","بديل","بديل (الخليّة 31 − حجب ومستويان)","","","ما اسم الفاكهة الوطنيّة في جامايكا التي تُطبخ مع السمك المملّح، وتكون سامّةً إن أُكلت قبل أن تتفتّح ثمرتها؟","الأكي","",""
"","أكلات","تعجيزي","بديل","بديل (الخليّة 31 − حجب ومستويان)","","","ما اسم صلصة السمك المخمّر التي كان الرومان يضيفونها إلى أكثر أطباقهم؟","الغاروم","",""
"ADM1650","أكلات","تعجيزي","عائلة","الواقعة نفسها في ADM1643 (أغلى قهوة من الزبّاد) — حُجب ADM1643 وأُبقي هذا","ما اسم أغلى بنٍّ في العالم، ويُستخرج من فضلات حيوان الزبّاد في إندونيسيا؟","كوبي لواك","","","",""
"ADM0138","أكلات","متوسط","عائلة","جوابه «صلصة الخل والثوم» هو وصف ADM0137 (الدقة) — عائلة واحدة، والأحسن جواب باسمٍ","ما المكوّن الذي يميز الفتة المصرية إلى جانب الخبز والأرز؟","صلصة الخل والثوم","ما اسم صلصة الخلّ والثوم المقليّ التي تُسقى بها الفتة المصريّة؟","التقلية (الدقّة)","",""
"ADM0165","أكلات","متوسط","عائلة","جواب ADM0232 (نابلس) يكشف «المدينة» هنا — اقترح عائلة نابلس","ما اسم الجبن الفلسطينيّ الأبيض المالح المنسوب إلى مدينةٍ في الضفّة الغربيّة، ويُغلى في ماءٍ محلّى قبل استعماله في الكنافة؟","الجبن النابلسي","","","",""
"ADM0278","أكلات","متوسط","عائلة","يكشفه ADM0075 (صلصة بشاميل) — صُحّح ADM0075","ما الصلصة الأمّ البيضاء في المطبخ الفرنسي المصنوعة من الحليب والرو؟","البشاميل","","","",""
"ADM8206","الأسطورة","سهل","حجب","الجواب اسم الفئة نفسها — تافه","بأيّ لقبٍ عُرف رفاعي في الحارة؟","الأسطورة","","","",""
"ADM8224","الأسطورة","سهل","حجب","تافه، ومكشوف في ADM8225/ADM8249/ADM8280 («سجن ناصر»)","إلى أين انتهى ناصر بعد مداهمة ورشة السلاح في بدايات المسلسل؟","السجن","","","",""
"ADM8238","الأسطورة","متوسط","صياغة","«ورشة السلاح» يكشف جواب ADM8207 (السلاح)","كم عاماً حُكم على ناصر وعمّه وخاله بعد مداهمة ورشة السلاح؟","15","كم عاماً حُكم على ناصر وعمّه وخاله بعد مداهمة الورشة؟","","",""
"ADM8253","الأسطورة","متوسط","صياغة","«الدسوقي» في السؤال جواب ADM8202؛ وقالب الممثّلين عائلة («ممثّلو الأسطورة») مع 8212/8231/8232/8233","من الممثّل الذي أدّى دور الحاج مختار الدسوقي؟","هادي الجيار","من الممثّل الذي أدّى دور الحاج مختار عمّ ناصر؟","","",""
"ADM8259","الأسطورة","متوسط","صياغة","«رفضته النيابة» يكشف جواب ADM8204 (وكيل نيابة)","في أيّ مجالٍ عمل ناصر بعد أن رفضته النيابة؟","الاستشارات القانونيّة","في أيّ مجالٍ عمل ناصر بعد أن رُفض تعيينه؟","","",""
"ADM8320","الأسطورة","تعجيزي","صياغة","الجواب بالاشتقاق من السؤال («العرباوي» ← عرباويّ حقيقيّ)","ما الشرط الذي وضعه محمد رمضان فيمن يؤدّي دور العرباوي؟","أن يكون عرباويّاً حقيقيّاً","ما الشرط الذي وضعه محمد رمضان فيمن يؤدّي دور زعيم الرجال الذين نفّذوا قتل عصام النمر؟","","",""
"ADM8266","الأسطورة","صعب","صياغة","«زوجةً ثالثة» يكشف جواب ADM8252","بمن تزوّج ناصر زوجةً ثالثة بعد أن عرّفته بها سكرتيرته؟","مريم","بمن تزوّج ناصر بعد أن عرّفته بها سكرتيرته؟","","",""
"ADM8267","الأسطورة","صعب","صياغة","«زوجة ناصر الثالثة» يكشف جواب ADM8252","ما صلة طارق بزوجة ناصر الثالثة؟","أخوها","ما صلة طارق بالمرأة التي عرّفت السكرتيرةُ ناصرَ بها فتزوّجها؟","","",""
"ADM8286","الأسطورة","صعب","صياغة","«زواجه الثالث» يكشف جواب ADM8252","بماذا اتّهمت تمارا ناصر حين عرفت بزواجه الثالث؟","أنّه تزوّج انتقاماً منها","بماذا اتّهمت تمارا ناصر حين عرفت بزواجه الأخير؟","","",""
"","الأسطورة","سهل","بديل","الخليّة عند الحدّ (30) بعد حجب ADM8206 — يحتاج بديلاً من المصدر (elcinema/اليوم السابع)؛ لم أقترح واقعة لا أثق بها","","","","","",""
"","الأسطورة","سهل","بديل","الخليّة عند الحدّ (30) بعد حجب ADM8224 — يحتاج بديلاً من المصدر","","","","","",""
"ADM8205","الأسطورة","سهل","عائلة","«الحيّ القاهريّ» يكشف جواب ADM8213، و8213 يذكر «السبتية» — اجعلها عائلة القاهرة مع 8213","ما اسم الحيّ القاهريّ الذي تدور فيه الأحداث؟","السبتية","","","",""
"ADM8228","الأسطورة","سهل","عائلة","«الضابط كمال» في ADM8254/ADM8299 يكشف الجواب، وسؤاله يكشف جواب ADM8261 — عائلة «كمال مراد» لـ8228/8261/8254/8299","ما وظيفة كمال مراد في المسلسل؟","ضابط شرطة","","","",""
"ADM8261","الأسطورة","صعب","عائلة","الاسم مكشوف في ADM8228/8254/8299 — عائلة «كمال مراد»","ما اسم الضابط الفاسد الذي اتّفق مع عصام النمر على القبض على رفاعي؟","كمال مراد","","","",""
"ADM8270","الأسطورة","صعب","عائلة","ADM8243 («ابنة جميلة ليست منه») يكشف الجواب — عائلة «جميلة» للاثنين","من قتلت زكريا بعد أن ضبطها مع عشيقها؟","جميلة زوجته","","","",""
"ADM8221","الأسطورة","سهل","عائلة","ADM8226 («قبل الحكم بإعدامه») وADM8242 («بدلة الإعدام») يكشفان الجواب — عائلة «الإعدام» للثلاثة","ما الحكم الذي انتهى إليه ناصر في آخر حلقة؟","الإعدام","","","",""
"ADM8211","الأسطورة","سهل","عائلة","ADM8257 («تمارا بعد أن رفض أهلها ناصر») وADM8286 وADM8212 تكشف الجواب — عائلة «تمارا»","ما اسم حبيبة ناصر القديمة التي رفض أهلها زواجه منها؟","تمارا","","","",""
"ADM8231","الأسطورة","متوسط","عائلة","قالب الممثّلين عائلة واحدة: 8212/8231/8232/8233/8253 — «ممثّلو الأسطورة» (بلا عائلة الآن)","لعبت دور الحاجة توحة ممثّلةٌ قديرة، من هي؟","فردوس عبد الحميد","","","",""
"ADM7556","الدوري الإسباني","سهل","خطأ واقعة","مشكوك: لقب «الرسّام» لإنييستا غير ثابت (يُعرف بالرسّام/الساحر «El Ilusionista»)","من صانع ألعاب برشلونة الملقّب بـ«الرسّام» الذي ارتدى الرقم 8 حتى 2018؟","أندريس إنييستا","من صانع ألعاب برشلونة الذي ارتدى الرقم 8 حتى 2018 ثمّ انتقل إلى فيسيل كوبي اليابانيّ؟","","",""
"ADM7537","الدوري الإسباني","سهل","حجب","شبه بديهيّ، والجواب «ريال مدريد» مذكور في عشرات أسئلة الفئة","أيّ ناديٍ يملك أكبر عددٍ من ألقاب الدوري الإسبانيّ؟","ريال مدريد","","","",""
"ADM7570","الدوري الإسباني","متوسط","حجب","الجواب «برشلونة» مذكور في أكثر من عشرين سؤالاً في الفئة؛ لا تكفيه عائلة","أيّ ناديٍ إسبانيّ وضع اسم اليونيسف على قميصه مجّاناً سنة 2006؟","برشلونة","","","",""
"ADM7644","الدوري الإسباني","تعجيزي","صياغة","أسباس من مويانيا قرب فيغو لا من فيغو نفسها","من المهاجم ابن مدينة فيغو وأسطورة سيلتا وهدّافه التاريخيّ؟","إياغو أسباس","من المهاجم الغاليسيّ أسطورة سيلتا فيغو وهدّافه التاريخيّ؟","","",""
"ADM7649","الدوري الإسباني","تعجيزي","مستوى","«ما معنى اللقب» أصل كلمة — ممنوع في تعجيزي","ما معنى «الكولتشونيروس» لقب أتلتيكو مدريد؟","صانعو الفُرُش (المراتب)","","","صعب",""
"","الدوري الإسباني","سهل","بديل","بدل ADM7537 ⚠ الجواب قائم في ADM1818 — عائلة أو استبدال","","","من المدافع الأندلسيّ صاحب الرقم 4 الذي حمل شارة قيادة ريال مدريد حتى 2021 ثمّ رحل إلى باريس سان جيرمان؟ (عائلة «سيرخيو راموس» مع ADM1818)","سيرخيو راموس","",""
"","الدوري الإسباني","متوسط","بديل","بدل ADM7570","","","من الظهير الأيسر الإسبانيّ صاحب الرقم 18 الذي لعب لبرشلونة من 2012 إلى 2023 ثمّ لحق بإنتر ميامي؟","جوردي ألبا","",""
"","الدوري الإسباني","تعجيزي","بديل","بدل ADM7649 في التعجيزي (عائلة «ريال سوسيداد» مع ADM7633)","","","ما اسم ملعب ريال سوسيداد في سان سيباستيان؟","أنويتا (ريالي أرينا)","",""
"ADM7538","الدوري الإسباني","سهل","عائلة","«ميسي» مذكور في ADM7545 وADM7597 وADM7604 وADM7605 وADM7627 وADM7629 — أضف لها عائلة «ليونيل ميسي» أو استبدله","من الهدّاف التاريخيّ للدوري الإسبانيّ برصيدٍ تجاوز 470 هدفاً؟","ليونيل ميسي","","","",""
"ADM7599","الدوري الإسباني","صعب","عائلة","«رونالدو» مذكور في ADM7572 وADM7617 — أضف لهما عائلة «كريستيانو رونالدو»","من الهدّاف التاريخيّ لريال مدريد في الدوري الإسبانيّ؟","كريستيانو رونالدو","","","",""
"ADM7582","الدوري الإسباني","متوسط","عائلة","«أتلتيكو مدريد» مذكور في ADM7539 و7561 و7571 و7593 و7595 و7607 و7623 و7625 و7626 و7649 — عائلة للجميع أو استبدال","أيّ ناديٍ خطف لقب الليغا 2021 من ريال مدريد وبرشلونة؟","أتلتيكو مدريد","","","",""
"ADM7581","الدوري الإسباني","متوسط","عائلة","«إشبيلية» مذكور في ADM7565 وADM7613 وADM7615 — أضف لها عائلة «إشبيلية»","أيّ ناديٍ إسبانيّ فاز بالدوري الأوروبيّ سبع مرّات وهو رقمٌ قياسيّ؟","إشبيلية","","","",""
"ADM7566","الدوري الإسباني","سهل","عائلة","«فياريال» مذكور في ADM7613 وADM7637 وADM7643 — أضف لها عائلة «فياريال»","أيّ ناديٍ إسبانيّ يُلقّب بـ«الغوّاصة الصفراء»؟","فياريال","","","",""
"ADM7600","الدوري الإسباني","صعب","عائلة","«فالنسيا» مذكور في ADM7591 وADM7594 وADM7650 — أضف لها عائلة «فالنسيا»","أيّ ناديٍ فاز بالليغا في 2002 و2004 بقيادة رافائيل بينيتيز؟","فالنسيا","","","",""
"ADM7576","الدوري الإسباني","متوسط","عائلة","«أتلتيك بلباو» مذكور في ADM7609 — أضف له عائلة «أتلتيك بلباو»","أيّ ناديٍ باسكيّ لا يضمّ إلّا لاعبين من الإقليم أو من أكاديميّته؟","أتلتيك بلباو","","","",""
"ADM7895","الدوري الألماني","تعجيزي","حجب","تعجيزي ممنوع فيه أصل الاسم/ممّ اشتُقّ","ماذا تعني كلمة «بوروسيا» في اسمي دورتموند ومونشنغلادباخ؟","بروسيا باللاتينيّة","","","",""
"ADM7890","الدوري الألماني","تعجيزي","حجب","معنى الاسم (ممنوع في التعجيزي)، و«لايبزيغ/RB» يكشف جواب ADM7791","ماذا يعني الحرفان RB في اسم نادي لايبزيغ رسميّاً؟","رازن بالشبورت (رياضة كرة العشب)","","","",""
"ADM7856","الدوري الألماني","صعب","حجب","نصّه «هالاند… دورتموند» يكشف جواب ADM7782","أمام أيّ فريقٍ سجّل هالاند هاتريك في أوّل ظهوره مع دورتموند بديلاً؟","أوغسبورغ","","","",""
"ADM7888","الدوري الألماني","تعجيزي","صياغة","«موسم لقب فولفسبورغ» يكشف جواب ADM7841","من المهاجم البرازيليّ صاحب الهدف بالكعب الشهير أمام بايرن في موسم لقب فولفسبورغ؟","غرافيتي","من المهاجم البرازيليّ صاحب الهدف بالكعب الشهير أمام بايرن في أبريل 2009؟","","",""
"","الدوري الألماني","تعجيزي","بديل","بديل ADM7895/ADM7890","","","أيّ ناديٍ بافاريّ يُلقّب «ورقة البرسيم» (الكليبلات)؟","غرويتر فورت","",""
"","الدوري الألماني","تعجيزي","بديل","بديل ADM7895/ADM7890","","","من المدرّب الذي قاد فيردر بريمن أربعة عشر عاماً وحقّق معه ثنائيّة 2004؟","توماس شاف","",""
"","الدوري الألماني","صعب","بديل","بديل ADM7856","","","من الحارس السويسريّ الذي قضى قرابة تسعة مواسم مع مونشنغلادباخ ثمّ انتقل إلى بايرن 2023؟","يان زومر","",""
"ADM7155","الدوري الإنجليزي","تعجيزي","خطأ واقعة","خطأ متقادم: بوما مورّد الكرة منذ 2025-2026؛ نايكي من 2000 إلى 2025","ما الشركة التي تصنع كرة المباريات الرسميّة للبريميرليغ؟","نايكي","ما الشركة التي صنعت كرة البريميرليغ الرسميّة من 2000 حتى 2025؟","","",""
"ADM2769","الدوري الإنجليزي","سهل","خطأ واقعة","خطأ متقادم: اسمها «درع المجتمع» منذ 2002","ما اسم المباراة الافتتاحيّة للموسم بين بطل الدوري وبطل كأس الاتّحاد؟","الدرع الخيريّة","","درع المجتمع (الدرع الخيريّة سابقاً)","",""
"ADM1755","الدوري الإنجليزي","متوسط","خطأ واقعة","خطأ متقادم: هالاند سجّل 36 في 2022-2023 فكسر الرقم؛ وذكر «38 مباراة» يكشف ADM1726","كم هدفاً سجّل محمد صلاح في موسمه الأوّل مع ليفربول وهو رقمٌ قياسيّ لموسمٍ من ثمانٍ وثلاثين مباراة؟","اثنان وثلاثون هدفاً","كم هدفاً سجّل محمد صلاح في موسمه الأوّل مع ليفربول 2017-2018؟","","",""
"ADM1796","الدوري الإنجليزي","تعجيزي","حجب","سؤاله يذكر «باركليز» جواب ADM1793؛ وملتبس (باركليكارد 2001–2004 قبله)","كم موسماً حمل الدوري فيه اسم راعيه «باركليز»؟","اثنا عشر موسماً","","","",""
"ADM7119","الدوري الإنجليزي","سهل","حجب","الجواب مشتقّ من السؤال (فيلا/الفيلانز)، ويكشف جواب ADM1758","ما لقب نادي أستون فيلا؟","الفيلانز","","","",""
"ADM7120","الدوري الإنجليزي","سهل","حجب","الجواب مشتقّ من السؤال (فيلا/فيلا بارك)، ويكشف جواب ADM1758","ما اسم ملعب أستون فيلا؟","فيلا بارك","","","",""
"ADM7122","الدوري الإنجليزي","سهل","حجب","الجواب مشتقّ من السؤال (سيتي/السيتيزنس)","ما لقب مانشستر سيتي؟","السيتيزنس","","","",""
"ADM1743","الدوري الإنجليزي","متوسط","حجب","الجواب مذكور في أسئلة ADM1744 وADM1785 وADM1797 وADM1798","أيّ ناديٍ أنهى موسم 2003-2004 دون هزيمةٍ واحدة؟","أرسنال","","","",""
"ADM1788","الدوري الإنجليزي","تعجيزي","صياغة","«أسطورة توتنهام» مبالغة غير دقيقة؛ ويُحدَّد الهدف","من الحارس الذي سجّل هدفاً في مرمى الخصم بالمسابقة وهو أسطورة توتنهام؟","بول روبنسون","من حارس توتنهام الذي سجّل هدفاً بركلة حرّة من منتصف ملعبه في مرمى واتفورد سنة 2007؟","","",""
"ADM1791","الدوري الإنجليزي","تعجيزي","صياغة","سؤاله يذكر «ديربي كاونتي» جواب ADM1790","كم نقطةً جمع ديربي كاونتي في موسم 2007-2008 الكارثيّ؟","إحدى عشرة نقطة","كم نقطةً جمع صاحب أسوأ موسمٍ في تاريخ البريميرليغ (2007-2008)؟","","",""
"ADM7147","الدوري الإنجليزي","تعجيزي","صياغة","سؤاله يذكر «بلاكبيرن روفرز» جواب ADM1762","من المدرّب الذي قاد بلاكبيرن روفرز إلى لقب 1995؟","كيني دالغليش","من المدرّب الاسكتلنديّ، أسطورة ليفربول لاعباً، الذي أحرز لقب البريميرليغ 1995 مع نادٍ آخر؟","","",""
"ADM1780","الدوري الإنجليزي","تعجيزي","صياغة","ذكر «سنة 1992» يكشف جواب ADM1740","من صاحب أوّل هدفٍ في تاريخ البريميرليغ سنة 1992؟","برايان دين","من صاحب أوّل هدفٍ في تاريخ البريميرليغ؟","","",""
"ADM1794","الدوري الإنجليزي","تعجيزي","صياغة","ذكر «سنة 1992» يكشف جواب ADM1740؛ والعدد يتقادم","كم نادياً توّج باللقب منذ تأسيس المسابقة سنة 1992؟","سبعة أندية","كم نادياً توّج بلقب البريميرليغ منذ انطلاقه حتى موسم 2024-2025؟","","",""
"ADM1734","الدوري الإنجليزي","سهل","صياغة","الجواب في السؤال («من مدينة نيوكاسل»)","أيّ ناديٍ من مدينة نيوكاسل يلعب بالأبيض والأسود؟","نيوكاسل يونايتد","أيّ نادٍ في شمال شرق إنجلترا يلعب بقميصٍ مخطّطٍ بالأبيض والأسود ويملكه صندوق الاستثمارات العامّة السعوديّ؟","","",""
"ADM7121","الدوري الإنجليزي","سهل","صياغة","مكرّر مع ADM1738 (إيفرتون جار ليفربول)؛ يُقلب ليسأل عن اسم الديربي","أيّ ناديين يتواجهان في ديربي ميرسيسايد؟","ليفربول وإيفرتون","ما اسم الديربي الذي يجمع ليفربول وإيفرتون؟","ديربي ميرسيسايد","",""
"ADM7123","الدوري الإنجليزي","سهل","صياغة","سؤاله يذكر «إيفرتون» جواب ADM1738","ما لقب نادي إيفرتون؟","التوفيز","بأيّ لقبٍ يُعرف النادي الأزرق في مدينة ليفربول؟","","",""
"ADM1762","الدوري الإنجليزي","صعب","صياغة","الجواب في السؤال («من مدينة بلاكبيرن»)","أيّ ناديٍ توّج باللقب سنة 1995 وهو من مدينة بلاكبيرن؟","بلاكبيرن روفرز","أيّ نادٍ توّج بلقب البريميرليغ سنة 1995؟","","",""
"ADM1776","الدوري الإنجليزي","صعب","صياغة","سؤاله يذكر «هالاند» جواب ADM1775","كم هدفاً سجّل هالاند في موسم 2022-2023 القياسيّ؟","ستّة وثلاثون هدفاً","ما الرقم القياسيّ لأهداف لاعبٍ في موسمٍ واحد بالبريميرليغ منذ صار عشرين فريقاً؟","","",""
"ADM1774","الدوري الإنجليزي","صعب","صياغة","ذكر «سنة 1992» يكشف جواب ADM1740","كم عدد الأندية التي شاركت في الموسم الأوّل سنة 1992؟","اثنان وعشرون نادياً","كم عدد الأندية التي شاركت في الموسم الأوّل للبريميرليغ؟","","",""
"ADM1747","الدوري الإنجليزي","متوسط","صياغة","لا يقوم وحده («ذلك اللقب»)، ويذكر «ليستر» جواب ADM1746","من المدرّب الإيطاليّ الذي قاد ليستر إلى ذلك اللقب؟","كلاوديو رانييري","من المدرّب الإيطاليّ الذي حقّق أكبر مفاجأةٍ في تاريخ البريميرليغ بلقب 2015-2016؟","","",""
"ADM7139","الدوري الإنجليزي","صعب","صياغة","سؤاله يذكر «ليستر» جواب ADM1746","من اللاعب الفرنسيّ الذي فاز باللقب مع ليستر ثمّ مع تشيلسي في موسمين متتاليين؟","نغولو كانتي","من اللاعب الفرنسيّ الذي فاز باللقب مع ناديين مختلفين في موسمين متتاليين 2016 و2017؟","","",""
"ADM1786","الدوري الإنجليزي","تعجيزي","مستوى","«في أيّ موسم» ممنوع في التعجيزي؛ يليق بالصعب","في أيّ موسمٍ استُخدمت تقنية حكم الفيديو لأوّل مرّةٍ في الدوري الإنجليزيّ؟","موسم 2019-2020","","","صعب",""
"ADM1787","الدوري الإنجليزي","تعجيزي","مستوى","أسد الشعار ظاهر لكلّ متابع؛ ليس تعجيزياً","أيّ حيوانٍ يتصدّر شعار الدوري الإنجليزيّ الممتاز؟","الأسد","","","متوسط",""
"ADM7154","الدوري الإنجليزي","تعجيزي","مستوى","هدف بيكهام من منتصف الملعب مشهور جدّاً","من صاحب الهدف الشهير من منتصف الملعب في مرمى ويمبلدون سنة 1996؟","ديفيد بيكهام","","","صعب",""
"","الدوري الإنجليزي","تعجيزي","بديل","بديل لحجب/نقل في خليّة عند الحدّ 30","","","أيّ نادٍ هبط في موسمه الوحيد بالبريميرليغ 1993-1994 بعدما استقبل مئة هدف؟","سويندون تاون","",""
"","الدوري الإنجليزي","تعجيزي","بديل","بديل لحجب/نقل في خليّة عند الحدّ 30","","","أيّ ناديين تواجها في أكثر مباريات البريميرليغ أهدافاً (7-4) سنة 2007؟","بورتسموث وريدينغ","",""
"","الدوري الإنجليزي","تعجيزي","بديل","بديل لحجب/نقل في خليّة عند الحدّ 30","","","أيّ حارسٍ خاض أكبر عددٍ من المباريات بين حرّاس البريميرليغ؟","ديفيد جيمس","",""
"","الدوري الإنجليزي","تعجيزي","بديل","بديل لحجب/نقل في خليّة عند الحدّ 30","","","من مهاجم سندرلاند الإنجليزيّ الذي فاز بالحذاء الذهبيّ الأوروبيّ موسم 1999-2000؟","كيفن فيليبس","",""
"","الدوري الإنجليزي","سهل","بديل","بديل لحجب في خليّة عند الحدّ 30","","","ما لقب النادي اللندنيّ الذي يلعب على ملعب «ستامفورد بريدج»؟","البلوز","",""
"","الدوري الإنجليزي","سهل","بديل","بديل لحجب في خليّة عند الحدّ 30","","","ما لقب النادي الذي يلعب على ملعب «أنفيلد»؟","الريدز","",""
"","الدوري الإنجليزي","سهل","بديل","بديل لحجب في خليّة عند الحدّ 30","","","كم مرّةً يلتقي كلّ فريقين في موسم الدوري الواحد؟","مرّتين (ذهاباً وإياباً)","",""
"","الدوري الإنجليزي","متوسط","بديل","بديل لحجب ADM1743 في خليّة عند الحدّ 30","","","من قائد ليفربول الذي انزلق أمام تشيلسي سنة 2014 فضاع اللقب؟","ستيفن جيرارد","",""
"ADM1787","الدوري الإنجليزي","تعجيزي","عائلة","عائلة «الهزبر» (الأسد) مع ADM5757","أيّ حيوانٍ يتصدّر شعار الدوري الإنجليزيّ الممتاز؟","الأسد","","","",""
"ADM7764","الدوري الإيطالي","تعجيزي","مستوى","تعجيزي ممنوع: معنى الاسم — مقبول في صعب","ما معنى كلمة «يوفنتوس» باللاتينيّة؟","الشباب","","","صعب",""
"ADM7765","الدوري الإيطالي","تعجيزي","مستوى","تعجيزي ممنوع: سبب التسمية — مقبول في صعب","لماذا سُمّي نادي إنتر «إنترناسيونالي»؟","لأنّه قبل اللاعبين الأجانب","","","صعب",""
"ADM7768","الدوري الإيطالي","تعجيزي","مستوى","تعجيزي ممنوع: سبب التسمية/المؤسّسون — مقبول في صعب","لماذا يُكتب اسم نادي ميلان بالصيغة الإنجليزيّة لا «ميلانو»؟","لأنّ مؤسّسيه إنجليز","","","صعب",""
"ADM7773","الدوري الإيطالي","تعجيزي","مستوى","تعجيزي ممنوع: ممّ اشتُقّ الاسم — مقبول في صعب","إلامَ يشير اسم نادي لاتسيو؟","الإقليم الذي تقع فيه روما","","","صعب",""
"","الدوري الإيطالي","تعجيزي","بديل","بديل","","","ما اسم ديربي مدينة جنوى بين جنوى وسامبدوريا؟","ديربي ديلا لانترنا","",""
"","الدوري الإيطالي","تعجيزي","بديل","بديل","","","ما اسم ديربي مدينة تورينو بين يوفنتوس وتورينو؟","ديربي ديلا مولي","",""
"","الدوري الإيطالي","تعجيزي","بديل","بديل؛ عائلة «الثور» مع ADM7774","","","ما لقب نادي تورينو المأخوذ من لون قميصه الخمريّ؟","الغراناتا","",""
"","الدوري الإيطالي","تعجيزي","بديل","بديل","","","ما لقب نادي سامبدوريا المأخوذ من قميصه الأزرق ذي الحلقة الملوّنة؟","البلوتشيركياتي","",""
"ADM7742","الدوري الإيطالي","صعب","عائلة","يذكر كريستيانو رونالدو جواب ADM7658: عائلة «كريستيانو رونالدو»","كم لقب دوري إيطاليّ حقّقه كريستيانو رونالدو مع يوفنتوس؟","2","","","",""
"ADM6247","الزمن الجميل","تعجيزي","خطأ واقعة","مشكوك: عدد كواكب سبيستون تغيّر عبر السنين؛ رقم دقيق. وعائلة «كواكب سبيستون» مع ADM6259 وADM6231 وADM6199","كم كوكباً كانت تتوزّع عليها برامج «سبيستون»؟","عشرة","","","",""
"ADM6239","الزمن الجميل","تعجيزي","حجب","«ممّ اشتُقّ الاسم» ممنوع في التعجيزي، ونصّه يكشف جواب ADM6159 (كي دي دي)","ما الذي ترمز إليه الحروف في اسم «كي دي دي»؟","الألبان الكويتية الدنماركية","","","",""
"ADM6240","الزمن الجميل","تعجيزي","حجب","اختصار الاسم ممنوع في التعجيزي، ونصّه يكشف جواب ADM6206 (إم تي سي)","ما الذي تختصره حروف «إم تي سي» اسم زين القديم؟","شركة الاتصالات المتنقلة","","","",""
"ADM6243","الزمن الجميل","تعجيزي","حجب","موسوعيّ لا حنين (المؤسّسة المنتِجة)","ما اسم المؤسّسة الخليجيّة التي أنتجت «افتح يا سمسم»؟","مؤسسة الإنتاج البرامجي المشترك","","","",""
"ADM6244","الزمن الجميل","تعجيزي","حجب","«الاسم الكامل/الحقيقي» ممنوع في التعجيزي، ونصّه يكشف جواب ADM6200","ما الاسم الكامل لـ«ماما أنيسة»؟","أنيسة جعفر","","","",""
"ADM6152","الزمن الجميل","سهل","حجب","تافه: الصورة نفسها تلفزيون؛ و«تلفزيون» في نصّي ADM6200 وADM6201","ماذا كنّا نضرب بكفّ اليد إذا اهتزّت صورته أو «شخّر»؟","التلفزيون","","","",""
"ADM6165","الزمن الجميل","سهل","حجب","الجواب «كواكب» مذكور في نصوص ADM6259 وADM6231 وADM6247","في «سبيستون»، بماذا كانت تُسمّى أقسام البرامج الملوّنة؟","كواكب","","","",""
"ADM6226","الزمن الجميل","صعب","حجب","«سن توب» في السؤال جواب ADM6189؛ ومشكوك: بلد المنشأ الدنمارك غير ثابت","من أيّ دولةٍ عصير «سن توب»؟","الدنمارك","","","",""
"ADM6241","الزمن الجميل","تعجيزي","صياغة","«المدينة الترفيهية» في السؤال جواب ADM6161","ما العوالم الثلاثة التي تكوّنت منها المدينة الترفيهية؟","العالم العربي والعالم الدولي وعالم المستقبل","ما العوالم الثلاثة التي تكوّنت منها مدينة الملاهي الكبرى في منطقة الدوحة بالكويت؟","العالم العربي والعالم الدولي وعالم المستقبل","",""
"ADM6249","الزمن الجميل","تعجيزي","صياغة","«ليو» في السؤال جواب ADM6235","بأيّ اسمٍ عُرف الأسد الأبيض «ليو» في نسخته الأصليّة؟","كيمبا","بأيّ اسمٍ عُرف الأسد الأبيض بطل الكرتون المدبلج في نسخته اليابانيّة الأصليّة؟","كيمبا","",""
"ADM6251","الزمن الجميل","تعجيزي","صياغة","«صيد البطّ» في السؤال جواب ADM6185","من الذي يضحك عليك إذا أخطأت البطّ في لعبة صيد البطّ؟","الكلب","في لعبة المسدّس الشهيرة على نينتندو، من الذي يضحك عليك إذا أخطأت الهدف؟","الكلب","",""
"ADM6252","الزمن الجميل","تعجيزي","صياغة","«نوكيا 3310» في السؤال جواب ADM6144","ما اسم لعبة الفضاء التي كانت على نوكيا 3310 إلى جانب الثعبان؟","سبيس إمباكت","ما اسم لعبة الفضاء التي كانت على هاتف نوكيا «الذي لا ينكسر» إلى جانب الثعبان؟","سبيس إمباكت","",""
"ADM6254","الزمن الجميل","تعجيزي","صياغة","«إنترنت إكسبلورر» في السؤال جواب ADM6205","ما اسم المتصفّح الذي سبق إنترنت إكسبلورر إلى أجهزتنا؟","نتسكيب","ما اسم المتصفّح ذي حرف N الذي سبق متصفّح مايكروسوفت إلى أجهزتنا؟","نتسكيب","",""
"ADM6260","الزمن الجميل","تعجيزي","صياغة","«القرص المرن» في السؤال جواب ADM6171","كم ميغابايت كانت سعة القرص المرن المكتوبة على غلافه؟","1.44","كم ميغابايت كانت السعة المكتوبة على القرص البلاستيكيّ المربّع ذي الغطاء المعدنيّ المنزلق؟","1.44","",""
"ADM7363","الزمن الجميل","تعجيزي","صياغة","«جيم بوي» في السؤال جواب ADM6145","ما اسم جهاز سيغا المحمول الملوّن الذي نافس «جيم بوي»؟","غيم غير (Game Gear)","ما اسم جهاز سيغا المحمول الملوّن الذي نافس جهاز نينتندو المحمول؟","غيم غير (Game Gear)","",""
"ADM7368","الزمن الجميل","تعجيزي","صياغة","«فيديو» و«VHS» في السؤال تكشفان جوابَي ADM6149 وADM6143","ما اسم شريط فيديو سوني الذي نافس «VHS» وخسر؟","بيتاماكس","ما اسم نظام أشرطة سوني المنزليّ الذي خسر حرب الأشرطة أمام منافسه الأشهر؟","بيتاماكس","",""
"ADM7369","الزمن الجميل","تعجيزي","صياغة","«بلايستيشن 1» في السؤال جواب ADM6154","ما اسم التنّين البنفسجيّ الصغير بطل لعبة بلايستيشن 1؟","سبايرو","ما اسم التنّين البنفسجيّ الصغير بطل لعبةٍ على جهاز سوني الرماديّ الأوّل؟","سبايرو","",""
"ADM7370","الزمن الجميل","تعجيزي","صياغة","«أمير» في السؤال يكشف «أمير فارس»","ما اسم لعبة الكمبيوتر القديمة عن أميرٍ يقفز بين الفخاخ والسيوف لينقذ الأميرة؟","أمير فارس (Prince of Persia)","ما اسم لعبة الكمبيوتر القديمة التي يقفز فيها بطلٌ بعمامة بين الفخاخ والسيوف لينقذ ابنة السلطان؟","أمير فارس (Prince of Persia)","",""
"ADM6164","الزمن الجميل","سهل","صياغة","«كسلها» تكشف «كسلان» بالاشتقاق","في مجلّة «ماجد»، من الشخصيّة المشهورة بكسلها؟","كسلان","في مجلّة «ماجد»، من الشخصيّة التي تنام في كلّ مكان وتتهرّب من كلّ عمل؟","كسلان جدّاً","",""
"ADM6167","الزمن الجميل","سهل","صياغة","«بي بي إم» اختصار «بلاك بيري مسنجر» يكشف الجواب","ما الشركة صاحبة هذا الهاتف الذي اجتاح الخليج ببرنامج «بي بي إم»؟","بلاك بيري","ما الشركة صاحبة هذا الهاتف ذي لوحة المفاتيح الكاملة الذي اجتاح الخليج برمز «PIN» للمحادثة؟","بلاك بيري","",""
"ADM6237","الزمن الجميل","صعب","صياغة","«زينة ونحول» في السؤال جواب ADM6216","في «زينة ونحول»، ما اسم النحلة البطلة في النسخة الأصليّة؟","مايا","ما اسم النحلة البطلة «زينة» في النسخة الأصليّة من الكرتون؟","مايا","",""
"ADM7359","الزمن الجميل","صعب","صياغة","«الووكمان» في السؤال جواب ADM6148 وADM6223","ما اسم جهاز سوني المحمول لسماع الأقراص المدمجة الذي خلف الووكمان؟","ديسكمان","ما اسم جهاز سوني المحمول لسماع الأقراص المدمجة؟","ديسكمان","",""
"ADM6178","الزمن الجميل","متوسط","صياغة","«الجيم بوي» في السؤال جواب ADM6145","ما اسم هذا الجهاز الذي خلف الجيم بوي بشاشةٍ عريضة؟","جيم بوي أدفانس","ما اسم جهاز نينتندو المحمول هذا ذي الشاشة العريضة الذي جاء بعد الجهاز الملوّن؟","جيم بوي أدفانس","",""
"ADM6192","الزمن الجميل","متوسط","صياغة","«منطقة الشعب» تكشف «الشعب الترفيهي»","ما اسم منتزه الملاهي على البحر في منطقة الشعب؟","الشعب الترفيهي","ما اسم منتزه الملاهي القديم على شارع الخليج العربي في مدينة الكويت؟","الشعب الترفيهي","",""
"ADM6200","الزمن الجميل","متوسط","صياغة","«ماما» في السؤال نصف الجواب","من مقدّمة برامج الأطفال في تلفزيون الكويت التي نادتها أجيالٌ بـ«ماما»؟","ماما أنيسة","من مقدّمة برامج الأطفال الشهيرة في تلفزيون الكويت؟","ماما أنيسة","",""
"ADM6202","الزمن الجميل","متوسط","صياغة","«تصدر عن العربي» تكشف «العربي الصغير»","ما اسم المجلّة الكويتيّة للأطفال التي تصدر عن «العربي»؟","العربي الصغير","ما اسم مجلّة الأطفال الكويتيّة التي خرجت من رحم أشهر مجلّة ثقافيّة كويتيّة؟","العربي الصغير","",""
"ADM6212","الزمن الجميل","متوسط","صياغة","«كلارا» في السؤال جواب ADM6169","ما اسم المربّية الصارمة في بيت كلارا؟","روتنماير","في «هايدي»، ما اسم المربّية الصارمة في بيت صديقتها المقعدة في فرانكفورت؟","روتنماير","",""
"ADM6215","الزمن الجميل","متوسط","صياغة","«شرشبيل» في السؤال جواب ADM6170","ما اسم قطّ شرشبيل في «السنافر»؟","هرهور","ما اسم قطّ الساحر الشرّير في «السنافر»؟","هرهور","",""
"","الزمن الجميل","تعجيزي","بديل","بديل للتعجيزي (خرج 4)","","","ما اسم سلسلة روايات الجيب المصريّة التي بطلها ضابط المخابرات أدهم صبري؟","رجل المستحيل","",""
"","الزمن الجميل","تعجيزي","بديل","بديل للتعجيزي (خرج 4)","","","ما اسم جهاز نينتندو الذي يشبه نظّارةً بشاشةٍ حمراء وفشل تجاريّاً؟","فيرتشوال بوي (Virtual Boy)","",""
"","الزمن الجميل","تعجيزي","بديل","بديل للتعجيزي (خرج 4)","","","ما اسم جهاز نينتندو المنزليّ المكعّب ذي المقبض الذي خلف نينتندو 64؟","غيم كيوب (GameCube)","",""
"","الزمن الجميل","تعجيزي","بديل","بديل للتعجيزي (خرج 4) — مشكوك في رسم الاسم بالدبلجة، يُتحقّق","","","في «عدنان ولينا»، ما اسم المدينة المتقدّمة التي يحكمها الأشرار؟","إندستريا","",""
"","الزمن الجميل","سهل","بديل","بديل لسهل (خرج 2)","","","ما اسم الحلوى القطنيّة الورديّة المنفوشة التي نشتريها في مدينة الملاهي؟","شعر البنات","",""
"","الزمن الجميل","سهل","بديل","بديل لسهل (خرج 2)","","","ما اسم المصّاصة الكرويّة بالعصا ذات الشعار الزهريّ التي كانت عند كلّ بقّالة؟","تشوبا تشوبس","",""
"","الزمن الجميل","صعب","بديل","بديل لصعب (خرج 1)","","","ما اسم الفتاة اليتيمة ذات الضفيرتين الحمراوين في الكرتون الذي تتبنّاها فيه عائلة في جزيرةٍ كنديّة؟","آن شيرلي","",""
"ADM6255","الزمن الجميل","تعجيزي","عائلة","ADM3031 (أنمي) جوابه «دايسكي (دوق فليد)» يكشف الجواب — عائلة «غريندايزر»","في «غريندايزر»، ما اسم الكوكب الذي جاء منه دايسكي؟","فليد","","","",""
"ADM6259","الزمن الجميل","تعجيزي","عائلة","قالب «أيّ كواكب سبيستون…» مع ADM6231 وADM6199 — عائلة «كواكب سبيستون»","أيّ كواكب «سبيستون» كان مخصّصاً للصغار جدّاً؟","بون بون","","","",""
"ADM6160","الزمن الجميل","سهل","عائلة","الواقعة نفسها في ADM8455 (لوكيشن: الجزيرة الخضراء) — عائلة «الجزيرة الخضراء»","ما اسم هذه الجزيرة الاصطناعيّة التي كانت رحلتنا العائليّة؟","الجزيرة الخضراء","","","",""
"ADM6231","الزمن الجميل","صعب","عائلة","عائلة «كواكب سبيستون» (قالب واحد مع ADM6259 وADM6199)","أيّ كواكب «سبيستون» كان مخصّصاً للتعليم؟","أبجد","","","",""
"ADM6199","الزمن الجميل","متوسط","عائلة","عائلة «كواكب سبيستون»","في «سبيستون»، ما اسم الكوكب المخصّص للبنات؟","زمرّد","","","",""
"ADM6156","الزمن الجميل","سهل","عائلة","عائلة «بدر» (رمضان) مع ADM3506 وADM4215","في أيّ شهرٍ كان هذا المشروب يختفي من الرفوف؟","رمضان","","","",""
"ADM4178","السيرة النبوية","صعب","خطأ واقعة","قصيّ هو الجدّ الرابع (عبد المطلب ← هاشم ← عبد مناف ← قصيّ)","من الجدّ الخامس للنبي ﷺ الذي جمع قريشاً في مكة؟","قصيّ بن كلاب","من الجدّ الرابع للنبيّ ﷺ الذي جمع قريشاً في مكّة؟","قصيّ بن كلاب","",""
"ADM1959","السيرة النبوية","سهل","حجب","تافه، والجواب مكشوف في نصّ ADM3539 («غار حراء»)","في أيّ غارٍ نزل الوحي على النبيّ صلى الله عليه وسلم أوّل مرّة؟","غار حراء","","","",""
"ADM1965","السيرة النبوية","سهل","حجب","مكرّر مع ADM2489 (القرآن الكريم: «غزوة بدر سُمّيت يوم الفرقان»)","ما اسم المعركة التي سمّاها الله «يوم الفرقان»؟","بدر","","","",""
"ADM1973","السيرة النبوية","سهل","حجب","الجواب في السؤال («أُسري»)، ومكشوف في نصّ ADM3509 («ليلة الإسراء والمعراج»)","ما الحادثة التي أُسري بالنبيّ صلى الله عليه وسلم فيها إلى بيت المقدس؟","الإسراء والمعراج","","","",""
"ADM3504","السيرة النبوية","سهل","حجب","مكرّر مع L021 (أدب وفنون: «الشاعر الملقّب بشاعر الرسول»)","من شاعر الرسول صلى الله عليه وسلم الذي كان يردّ على هجاء قريش بشعره؟","حسّان بن ثابت رضي الله عنه","","","",""
"ADM3511","السيرة النبوية","سهل","حجب","مكشوف في نصّ ADM3547 («أجهز على أبي جهل يوم بدر»)","في أيّ غزوةٍ قُتل أبو جهل؟","بدر","","","",""
"ADM1997","السيرة النبوية","صعب","حجب","الجواب في نصّ ADM1996 («بعد استشهاد ثلاثة»)","كم عدد القادة الذين استُشهدوا في غزوة مؤتة قبل أن يتولّى خالد الراية؟","ثلاثة","","","",""
"ADM2003","السيرة النبوية","صعب","حجب","مكشوف في نصّ ADM2021 وADM4163 («بيعة العقبة الثانية»)، وسهل على «صعب»","ما اسم البيعة التي بايع فيها الأنصارُ النبيّ صلى الله عليه وسلم قبل الهجرة؟","بيعة العقبة","","","",""
"ADM3555","السيرة النبوية","صعب","حجب","مكشوف في نصّ ADM4174 وADM4175 («هوازن»)","ما اسم القبيلة التي قاتلها المسلمون في غزوة حنين؟","هوازن","","","",""
"ADM3557","السيرة النبوية","صعب","حجب","مكشوف في نصّ ADM3556 («سبي بني المصطلق»)","بعد أيّ غزوةٍ وقعت حادثة الإفك؟","غزوة بني المصطلق","","","",""
"ADM1988","السيرة النبوية","متوسط","حجب","مكشوف في نصّ ADM1989 («ملك الحبشة») وADM3552 («مهاجري الحبشة»)","ما البلد الذي هاجر إليه المسلمون هجرتهم الأولى؟","الحبشة","","","",""
"ADM1989","السيرة النبوية","متوسط","حجب","مكشوف في نصّ ADM3552 وADM3568 وADM3572 («النجاشيّ»)","من ملك الحبشة الذي آوى المهاجرين؟","النجاشيّ","","","",""
"ADM3522","السيرة النبوية","متوسط","حجب","مكشوف في نصّ ADM3511 وADM3547 («أبو جهل»)","من الذي سمّاه النبيّ صلى الله عليه وسلم «فرعون هذه الأمّة»؟","أبو جهل","","","",""
"ADM3527","السيرة النبوية","متوسط","حجب","مكشوف في نصّ ADM4165 («حين حكّمته قريش في وضع الحجر الأسود»)","من الذي حكّمته قريش فوضع الحجر الأسود في موضعه عند إعادة بناء الكعبة قبل البعثة؟","النبيّ صلى الله عليه وسلم","","","",""
"ADM3531","السيرة النبوية","متوسط","حجب","الجواب بالنسبة في السؤال («الدولة العبّاسيّة» ← العبّاس)","إلى أيّ عمٍّ للنبيّ صلى الله عليه وسلم تُنسب الدولة العبّاسيّة؟","العبّاس بن عبد المطّلب رضي الله عنه","","","",""
"ADM3532","السيرة النبوية","متوسط","حجب","مكشوف في نصّ ADM4185 («معارك الأوس والخزرج»)","بين أيّ قبيلتين من الأنصار كانت الحروب قبل الإسلام وجمعهما النبيّ صلى الله عليه وسلم في المدينة؟","الأوس والخزرج","","","",""
"ADM4172","السيرة النبوية","متوسط","حجب","مكشوف في نصّ ADM4171 وADM4186 («عبد المطلب»)","من صاحب قول «للبيت ربّ يحميه» لأبرهة؟","عبد المطلب","","","",""
"ADM4186","السيرة النبوية","متوسط","حجب","مكشوف في نصّ ADM3540 وADM4174 وADM4175 («حنين»)","في أيّ غزوة قال النبي ﷺ: «أنا النبيّ لا كذب، أنا ابن عبد المطلب»؟","حنين","","","",""
"ADM2030","السيرة النبوية","تعجيزي","صياغة","السؤال يقول «الصحابيّ» والجواب النبيّ ﷺ نفسه — سؤال خادع","من الصحابيّ الذي قتل أُبيّ بن خلف في أُحد؟","النبيّ صلى الله عليه وسلم بنفسه","من قتل أُبيّ بن خلف يوم أُحد؟","النبيّ صلى الله عليه وسلم بنفسه","",""
"ADM3575","السيرة النبوية","تعجيزي","صياغة","مشكوك: الشجّ يُنسب لابن قميئة وابن شهاب؛ عتبة كسر الرَّباعية","من الذي رمى النبيّ صلى الله عليه وسلم يوم أُحد فكسر رَباعيته وشجّ وجهه؟","عتبة بن أبي وقّاص","من الذي رمى النبيّ صلى الله عليه وسلم يوم أُحد بحجرٍ فكسر رَباعيته؟","عتبة بن أبي وقّاص","",""
"ADM4179","السيرة النبوية","صعب","صياغة","الجواب مشتقّ في السؤال («لا تنكسف»)","ما الظاهرة الفلكية التي وقعت يوم وفاة إبراهيم ابن النبي ﷺ فقال: لا تنكسف لموت أحد؟","كسوف الشمس","ما الظاهرة الفلكيّة التي وافقت يوم وفاة إبراهيم ابن النبيّ ﷺ فظنّ الناس أنّها لموته؟","كسوف الشمس","",""
"ADM1979","السيرة النبوية","متوسط","صياغة","الجواب في السؤال («فتحاً»)","ما السورة التي نزلت في شأن صلح الحديبية وسمّاه الله فيها فتحاً؟","سورة الفتح","ما السورة التي نزلت على النبيّ ﷺ في طريق عودته من صلح الحديبية؟","سورة الفتح","",""
"ADM3538","السيرة النبوية","متوسط","صياغة","الجواب مشتقّ من السؤال («حُوّلت فيه القبلة» ← القبلتين)","ما اسم هذا المسجد الذي حُوّلت فيه القبلة أثناء الصلاة؟","مسجد القبلتين","ما اسم هذا المسجد في المدينة المنوّرة؟","مسجد القبلتين","",""
"ADM2019","السيرة النبوية","تعجيزي","مستوى","ذو الفقار مشهور؛ ليس نادراً","ما اسم السيف الذي صار إلى النبيّ صلى الله عليه وسلم من غنائم بدر؟","ذو الفقار","","","صعب",""
"ADM2005","السيرة النبوية","صعب","مستوى","مشهور جداً (نوم عليّ في فراش النبيّ)","من الصحابيّ الذي نام في فراش النبيّ صلى الله عليه وسلم ليلة الهجرة؟","عليّ بن أبي طالب رضي الله عنه","","","متوسط",""
"","السيرة النبوية","سهل","بديل","بديل لحجبٍ في خليّة عند الحدّ","","","بأيّ لقبٍ كانت قريش تنادي النبيّ صلى الله عليه وسلم قبل البعثة؟","الصادق الأمين","",""
"","السيرة النبوية","سهل","بديل","بديل؛ عائلة: خديجة بنت خويلد","","","كم كان عمر النبيّ صلى الله عليه وسلم حين تزوّج خديجة رضي الله عنها؟","خمساً وعشرين سنة","",""
"","السيرة النبوية","سهل","بديل","بديل؛ عائلة مع ADM3534 (الاثنين) ⚠ الجواب قائم في ADM3534 — عائلة أو استبدال","","","في أيّ يومٍ من أيّام الأسبوع وُلد النبيّ صلى الله عليه وسلم؟","الاثنين","",""
"","السيرة النبوية","سهل","بديل","بديل لحجبٍ في خليّة عند الحدّ","","","ماذا قال النبيّ صلى الله عليه وسلم لخديجة حين عاد إليها يرجف بعد أوّل نزولٍ للوحي؟","زمّلوني زمّلوني","",""
"ADM4184","السيرة النبوية","صعب","عائلة","الجواب «تبوك» مع ADM1998 بلا عائلة مشتركة — اقتراح: تبوك","ما الغزوة الوحيدة التي لم يشهدها عليّ بن أبي طالب لأنّ النبي ﷺ استخلفه على المدينة؟","تبوك","","","",""
"ADM3515","السيرة النبوية","سهل","عائلة","عائلة «أبناء النبي» مع ADM3529 وH153 (حالياً «أربع»)","كم عدد بنات النبيّ صلى الله عليه وسلم؟","أربع","","","",""
"ADM3533","السيرة النبوية","متوسط","عائلة","عائلة «عائشة» مع E227 (حالياً وفاة النبي)","في بيت أيّ زوجاته تُوفّي النبيّ صلى الله عليه وسلم؟","عائشة رضي الله عنها","","","",""
"ADM1954","السيرة النبوية","سهل","عائلة","عائلة جديدة «ربيع الأول» مع ADM3501 — القالب «أيّ شهر هجريّ» نفسه","ما اسم الشهر الهجريّ الذي وُلد فيه النبيّ صلى الله عليه وسلم؟","ربيع الأوّل","","","",""
"ADM3501","السيرة النبوية","سهل","عائلة","عائلة جديدة «ربيع الأول» مع ADM1954 (حالياً وفاة النبي)","في أيّ شهرٍ هجريّ تُوفّي النبيّ صلى الله عليه وسلم؟","ربيع الأوّل","","","",""
"ADM1996","السيرة النبوية","صعب","عائلة","عائلة «خالد بن الوليد» مع ADM3187 (حالياً مؤتة)","من الصحابيّ الذي حمل راية المسلمين في غزوة مؤتة بعد استشهاد ثلاثة؟","خالد بن الوليد رضي الله عنه","","","",""
"ADM2033","السيرة النبوية","صعب","عائلة","عائلة جديدة «كسرى» مع ADM8631 (حالياً رسائل النبي)","ما اسم الملك الذي أرسل إليه النبيّ صلى الله عليه وسلم كتاباً فمزّقه؟","كسرى","","","",""
"ADM1978","السيرة النبوية","متوسط","عائلة","عائلة «سلمان» مع ADM3181 (حالياً الخندق)","من الصحابيّ الذي أشار بحفر الخندق حول المدينة؟","سلمان الفارسيّ رضي الله عنه","","","",""
"ADM2342","الصحابة والتابعون","تعجيزي","خطأ واقعة","لقب «فارس رسول الله» مشهورٌ لأبي قتادة الأنصاري لا للمقداد؛ أُبقيت الأوّليّة وحُذف اللقب","أوّل من قاتل على فرسٍ في سبيل الله ولُقّب بـ«فارس رسول الله» — من هو؟","المقداد بن عمرو (ابن الأسود) رضي الله عنه","أوّل من قاتل على فرسٍ في سبيل الله — من هذا الصحابيّ؟","","",""
"ADM3251","الصحابة والتابعون","تعجيزي","خطأ واقعة","مشكوك: لم أتحقّق من نسبة «لم ينم على فراشٍ ستّين سنة» و«سيّد القرّاء بالكوفة» للأسود بن يزيد — راجِع المصدر","من التابعيّ الذي يُروى أنّه لم ينم على فراشٍ ستّين سنة وكان يُقال له «سيّد القرّاء بالكوفة»؟","الأسود بن يزيد النخعيّ","","","",""
"ADM2330","الصحابة والتابعون","صعب","خطأ واقعة","في الصحيحين: معاذ بن عمرو بن الجموح ومعاذ بن عفراء؛ و«معوّذ» في رواية أخرى — الأصحّ ذكر الأشهر","من الصحابيّان الشابّان من الأنصار اللذان أثخنا أبا جهل يوم بدر؟","معاذ ومعوّذ ابنا عفراء رضي الله عنهما","","معاذ بن عمرو بن الجموح ومعاذ بن عفراء رضي الله عنهما","",""
"ADM3231","الصحابة والتابعون","صعب","خطأ واقعة","ابن المبارك (ت 181هـ) من أتباع التابعين لا من التابعين","من التابعيّ التاجر المجاهد الذي قال فيه ابن عيينة «فتّشت أمر الصحابة فما وجدت لهم فضلاً عليه إلا الصحبة»؟","عبد الله بن المبارك","من العالم التاجر المجاهد من أتباع التابعين الذي قال فيه ابن عيينة «فتّشت أمر الصحابة فما وجدت لهم فضلاً عليه إلا الصحبة»؟","","",""
"ADM3250","الصحابة والتابعون","صعب","خطأ واقعة","مشكوك: لقب «راهب الأمّة» للربيع بن خثيم لم أتحقّق منه — راجِع المصدر","من التابعيّ الذي كان يُقال له «راهب الأمّة» وكان من تلاميذ ابن مسعود؟","الربيع بن خثيم","","","",""
"ADM3238","الصحابة والتابعون","تعجيزي","حجب","«الاسم الحقيقي لفلان» ممنوع في التعجيزي؛ وقالب «ما اسم أبي X؟» مكرّر سبع مرّات في الفئة","ما اسم أبي موسى الأشعريّ رضي الله عنه؟","عبد الله بن قيس","","","",""
"ADM3239","الصحابة والتابعون","تعجيزي","حجب","«الاسم الحقيقي لفلان» ممنوع في التعجيزي؛ وقالب «ما اسم أبي X؟» مكرّر سبع مرّات في الفئة","ما اسم أبي الدرداء رضي الله عنه؟","عويمر بن مالك","","","",""
"ADM3240","الصحابة والتابعون","تعجيزي","حجب","«الاسم الحقيقي لفلان» ممنوع في التعجيزي؛ وقالب «ما اسم أبي X؟» مكرّر سبع مرّات في الفئة","ما اسم أبي عبيدة بن الجرّاح رضي الله عنه؟","عامر بن عبد الله","","","",""
"ADM3241","الصحابة والتابعون","تعجيزي","حجب","«الاسم الحقيقي لفلان» ممنوع في التعجيزي؛ وقالب «ما اسم أبي X؟» مكرّر سبع مرّات في الفئة","ما اسم أبي أيّوب الأنصاريّ رضي الله عنه؟","خالد بن زيد","","","",""
"ADM4364","الصحابة والتابعون","تعجيزي","حجب","«الاسم الحقيقي» ممنوع في التعجيزي (فاختة) — القالب نفسه","ما اسم أمّ هانئ بنت أبي طالب؟","فاختة","","","",""
"ADM4385","الصحابة والتابعون","تعجيزي","حجب","«الاسم الحقيقي» ممنوع في التعجيزي (هند بنت أبي أمية) — القالب نفسه","ما اسم أمّ المؤمنين أمّ سلمة؟","هند بنت أبي أمية","","","",""
"ADM3244","الصحابة والتابعون","تعجيزي","حجب","مشكوك: رواية موت أبي شحمة من جلد عمر ضعيفة عند المحدّثين، وموضوع حسّاس في مجلس","ما اسم ابن عمر رضي الله عنه الذي حدّه على شرب الخمر فمات؟","عبد الرحمن (أبو شحمة)","","","",""
"ADM3253","الصحابة والتابعون","تعجيزي","حجب","رقم دقيق طويل (5374) ممنوع في التعجيزي؛ وعائلة أبي هريرة مزدحمة","كم حديثاً روى أبو هريرة رضي الله عنه تقريباً؟","نحو 5374 حديثاً","","","",""
"ADM3180","الصحابة والتابعون","سهل","حجب","تافه: بلال و«أحدٌ أحد» يعرفه كلّ حاضر بلا تفكير","من الصحابيّ الحبشيّ الذي عُذّب في مكّة وكان يقول «أحدٌ أحد»؟","بلال بن رباح رضي الله عنه","","","",""
"ADM3191","الصحابة والتابعون","سهل","حجب","تافه: «العشرة المبشّرون» اسمٌ يحمل الجواب","كم عدد الصحابة المبشّرين بالجنّة في حديثٍ واحد؟","عشرة","","","",""
"ADM4393","الصحابة والتابعون","صعب","حجب","الجواب مكشوف في نصّ ADM3210 («عصب رأسه بعصابةٍ حمراء») في الفئة نفسها — واقعة مكرّرة","ماذا كان أبو دجانة يعصب به رأسه في القتال فيُعرف أنه سيقاتل حتى الموت؟","عصابة حمراء","","","",""
"ADM3214","الصحابة والتابعون","متوسط","حجب","مكرّر مع ADM2333: قبر أبي أيّوب عند أسوار القسطنطينيّة (إسطنبول) — الواقعة نفسها والسؤال يكشف الآخر","في أيّ مدينةٍ يقع المسجد الذي بُني عند قبر أبي أيّوب الأنصاريّ رضي الله عنه؟","إسطنبول","","","",""
"ADM2282","الصحابة والتابعون","سهل","حجب","مكرّر مع ADM2293 (أنس خادم النبيّ)","من الصحابيّ الذي خدم النبيّ صلى الله عليه وسلم عشر سنين منذ صغره؟","أنس بن مالك رضي الله عنه","","","",""
"ADM3193","الصحابة والتابعون","سهل","صياغة","الجواب في السؤال («أبو هريرة»)، والجواب الحالي (عبد الرحمن بن صخر) مكرّر مع ADM2316","من الصحابيّ الذي كنّاه النبيّ صلى الله عليه وسلم بأبي هريرة لهرّةٍ كان يحملها؟","عبد الرحمن بن صخر (أبو هريرة) رضي الله عنه","كنّاه النبيّ صلى الله عليه وسلم بهرّةٍ صغيرة كان يحملها ويلاعبها — بأيّ كنيةٍ اشتهر هذا الصحابيّ؟","أبو هريرة رضي الله عنه","",""
"ADM2295","الصحابة والتابعون","سهل","صياغة","«القيروان» في السؤال تكشف جواب ADM3215 في الفئة نفسها","من الصحابيّ الذي قاد فتح شمال إفريقيا وأسّس مدينة القيروان؟","عقبة بن نافع رضي الله عنه","من الصحابيّ الذي قاد فتح شمال إفريقيا وبلغ بخيله المحيط الأطلسيّ؟","","",""
"ADM4374","الصحابة والتابعون","صعب","صياغة","المشهور أنّ اسمه في الجاهليّة «عبد عمرو» وقيل «عبد الكعبة» — جوابان","ماذا كان اسم عبد الرحمن بن عوف في الجاهلية؟","عبد الكعبة","","عبد عمرو (وقيل عبد الكعبة)","",""
"ADM3202","الصحابة والتابعون","متوسط","صياغة","«فتح مصر» مكرّر مع E212 (تاريخ وحضارات) ومع ADM2907 (الفسطاط)؛ واقعة بديلة","من الصحابيّ الداهية الذي فتح مصر وكان والياً عليها؟","عمرو بن العاص رضي الله عنه","من الصحابيّ الداهية الذي أرسله النبيّ صلى الله عليه وسلم إلى ملكَي عُمان ابنَي الجُلندى فأسلما؟","","",""
"ADM3257","الصحابة والتابعون","متوسط","صياغة","«زيد» مذكور في السؤال («زيد بن محمد») والجواب زيد بن حارثة","من الصحابيّ الذي تبنّاه النبيّ صلى الله عليه وسلم قبل أن يُنسخ التبنّي وكان يُدعى زيد بن محمد؟","زيد بن حارثة رضي الله عنه","من الصحابيّ الذي تبنّاه النبيّ صلى الله عليه وسلم قبل أن يُنسخ التبنّي؟","","",""
"ADM3236","الصحابة والتابعون","تعجيزي","مستوى","«الاسم الحقيقي» ممنوع في التعجيزي؛ ومعروف لمحبّ الموضوع","ما اسم أبي بكر الصدّيق رضي الله عنه الحقيقيّ؟","عبد الله بن عثمان (أبو قحافة)","","","صعب",""
"ADM3237","الصحابة والتابعون","تعجيزي","مستوى","«الاسم الحقيقي» ممنوع في التعجيزي؛ جندب بن جنادة معروف لمحبّ الموضوع","ما اسم أبي ذرّ الغفاريّ رضي الله عنه؟","جندب بن جنادة","","","صعب",""
"ADM3243","الصحابة والتابعون","تعجيزي","مستوى","استشهاد عليّ في الكوفة مشهور لا تعجيزي؛ وقريب من ADM3256 (عائلة الكوفة)","في أيّ مدينةٍ استُشهد عليّ بن أبي طالب رضي الله عنه؟","الكوفة","","","صعب",""
"ADM3245","الصحابة والتابعون","تعجيزي","مستوى","خولة والمجادلة مشهورة — صعب لا تعجيزي","من الصحابيّة التي جادلت في زوجها فنزلت فيها سورة المجادلة؟","خولة بنت ثعلبة رضي الله عنها","","","صعب",""
"ADM3196","الصحابة والتابعون","سهل","مستوى","تعلّم زيد لغة يهود في نصف شهر ليس «سهلاً»","من الصحابيّ الشابّ الذي تعلّم العبريّة في نصف شهر بأمر النبيّ صلى الله عليه وسلم؟","زيد بن ثابت رضي الله عنه","","","متوسط",""
"ADM4421","الصحابة والتابعون","صعب","نقل","قتيبة بن مسلم قائد أمويّ لا صحابيّ ولا يُعدّ في التابعين عادةً","من القائد الذي فتح سمرقند سنة 93هـ؟","قتيبة بن مسلم","","","","تاريخ وحضارات"
"ADM2350","الصحابة والتابعون","تعجيزي","عائلة","الجواب نفسه في ADM4390 (حكيم بن حزام) بواقعة مختلفة؛ ضع عائلة «حكيم بن حزام»","من الصحابيّ الذي وُلد داخل الكعبة؟","حكيم بن حزام رضي الله عنه","","","",""
"ADM2358","الصحابة والتابعون","تعجيزي","عائلة","شريح القاضي جواب ADM3247 أيضاً بواقعة مختلفة؛ ضع عائلة «شريح» للاثنين ‖ عائلة جديدة «شريح» مع ADM3247 — الخليّة نفسها","من التابعيّ الذي تولّى القضاء في الكوفة نحو ستّين سنة؟","شُريح القاضي","","","",""
"ADM3247","الصحابة والتابعون","تعجيزي","عائلة","مع ADM2358 (شريح القاضي) — عائلة «شريح» ‖ عائلة جديدة «شريح» مع ADM2358","من التابعيّ الذي قضى بين عليٍّ رضي الله عنه واليهوديّ في الدرع فحكم لليهوديّ؟","شُريح القاضي","","","",""
"ADM2287","الصحابة والتابعون","سهل","عائلة","أسماء بنت أبي بكر جواب ADM3195 أيضاً (واقعتان مترابطتان) — ضع عائلة «أسماء» ‖ عائلة «أسماء» مع ADM3195 — النطاقان من حمل الطعام نفسه","من الصحابيّة الملقّبة بـ«ذات النطاقين»؟","أسماء بنت أبي بكر رضي الله عنها","","","",""
"ADM4358","الصحابة والتابعون","صعب","عائلة","صفية جواب ADM2303 أيضاً بواقعة مختلفة — ضع عائلة «أمهات المؤمنين»","من أمّ المؤمنين التي قال لها النبي ﷺ: «إنك لابنة نبيّ، وإن عمّك لنبيّ، وإنك لتحت نبيّ»؟","صفية بنت حيي","","","",""
"ADM4371","الصحابة والتابعون","صعب","عائلة","سودة جواب ADM3521 (السيرة) أيضاً — ضع عائلة «أمهات المؤمنين»","من أمّ المؤمنين التي وهبت ليلتها لعائشة؟","سودة بنت زمعة","","","",""
"ADM4419","الصحابة والتابعون","صعب","عائلة","أمّ سلمة جواب ADM3204 أيضاً — ضع عائلة «أمهات المؤمنين»","من آخر أمّهات المؤمنين وفاةً؟","أمّ سلمة","","","",""
"ADM3225","الصحابة والتابعون","صعب","عائلة","البراء بن مالك جواب ADM4380 أيضاً — ضع عائلة «البراء بن مالك»","«حديقة الموت» في اليمامة — أيّ صحابيٍّ اقتحمها أوّلاً؟","البراء بن مالك رضي الله عنه","","","",""
"ADM3215","الصحابة والتابعون","متوسط","عائلة","عائلة «تونس» (حالياً عقبة بن نافع)","في أيّ بلدٍ عربيّ يقع الجامع الذي أسّسه عقبة بن نافع رضي الله عنه؟","تونس (القيروان)","","","",""
"ADM2302","الصحابة والتابعون","متوسط","عائلة","عائلة «عائشة» مع E227 وADM3533 (حالياً أمهات المؤمنين)","من أمّ المؤمنين التي لُقّبت بـ«الحميراء»؟","عائشة رضي الله عنها","","","",""
"ADM3103","ألعاب فيديو","سهل","خطأ واقعة","خطأ: كراش حيوان باندكوت (جرابيّ) لا جرذ","ما اسم الجرذ البرتقاليّ البرّيّ بطل ألعاب المنصّات على بلايستيشن الأولى؟","كراش بانديكوت","ما اسم الحيوان الجرابيّ البرتقاليّ البرّيّ بطل ألعاب المنصّات على بلايستيشن الأولى؟","","",""
"ADM3153","ألعاب فيديو","صعب","خطأ واقعة","خطأ: الوصف (كهف، مطوّر وحيد، لعبة العام) لا ينطبق على «كَب هيد» — هي من الأخوين مولدنهاور بأسلوب كرتون الثلاثينيّات ولم تفز بلعبة العام","لعبة إندي عن شابٍّ يستكشف كهفاً بألوانٍ أربعة فاز مطوّرها الوحيد بلعبة العام 2017 — ما اسمها؟","كَب هيد","لعبة إندي صدرت 2017 برسومٍ تحاكي كرتون الثلاثينيّات يقاتل فيها فنجانٌ حيّ زعماءً صعبين — ما اسمها؟","","",""
"ADM3114","ألعاب فيديو","سهل","خطأ واقعة","«حصريّة على إكس بوكس» تقادم: فورزا هورايزن 5 صدرت على بلايستيشن 5 عام 2025","سلسلة سباقٍ حصريّة على إكس بوكس تدور في عوالم مفتوحة كأستراليا والمكسيك — ما اسمها؟","فورزا هورايزن","سلسلة سباقٍ من مايكروسوفت تدور في عوالم مفتوحة كأستراليا والمكسيك — ما اسمها؟","","",""
"ADM2571","ألعاب فيديو","صعب","حجب","مكرّر مع ADM3118 (كوجيما ترك كونامي وأسّس استوديو 2015) في الخليّة نفسها ‖ مكرّر مع ADM3118 (كوجيما ترك كونامي وأسّس استوديوه 2015)","ما اسم مطوّر «ميتال غير» الياباني الذي أسّس استوديو مستقلاً باسمه سنة 2015؟","هيديو كوجيما","","","",""
"ADM2520","ألعاب فيديو","سهل","حجب","تافه: ماينكرافت يعرفه كلّ حاضر بلا تفكير (كتويتر وكروم)؛ واسمها مذكور في أربعة أسئلة أخرى","ما اسم لعبة البناء بالمكعّبات التي تُعدّ الأكثر مبيعاً في التاريخ؟","ماينكرافت","","","",""
"ADM2524","ألعاب فيديو","سهل","حجب","تافه في المجلس الخليجي (ببجي)؛ ويكشف «إيرانجل» جواب ADM6475","مئة لاعبٍ يهبطون بالمظلّات على جزيرة «إيرانجل» — ما اسم اللعبة؟","ببجي (PUBG)","","","",""
"ADM3116","ألعاب فيديو","سهل","صياغة","«الأكثر مبيعاً» يتقادم (سويتش يقترب) وسوني حدّثت الرقم إلى أكثر من 160 مليوناً","ما اسم هذا الجهاز الذي بيع منه أكثر من 155 مليون وحدة وهو الأكثر مبيعاً في التاريخ؟","بلايستيشن 2","ما اسم هذا الجهاز من سوني الذي تجاوزت مبيعاته 155 مليون وحدة وتنافس على لقب أكثر الأجهزة مبيعاً في التاريخ؟","","",""
"ADM3108","ألعاب فيديو","سهل","صياغة","«يختاره اللاعب عادةً» غير دقيق: بولباسور واحد من ثلاثة للاختيار؛ الصحيح أنّه رقم 1 في الموسوعة","ما اسم أوّل بوكيمون يختاره اللاعب عادةً في المدينة الأولى وهو ضفدعٌ أخضر ببصلةٍ على ظهره؟","بولباسور","ما اسم البوكيمون رقم 1 في الموسوعة، وهو ضفدعٌ أخضر ببصلةٍ على ظهره؟","","",""
"ADM2577","ألعاب فيديو","صعب","صياغة","«أترو» خطأ إملائيّ، و«أسترو» يكشف الجواب «أستروبوت» بالاشتقاق","«أترو» تميمة بلايستيشن بطل لعبةٍ فازت بلعبة العام 2024 — ما اسمها؟","أستروبوت","روبوتٌ صغير هو تميمة بلايستيشن وبطل لعبةٍ فازت بلعبة العام 2024 — ما اسمها؟","","",""
"ADM2573","ألعاب فيديو","صعب","صياغة","«ترسم فيها كوكباً» فعل خاطئ؛ المقصود تستكشف","ما اسم لعبة الفضاء التي ترسم فيها كوكباً بعد كوكب من أصل 18 كوينتيليون كوكب؟","نو مانز سكاي","ما اسم لعبة الفضاء التي تستكشف فيها كوكباً بعد كوكب من أصل 18 كوينتيليون كوكب؟","","",""
"ADM3123","ألعاب فيديو","متوسط","صياغة","غير دقيق: «دوم» لم تُطلق الصنف (سبقتها «وولفنشتاين 3D»)، وأحداثها على قمرَي المريخ","لعبة 1993 التي أطلقت جنس التصويب من منظور الشخص الأوّل وبطلها جنديٌّ يقاتل الشياطين على المريخ — ما اسمها؟","دوم","لعبة 1993 التي نشرت جنس التصويب من منظور الشخص الأوّل وبطلها جنديٌّ يقاتل الشياطين على قمرَي المريخ — ما اسمها؟","","",""
"ADM3132","ألعاب فيديو","متوسط","صياغة","«النذر» رسمٌ مُضلِّل لـNether","ما اسم البُعد الجهنّميّ في ماينكرافت الذي يُدخل بوّابة من حجر السبج؟","النذر (Nether)","","النيذر (Nether)","",""
"ADM2561","ألعاب فيديو","صعب","صياغة","يكشف «ستريت فايتر» جواب ADM2531 و«مونستر هنتر» جواب ADM3151 (عائلات مختلفة)","ما اسم الشركة اليابانيّة التي تطوّر «ريزدنت إيفل» و«ستريت فايتر» و«مونستر هنتر»؟","كابكوم","ما اسم الشركة اليابانيّة صاحبة «ريزدنت إيفل» ومقرّها أوساكا؟","","",""
"ADM2584","ألعاب فيديو","تعجيزي","صياغة","يذكر «أنشارتد» جواب ADM2546 (عائلة مختلفة)","ما اسم الاستوديو الذي طوّر «ذا لاست أوف أس» و«أنشارتد»؟","نوتي دوغ","ما اسم استوديو سوني الذي طوّر «ذا لاست أوف أس»؟","","",""
"ADM2598","ألعاب فيديو","تعجيزي","صياغة","يذكر «هيلو» جواب ADM2575","ما اسم مطوّر «هيلو» الأصليّ الذي انفصل عن مايكروسوفت وطوّر «ديستني»؟","بانجي","ما اسم الاستوديو الأمريكيّ الذي طوّر «ديستني» بعد انفصاله عن مايكروسوفت عام 2007؟","","",""
"ADM3117","ألعاب فيديو","سهل","صياغة","يذكر «دونكي كونغ» جواب ADM3119 و«زيلدا» جواب ADM2534","من هذا الرجل الذي صمّم ماريو وزيلدا ودونكي كونغ؟","شيغيرو مياموتو","من هذا المصمّم اليابانيّ الأشهر في نينتندو، أبو ماريو؟","","",""
"ADM3138","ألعاب فيديو","متوسط","صياغة","يذكر «ستيم» جواب ADM2555 (عائلة مختلفة)","من هذا الرجل مؤسّس «فالف» ومتجر ستيم؟","غيب نيويل","من هذا الرجل الشريك المؤسّس لشركة «فالف»؟","","",""
"ADM2582","ألعاب فيديو","تعجيزي","مستوى","تعجيزي ممنوع فيه «من المبتكر/المؤسّس»؛ ونوتش معروف لمحبّي اللعبة","من مبتكر «ماينكرافت» الذي باعها لمايكروسوفت عام 2014؟","ماركوس بيرسون (نوتش)","","","صعب",""
"ADM2590","ألعاب فيديو","تعجيزي","مستوى","الرياض لكأس العالم للرياضات الإلكترونيّة معروفة لجمهور الخليج؛ ليست تعجيزي","في أيّ مدينةٍ سعوديّة تُقام «كأس العالم للرياضات الإلكترونيّة» منذ 2024؟","الرياض","","","متوسط",""
"ADM3136","ألعاب فيديو","متوسط","مستوى","VMU تفصيل نادر لا يعرفه إلّا المهووس؛ ليس متوسّطاً","ما اسم هذه البطاقة ذات الشاشة الصغيرة التي كانت تُركّب في يد تحكّم دريم كاست؟","VMU (وحدة الذاكرة المرئيّة)","","","تعجيزي",""
"ADM3105","ألعاب فيديو","سهل","مستوى","اسم الاستوديو (إنسومنياك) ليس سهلاً","ما اسم الاستوديو الذي طوّر لعبة «سبايدرمان» الحصريّة على بلايستيشن سنة 2018؟","إنسومنياك","","","صعب",""
"ADM3110","ألعاب فيديو","سهل","مستوى","اسم ابن كريتوس لا يعرفه أكثر البالغين","ما اسم ابن كريتوس الذي يرافقه في «غاد أوف وور» 2018؟","أتريوس","","","متوسط",""
"ADM3112","ألعاب فيديو","سهل","مستوى","«ستراي» لعبة مستقلّة لا يعرفها أكثر البالغين","ما اسم لعبة القطّ التي تدور في مدينةٍ مهجورة سكّانها روبوتات؟","ستراي","","","متوسط",""
"","ألعاب فيديو","تعجيزي","بديل","التعجيزي عند 30 ويخرج منه ADM2582 وADM2590 (يدخله ADM3136)؛ بديل احتياطيّ","","","ما اسم الشبح الأحمر الذي يطارد «باك مان» مباشرةً؟","بلينكي","",""
"ADM6474","ألعاب فيديو","تعجيزي","عائلة","اقتراح عائلة «جي تي إيه»: جوابه «لوس سانتوس» مذكور في ADM2526","ما اسم المدينة الخياليّة التي تدور فيها أحداث «جي تي إيه 5»؟","لوس سانتوس","","","",""
"ADM6475","ألعاب فيديو","تعجيزي","عائلة","اقتراح عائلة «ببجي»: جوابه مذكور في ADM2524 إن بقي","ما اسم الخريطة الأولى والأشهر في «ببجي»؟","إيرانغل","","","",""
"ADM7292","ألعاب فيديو","تعجيزي","عائلة","اقتراح عائلة «ماينكرافت»: يذكر ماينكرافت جواب ADM2520","ما اسم الوحش الذي يُهزم في نهاية «ماينكرافت»؟","تنين النهاية (Ender Dragon)","","","",""
"ADM7293","ألعاب فيديو","تعجيزي","عائلة","اقتراح عائلة «فورتنايت»: يذكر فورتنايت جواب ADM2521 (عائلته فورتنايت)","ما اسم أشهر منطقة أبراجٍ مائلة في خريطة «فورتنايت» القديمة؟","تيلتد تاورز","","","",""
"ADM7288","ألعاب فيديو","تعجيزي","عائلة","اقتراح عائلة «فالف»: يذكر «بورتال» جواب ADM3127 (عائلته فالف)","ما اسم الذكاء الاصطناعيّ الساخر الذي يختبر اللاعب في «بورتال»؟","غلادوس (GLaDOS)","","","",""
"ADM7289","ألعاب فيديو","تعجيزي","عائلة","اقتراح عائلة «فاينل فانتسي»: يذكر «كينغدم هارتس» جواب ADM3144 (عائلته فاينل فانتسي)","ما اسم السلاح الذي على شكل مفتاحٍ عملاق يحمله سورا في «كينغدم هارتس»؟","سيف المفتاح (Keyblade)","","","",""
"ADM6476","ألعاب فيديو","تعجيزي","عائلة","اقتراح عائلة «زيلدا»: يذكر زيلدا جواب ADM2534","ما اسم السيف الأسطوريّ الذي يحمله لينك في «زيلدا»؟","ماستر سورد","","","",""
"ADM7287","ألعاب فيديو","تعجيزي","عائلة","اقتراح عائلة «زيلدا»: يذكر زيلدا جواب ADM2534","ما اسم الفرس الذي يركبه لينك في سلسلة «زيلدا»؟","إيبونا","","","",""
"ADM7295","ألعاب فيديو","تعجيزي","عائلة","اقتراح عائلة «زيلدا»: يذكر زيلدا جواب ADM2534","ما اسم المثلّث الذهبيّ المقدّس في سلسلة «زيلدا»؟","التريفورس (Triforce)","","","",""
"ADM1236","ألعاب فيديو","صعب","عائلة","اقتراح عائلة «تتريس»: يذكر تتريس جواب ADM3102","في أيّ دولةٍ صُمّمت لعبة «تتريس»؟","الاتحاد السوفييتي","","","",""
"ADM2551","ألعاب فيديو","متوسط","عائلة","اقتراح عائلة «أوفرواتش»: جوابه مذكور في ADM3131 (عائلة أوفرواتش)","«تريسر» و«رينهارت» أبطالٌ في أيّ لعبة إطلاق نارٍ من بليزارد؟","أوفرواتش","","","",""
"ADM2575","ألعاب فيديو","صعب","عائلة","اقتراح عائلة «هالو»: جوابه مذكور في ADM3130 (عائلة هالو)","بطلها «ماستر تشيف» وكانت الحصريّة الأشهر لإكس بوكس — ما اسم اللعبة؟","هيلو (Halo)","","","",""
"ADM2550","ألعاب فيديو","متوسط","عائلة","اقتراح عائلة «غران توريزمو»: الجواب نفسه في ADM3133 بعائلة غران توريزمو ‖ عائلة «غران توريزمو» مع ADM3133 — الخليّة نفسها","«محاكي القيادة الحقيقيّ» شعار لعبة سباقٍ حصريّة على بلايستيشن — ما اسمها؟","غران توريزمو","","","",""
"ADM3400","الفقه والعبادات","تعجيزي","خطأ واقعة","بنت مخاض ناقةٌ لا شاة","ما اسم الشاة التي تجب في زكاة خمسٍ وعشرين من الإبل؟","بنت مخاض","ما اسم الناقة التي تجب في زكاة خمسٍ وعشرين من الإبل؟","","",""
"ADM3419","الفقه والعبادات","تعجيزي","خطأ واقعة","«شاةٌ من الإبل» خطأ: بنت لبون ناقة","في زكاة ستٍّ وثلاثين من الإبل تجب شاةٌ من الإبل بعمرٍ معيّن — ما اسمها؟","بنت لبون","في زكاة ستٍّ وثلاثين من الإبل تجب ناقةٌ بعمرٍ معيّن — ما اسمها؟","","",""
"ADM3404","الفقه والعبادات","تعجيزي","خطأ واقعة","الوصف المذكور هو المزابنة؛ العرايا رخصةٌ مستثناة منها فيما دون خمسة أوسق","ما اسم بيع الرطب على النخل بتمرٍ كيلاً؟","بيع العرايا","رخصةٌ استُثنيت من المزابنة: بيع الرطب على النخل بتمرٍ خرصاً فيما دون خمسة أوسق — ما اسمها؟","","",""
"ADM2398","الفقه والعبادات","سهل","حجب","تافه، وجوابه منصوصٌ في نصّ ADM2431 (التثويب)","ما الجملة التي تُزاد في أذان الفجر؟","الصلاة خير من النوم","","","",""
"ADM3353","الفقه والعبادات","سهل","حجب","تافه: غسل الوجه ثلاثاً يعرفه كلّ مصلٍّ","كم مرّةً يُغسل الوجه في الوضوء على الكمال؟","ثلاث","","","",""
"ADM2364","الفقه والعبادات","سهل","حجب","الجواب في السؤال بالمعنى («عدد فردي» = وتر)، ومكشوفٌ في نصّ ADM2399 وADM4094 («صلاة الوتر»)","صلاةٌ تُصلّى بعد العشاء بعددٍ فرديٍّ من الركعات — ما اسمها؟","الوتر","","","",""
"ADM2367","الفقه والعبادات","سهل","حجب","مكشوف: «زكاة الفطر» في نصّ ADM2382، وهو نفسه يكشف جواب 2382 («صاعاً من طعام»)","زكاةٌ تجب على كلّ مسلمٍ صاعاً من طعام في آخر رمضان — ما اسمها؟","زكاة الفطر","","","",""
"ADM3354","الفقه والعبادات","سهل","حجب","«صلاة الجنازة» منصوصةٌ في نصوص ADM2415 وADM2435 وADM3414","ما اسم الصلاة التي تُؤدّى قياماً بأربع تكبيراتٍ بلا ركوعٍ ولا سجود؟","صلاة الجنازة","","","",""
"ADM3379","الفقه والعبادات","متوسط","حجب","تافه (الحجر الأسود بالصورة)، و«الحجر» في النصّ، ومكرّر جواباً مع ADM2371","ما اسم هذا الحجر الذي يستلمه الطائفون في بداية كلّ شوط؟","الحجر الأسود","","","",""
"ADM2432","الفقه والعبادات","تعجيزي","صياغة","الجواب في السؤال بالاشتقاق: «يُسبَّح» ← التسابيح","صلاةٌ من أربع ركعاتٍ يُسبَّح فيها ثلاثمئة تسبيحة — ما اسمها؟","صلاة التسابيح","صلاةٌ من أربع ركعاتٍ علّمها النبيّ صلى الله عليه وسلم عمَّه العبّاس، يتكرّر فيها ذكرٌ واحد 300 مرّة — ما اسمها؟","","",""
"ADM2437","الفقه والعبادات","تعجيزي","صياغة","الجواب في السؤال بالاشتقاق: «المحصَر» ← هدي الإحصار","ما اسم الهدي الذي يذبحه المحصَر إذا مُنع من إتمام نسكه؟","هدي الإحصار","ما اسم الهدي الذي يذبحه الحاجّ إذا منعه عدوٌّ أو مرضٌ من إتمام نسكه؟","","",""
"ADM3398","الفقه والعبادات","تعجيزي","صياغة","الجواب وصفٌ لا اسم، و«طاهر» في نصّ السؤال","ما اسم الماء الذي تغيّر بطاهرٍ كالزعفران فخرج عن كونه مطلقاً؟","الماء الطاهر غير المطهِّر","الماء الذي تغيّر بشيءٍ كالزعفران حتى سُلب اسم الماء المطلق — ما قسمه عند الفقهاء: طهورٌ أم طاهرٌ أم نجس؟","طاهر (غير مطهِّر)","",""
"ADM3407","الفقه والعبادات","تعجيزي","صياغة","الجواب في السؤال: «ردّ ما فضل» ← الردّ","ما اسم ردّ ما فضل من التركة على أصحاب الفروض إذا لم يكن عاصب؟","الردّ","ما اسم إعادة ما فضل من التركة على أصحاب الفروض بقدر فروضهم إذا لم يكن عاصب؟","","",""
"ADM3408","الفقه والعبادات","تعجيزي","صياغة","الجواب في السؤال بالاشتقاق: «بالتشريك» ← المشرَّكة","قضى عمر رضي الله عنه بالتشريك بين الإخوة لأمٍّ والأشقّاء في مسألةٍ ميراثيّة شهيرة — ما اسمها؟","المسألة المشرَّكة (الحماريّة)","قضى عمر رضي الله عنه بإدخال الإخوة الأشقّاء مع الإخوة لأمٍّ في الثلث في مسألةٍ ميراثيّة شهيرة — ما اسمها؟","الحماريّة (المشرَّكة)","",""
"ADM3418","الفقه والعبادات","تعجيزي","صياغة","«التبييت» ليس اسم صيام بل اسم إيقاع النيّة ليلاً","ما اسم الصيام الذي يبدأ بنيّةٍ من الليل ولا يصحّ الفرض بدونه؟","التبييت","ما اسم إيقاع نيّة الصيام من الليل الذي لا يصحّ صوم الفرض بدونه؟","تبييت النيّة","",""
"ADM3401","الفقه والعبادات","تعجيزي","صياغة","الجواب في السؤال بالاشتقاق: «يسقيه» ← المساقاة","ما اسم دفع الشجر لمن يسقيه ويعتني به بجزءٍ من ثمره؟","المساقاة","ما اسم دفع الشجر لمن يتعهّده بالرعاية بجزءٍ من ثمره؟","","",""
"ADM3402","الفقه والعبادات","تعجيزي","صياغة","الجواب في السؤال بالاشتقاق: «صنع» ← الاستصناع","ما اسم العقد الذي يُطلب فيه صنع شيءٍ بمواصفاتٍ محدّدة ويُدفع ثمنه لاحقاً؟","الاستصناع","ما اسم العقد الذي يطلب فيه المشتري من حِرَفيٍّ أن يُعِدّ له سلعةً بمواصفاتٍ محدّدة ويدفع ثمنها لاحقاً؟","","",""
"ADM3411","الفقه والعبادات","تعجيزي","صياغة","«طواف القدوم» في النصّ يكشف جواب ADM2418","ما اسم إسراع المشي مع تقارب الخطى في الأشواط الثلاثة الأولى من طواف القدوم؟","الرَّمَل","ما اسم إسراع المشي مع تقارب الخطى في الأشواط الثلاثة الأولى من أوّل طوافٍ يطوفه الحاجّ عند وصوله مكّة؟","","",""
"ADM3412","الفقه والعبادات","تعجيزي","صياغة","«طواف القدوم» في النصّ يكشف جواب ADM2418","ما اسم كشف الكتف الأيمن في طواف القدوم؟","الاضطباع","ما اسم كشف الكتف الأيمن في أوّل طوافٍ يطوفه الحاجّ عند وصوله مكّة؟","","",""
"ADM3348","الفقه والعبادات","سهل","صياغة","الجواب في السؤال: «لبّيك» ← التلبية","ما اسم الذكر «لبّيك اللهمّ لبّيك» الذي يردّده الحاجّ؟","التلبية","ما اسم الذكر الذي يردّده الحاجّ من إحرامه حتى رمي جمرة العقبة؟","","",""
"ADM3359","الفقه والعبادات","سهل","صياغة","الجواب في السؤال بالاشتقاق: «يسعى» ← المسعى","ما اسم هذا الممرّ الذي يسعى فيه الحجّاج والمعتمرون سبعة أشواط؟","المسعى (بين الصفا والمروة)","ما اسم هذا الممرّ الذي يقطعه الحجّاج والمعتمرون سبعة أشواطٍ بين جبلين صغيرين؟","","",""
"ADM3355","الفقه والعبادات","سهل","صياغة","«الثمانية» في النصّ تكشف جواب ADM2416","ما أوّل مصارف الزكاة الثمانية المذكورين في القرآن؟","الفقراء","ما أوّل مصارف الزكاة المذكورة في آية سورة التوبة؟","","",""
"ADM3380","الفقه والعبادات","صعب","صياغة","«مسافة» خطأ لغويّ: القلّتان مقدار؛ وتقديرها بالليتر مختلفٌ فيه (نحو 190–270) — مشكوك في «200»","كم مسافة القُلّتين التي لا يحمل الماء فوقها الخبث بالليتر تقريباً؟","نحو 200 لتر","كم مقدار القُلّتين اللتين لا يحمل الماء فوقهما الخبث بالتقريب؟","نحو 200 لتر (خمس قِرَب)","",""
"ADM3415","الفقه والعبادات","صعب","صياغة","يُعرف أيضاً بالنداء الثالث؛ يُقبل الاسمان","ما اسم الأذان الذي زاده عثمان رضي الله عنه يوم الجمعة؟","الأذان الأوّل","","الأذان الأوّل (النداء الثالث)","",""
"ADM4088","الفقه والعبادات","صعب","صياغة","«ظاهر» في النصّ يكشف جواب ADM3389 (الظِّهار)","ما كفّارة من ظاهر من زوجته إن عجز عن العتق؟","صيام شهرين متتابعين","ما كفّارة من شبّه زوجته بأمّه تحريماً لها إن عجز عن العتق؟","","",""
"ADM3389","الفقه والعبادات","صعب","صياغة","الجواب في السؤال بالاشتقاق: «كظهر أمّي» ← الظِّهار","ما اسم قول الرجل لزوجته «أنتِ عليّ كظهر أمّي»؟","الظِّهار","ما اسم تشبيه الرجل زوجته بإحدى محارمه يريد تحريمها على نفسه؟","","",""
"ADM3387","الفقه والعبادات","صعب","صياغة","الجواب في السؤال بالاشتقاق: «يزرعها» ← المزارعة","ما اسم دفع الأرض لمن يزرعها بجزءٍ من غلّتها؟","المزارعة","ما اسم دفع الأرض لمن يعمل فيها بجزءٍ من غلّتها؟","","",""
"ADM3386","الفقه والعبادات","صعب","صياغة","الجواب في السؤال بالاشتقاق: «متفاضلاً» ← ربا الفضل","مبادلة الذهب بالذهب متفاضلاً — أيّ نوعٍ من الربا هذا؟","ربا الفضل","مبادلة الذهب بالذهب مع زيادةٍ في أحدهما — أيّ نوعٍ من الربا هذا؟","","",""
"ADM3391","الفقه والعبادات","صعب","صياغة","«الفدية» في النصّ تكشف جواب ADM2419","ما اسم الفدية على من حلق رأسه في الإحرام لعذر؟","فدية الأذى","ما اسم ما يلزم من حلق رأسه في الإحرام لعذر؟","","",""
"ADM2410","الفقه والعبادات","صعب","صياغة","الجواب في السؤال بالاشتقاق: «مواصلة» ← الوصال","ما اسم مواصلة الصيام يومين فأكثر بلا إفطارٍ بينهما وقد نهى عنه النبيّ صلى الله عليه وسلم؟","الوصال","ما اسم صيام يومين فأكثر بلا إفطارٍ بينهما وقد نهى عنه النبيّ صلى الله عليه وسلم؟","","",""
"ADM2406","الفقه والعبادات","صعب","صياغة","«يوم التروية» في النصّ يكشف جواب ADM2400","نسكٌ يعتمر فيه الحاجّ ثمّ يتحلّل ثمّ يُحرم بالحجّ يوم التروية — ما اسمه؟","التمتّع","نسكٌ يعتمر فيه الحاجّ ثمّ يتحلّل ثمّ يُحرم بالحجّ في الثامن من ذي الحجّة — ما اسمه؟","","",""
"ADM4094","الفقه والعبادات","صعب","صياغة","«صلاة الوتر» في النصّ (يكشف ADM2364 إن أُبقي)؛ والأكثر 11 على قول، و13 في رواية — قيّد بالمذهب","ما أكثر عدد ركعات صلاة الوتر؟","إحدى عشرة ركعة","ما أكثر عدد ركعات صلاة الوتر عند الشافعيّة والحنابلة؟","","",""
"ADM2383","الفقه والعبادات","متوسط","صياغة","«يوم النحر» في النصّ يكشف جواب ADM2384","ما اسم الأيّام الثلاثة التي تلي يوم النحر في الحجّ؟","أيّام التشريق","ما اسم الأيّام الثلاثة التي تلي يوم عيد الأضحى في الحجّ؟","","",""
"ADM2395","الفقه والعبادات","متوسط","صياغة","«عقيقةً» في النصّ تكشف جواب ADM2378","كم شاةً تُذبح عقيقةً عن المولود الذكر؟","شاتان","كم شاةً تُذبح عن المولود الذكر في يوم سابعه؟","","",""
"ADM3375","الفقه والعبادات","متوسط","صياغة","«عقيقةً» في النصّ تكشف جواب ADM2378","كم شاةً تُذبح عقيقةً عن المولودة الأنثى؟","شاة واحدة","كم شاةً تُذبح عن المولودة الأنثى في يوم سابعها؟","","",""
"ADM3367","الفقه والعبادات","متوسط","صياغة","الجواب في السؤال بالاشتقاق: «ربحاً» ← المرابحة","ما اسم البيع الذي يُعلن فيه البائع ثمن الشراء ويزيد عليه ربحاً معلوماً؟","المرابحة","ما اسم البيع الذي يُعلن فيه البائع ثمن شرائه ويزيد عليه مبلغاً معلوماً؟","","",""
"ADM3368","الفقه والعبادات","متوسط","صياغة","الوصف «بين أذان المغرب وإقامته» لا يطابق السنن الرواتب","ما اسم صلاة النافلة التي تُصلّى بين أذان المغرب وإقامته أو بعد كلّ فريضة؟","السنن الرواتب","ما اسم النوافل المؤكّدة التي تُصلّى قبل الفرائض أو بعدها؟","","",""
"ADM2399","الفقه والعبادات","متوسط","صياغة","«صلاة الوتر» في النصّ تكشف جواب ADM2364 (إن أُبقي)","ما الدعاء الذي يُقال في صلاة الوتر بعد الركوع أو قبله؟","دعاء القنوت","ما الدعاء الذي يُقال في آخر ركعةٍ من صلاة الليل بعد الركوع أو قبله؟","","",""
"ADM2424","الفقه والعبادات","تعجيزي","مستوى","جمع التقديم معروف لكلّ مسافر — ليس تعجيزيّاً","ما اسم جمع الظهر والعصر في وقت الظهر كما فعل النبيّ صلى الله عليه وسلم بعرفة؟","جمع التقديم","","","صعب",""
"ADM2436","الفقه والعبادات","تعجيزي","مستوى","جمع التأخير معروف — ليس تعجيزيّاً","جمع النبيّ صلى الله عليه وسلم المغرب والعشاء في مزدلفة في وقت العشاء — ما اسم هذا الجمع؟","جمع التأخير","","","صعب",""
"ADM2427","الفقه والعبادات","تعجيزي","مستوى","العُشر في الزروع ثقافة محبّ لا مهووس","ما نسبة زكاة الزروع والثمار التي سُقيت بلا كلفة؟","العُشر","","","صعب",""
"ADM3409","الفقه والعبادات","تعجيزي","مستوى","«ثلاثاً» في التسبيح يعرفه كلّ مصلٍّ — ليس تعجيزيّاً","كم مرّةً يُسنّ تكرار قول «سبحان ربّي الأعلى» في السجود على الأقلّ؟","ثلاثاً","","","متوسط",""
"ADM3414","الفقه والعبادات","تعجيزي","مستوى","أخواتها (2415 الفاتحة) في صعب؛ الدعاء للميت ليس تعجيزيّاً","ماذا يُقرأ بعد التكبيرة الثالثة في صلاة الجنازة؟","الدعاء للميت","","","صعب",""
"ADM3346","الفقه والعبادات","سهل","مستوى","التكبيرات الزوائد (خمس) تفصيلٌ لا يعرفه أكثر الناس؛ وأختها M676 (سبع في الأولى، إسلامي) متوسط — اقتراح عائلة «تكبيرات العيد»","كم عدد التكبيرات الزوائد في الركعة الثانية من صلاة العيد؟","خمس","","","متوسط",""
"ADM3393","الفقه والعبادات","صعب","مستوى","مقام إبراهيم بالصورة يعرفه أكثر الناس","ما اسم هذا الموضع الذي يقف عنده الإمام خلف الكعبة ويُصلّى عنده ركعتا الطواف؟","مقام إبراهيم","","","سهل",""
"ADM3377","الفقه والعبادات","متوسط","مستوى","منى بالصورة سهل، و«أيّام التشريق» في النصّ تكشف ADM2383 — مع صياغة","ما اسم هذا المكان الذي يبيت فيه الحجّاج أيّام التشريق؟","منى","ما اسم هذا المكان الذي يبيت فيه الحجّاج الليالي التي تلي يوم العيد؟","","سهل",""
"ADM2388","الفقه والعبادات","متوسط","مستوى","الجواب في السؤال («ضحىً») — بعد الصياغة يصلح سهلاً","ما اسم النافلة التي تُصلّى بعد ارتفاع الشمس ضحىً؟","صلاة الضحى","ما اسم النافلة التي تُصلّى بعد ارتفاع الشمس إلى ما قبل الظهر؟","","سهل",""
"ADM4087","الفقه والعبادات","تعجيزي","عائلة","«الشيخان» عند المحدّثين في ADM4109 (إسلامي) — نفس المصطلح؛ اقتراح عائلة «الشيخان»","من «الشيخان» عند فقهاء الشافعية؟","النووي والرافعي","","","",""
"ADM2409","الفقه والعبادات","صعب","عائلة","جوابه كجواب ADM4088 (صيام شهرين متتابعين) لواقعةٍ أخرى — أضِف العائلة نفسها ‖ عائلة «صيام شهرين متتابعين» مع ADM4088","من أفطر في نهار رمضان بالجماع ولم يجد رقبةً يعتقها — فما كفّارته؟","صيام شهرين متتابعين","","","",""
"ADM2416","الفقه والعبادات","صعب","عائلة","عائلة «ثمانية» مع M257","كم عدد مصارف الزكاة المذكورة في القرآن الكريم؟","ثمانية","","","",""
"ADM3371","الفقه والعبادات","متوسط","عائلة","عائلة «الأحكام الخمسة» مع ADM3342؛ مشكوك: كثيرون على تحريم صوم يوم الشكّ لا كراهته","ما حكم صيام يوم الشكّ الذي يسبق رمضان؟","مكروه (منهيٌّ عنه)","","","",""
"ADM2461","القرآن الكريم","متوسط","خطأ واقعة","خطأ: العنكبوت ليس حشرة (من العنكبيّات)","كم سورةً سُمّيت بأسماء حشرات؟","ثلاث: النمل والنحل والعنكبوت","ثلاث سورٍ سُمّيت بأسماء مخلوقاتٍ صغيرة ذكر القرآن بيوتها أو مساكنها — ما هي؟","النمل والنحل والعنكبوت","",""
"ADM3420","القرآن الكريم","سهل","حجب","مكرّر مع ADM2480 (آخر سورة نزلت = النصر)","ما آخر سورةٍ نزلت من القرآن على المشهور؟","النصر","","","",""
"ADM2463","القرآن الكريم","متوسط","حجب","مكرّر مع ADM3435، وسؤال ADM3435 يذكر «إحدى وثلاثين» فيكشفه","كم مرّةً تكرّرت آية «فبأيّ آلاء ربّكما تكذّبان» في سورة الرحمن؟","31","","","",""
"ADM2465","القرآن الكريم","متوسط","حجب","مكرّر مع ADM3437 (لقمان الحكيم ووصيّته لابنه)","رجلٌ حكيمٌ أوصى ابنه ولم يكن نبيّاً على الراجح وسُمّيت سورةٌ باسمه — ما هي؟","لقمان","","","",""
"ADM3480","القرآن الكريم","تعجيزي","صياغة","«وليتلطّف» كلمة لا آية؛ هي منتصف القرآن بعدد الحروف","ما اسم الآية التي تُعدّ في وسط القرآن الكريم؟","«وليتلطّف» في سورة الكهف","ما الكلمة التي تُعدّ منتصف القرآن الكريم بعدد الحروف؟","","",""
"ADM2511","القرآن الكريم","تعجيزي","صياغة","العدد يختلف بين العلماء؛ 28 على تصنيف المصحف المطبوع — يُقيَّد","كم عدد السور المدنيّة في القرآن الكريم؟","28","كم عدد السور المدنيّة في القرآن الكريم حسب تصنيف مصحف المدينة؟","","",""
"ADM3485","القرآن الكريم","تعجيزي","صياغة","سؤاله يكشف جواب ADM4216 «المسبّحات»","كم عدد السور المعروفة بـ«المسبّحات» التي تبدأ بالتسبيح؟","سبع","كم سورةً تبدأ بتسبيح الله بلفظ «سبّح» أو «يسبّح» أو «سبحان»؟","","",""
"ADM2449","القرآن الكريم","سهل","صياغة","للسورة اسم ثانٍ مشهور؛ يُقبل مرادفاً","ما السورة التي نزلت في شأن أبي لهب؟","المسد","","المسد (تبّت)","",""
"ADM2454","القرآن الكريم","سهل","صياغة","سؤاله يذكر «التين» جواب ADM2451 في الفئة نفسها","ما الشجرة التي أقسم الله بها مع التين في سورة التين؟","الزيتون","«يُوقد من شجرةٍ مباركةٍ ... لا شرقيّةٍ ولا غربيّة» — ما هذه الشجرة؟","","",""
"ADM2477","القرآن الكريم","متوسط","صياغة","سؤاله يذكر «سورة التين» جواب ADM2451","ما البلد الذي أقسم الله به في سورة التين بوصفه «البلد الأمين»؟","مكّة","«وهذا البلد الأمين» — أيّ بلدٍ أقسم الله به؟","","",""
"ADM3425","القرآن الكريم","سهل","صياغة","الجواب مشتقّ في السؤال (زلزال/الزلزلة)","سورةٌ تصف زلزال الأرض يوم القيامة وإخراجها أثقالها — ما اسمها؟","الزلزلة","سورةٌ تصف يوم تُحدّث الأرض أخبارها وتُخرج أثقالها — ما اسمها؟","","",""
"ADM2489","القرآن الكريم","صعب","صياغة","سؤاله يذكر «يوم الفرقان» فيكشف جواب ADM3464 «الفرقان»","غزوة بدر سُمّيت «يوم الفرقان» في أيّ سورة؟","الأنفال","في أيّ سورةٍ وعد الله المؤمنين يوم بدر بإمدادهم بألفٍ من الملائكة «مردفين»؟","","",""
"ADM2495","القرآن الكريم","صعب","صياغة","مشكوك: قيل المطفّفين أوّل ما نزل بالمدينة؛ يُقيَّد بالمشهور","ما أوّل سورةٍ نزلت في المدينة؟","البقرة","ما أوّل سورةٍ نزلت في المدينة على المشهور؟","","",""
"ADM3465","القرآن الكريم","صعب","صياغة","الجواب مشتقّ في السؤال (تنزع/النازعات)","ما السورة التي تبدأ بالقسم بالملائكة التي تنزع الأرواح؟","النازعات","ما السورة التي تلي سورة النبأ في ترتيب المصحف؟","","",""
"ADM3471","القرآن الكريم","صعب","صياغة","سؤالان في سؤال واحد","ما الأمانة التي عرضها الله على السماوات والأرض فأبين حملها وحملها الإنسان — في أيّ سورة؟","الأحزاب","آية عرض الأمانة على السماوات والأرض والجبال فأبين أن يحملنها — في أيّ سورة؟","","",""
"ADM3472","القرآن الكريم","صعب","صياغة","سؤاله يذكر «الكوثر» جواب ADM2500","كم آيةً في سورة الكوثر؟","ثلاث","كم آيةً في أقصر سور القرآن الكريم؟","","",""
"ADM3473","القرآن الكريم","صعب","صياغة","جوابان: «حم عسق» خمسة أحرف أيضاً لكنّها في آيتين","ما أطول الحروف المقطّعة في فواتح السور؟","كهيعص","ما أطول الحروف المقطّعة التي جاءت في آيةٍ واحدة؟","","",""
"ADM3475","القرآن الكريم","صعب","صياغة","الجواب مشتقّ في السؤال (الغبن/التغابن)","سورةٌ اسمها من أسماء يوم القيامة يفيد الغبن والخسران — ما هي؟","التغابن","سورةٌ سُمّيت باسمٍ من أسماء يوم القيامة وتلي سورة المنافقون في المصحف — ما هي؟","","",""
"ADM3478","القرآن الكريم","صعب","صياغة","الجواب في السؤال («رقّ أزرق» / المصحف الأزرق)","ما اسم هذا المصحف الشهير الذي كُتب بالذهب على رقٍّ أزرق؟","المصحف الأزرق","ما اسم هذا المصحف الشهير المكتوب بماء الذهب؟","","",""
"ADM4213","القرآن الكريم","صعب","صياغة","جوابان: وُصف عذاب ثمود أيضاً بالرجفة والطاغية والصاعقة","بأيّ عذاب أهلك الله ثمود كما ورد في القرآن؟","الصيحة","بأيّ عذابٍ أهلك الله ثمود كما ورد في سورة هود؟","","",""
"ADM4217","القرآن الكريم","صعب","صياغة","سؤاله يذكر «سورة الهمزة» جواب ADM4202","ما اسم النار الذي ورد في سورة الهمزة؟","الحُطَمة","ما اسم النار التي «تطّلع على الأفئدة»؟","","",""
"ADM3443","القرآن الكريم","متوسط","صياغة","الجواب مشتقّ في السؤال (التشاور/الشورى)","ما السورة التي سُمّيت باسم مبدأ الحكم بالتشاور؟","الشورى","ما السورة التي تبدأ بـ«حم • عسق»؟","","",""
"ADM3447","القرآن الكريم","متوسط","صياغة","الجواب مشتقّ في السؤال (كثرة/التكاثر)","ما السورة التي ذمّت الانشغال بكثرة المال والولد حتى زيارة المقابر؟","التكاثر","ما السورة التي ذمّت التفاخر بالأموال والأولاد «حتى زرتم المقابر»؟","","",""
"ADM3451","القرآن الكريم","متوسط","صياغة","الجواب مشتقّ في السؤال (نزلت/النزول)","الحوادث التي نزلت الآيات بشأنها — ما اسم العلم الذي يبحث فيها؟","أسباب النزول","ما اسم العلم الذي يبحث في الحوادث والوقائع التي جاءت الآيات بشأنها؟","","",""
"ADM2513","القرآن الكريم","تعجيزي","مستوى","معروف لمحبّ الموضوع؛ ليس نادراً","هاروت وماروت ذُكرا في أيّ سورة؟","البقرة","","","صعب",""
"ADM2518","القرآن الكريم","تعجيزي","مستوى","معروف لمحبّ الموضوع؛ ليس نادراً","مسجد الضرار ورد ذكره في أيّ سورة؟","التوبة","","","صعب",""
"ADM3491","القرآن الكريم","تعجيزي","مستوى","النمرود مع إبراهيم مشهور؛ ليس تعجيزياً","من الملك الذي حاجّ إبراهيم عليه السلام في ربّه في سورة البقرة على المشهور؟","النمرود","","","صعب",""
"ADM2497","القرآن الكريم","صعب","عائلة","عائلة «ثمانية» مع M257","كم عدد حملة العرش يوم القيامة كما ورد في سورة الحاقّة؟","ثمانية","","","",""
"ADM3469","القرآن الكريم","صعب","عائلة","عائلة جديدة «حفصة» مع ADM2283 (كلاهما في عائلة أخرى)","عند من حُفظت صحف القرآن المجموعة بعد وفاة عمر رضي الله عنه؟","حفصة رضي الله عنها","","","",""
"ADM3477","القرآن الكريم","صعب","عائلة","عائلة «ثمود» مع ADM3303 (سورة الحجر)","ما السورة التي تعهّد الله فيها بحفظ الذكر «وإنّا له لحافظون»؟","الحجر","","","",""
"ADM1393","الكويت","تعجيزي","خطأ واقعة","مشكوك: نسبة البنك المركزي إلى آرثر إريكسون تحتاج تحقّقاً (عُرف في الكويت بمجمّع الصوابر)؛ وهو سؤال مصمّم معكوس","أيّ مبنىً كويتيّ صمّمه المعماريّ الكنديّ آرثر إريكسون؟","بنك الكويت المركزي","","","",""
"ADM2820","الكويت","سهل","خطأ واقعة","خطأ: «العميد» لقب نادي الكويت، والعربي «القلعة الخضراء»","أيّ نادٍ كويتيّ لكرة القدم يُلقّب بـ«العميد»؟","نادي العربي","«القلعة الخضراء» لقبُ أيّ نادٍ كويتيّ لكرة القدم؟","نادي العربي","",""
"ADM6290","الكويت","سهل","خطأ واقعة","مشكوك: السالمية يُلقّب «السماوي»","«العنيد» لقبُ أيّ نادٍ كويتيّ لكرة القدم؟","السالمية","«السماوي» لقبُ أيّ نادٍ كويتيّ لكرة القدم؟","","",""
"ADM2828","الكويت","سهل","خطأ واقعة","مشكوك: مستشفى جابر افتُتح 2018–2019 لا 2021","ما اسم أكبر مستشفىً في الكويت افتُتح سنة 2021 في منطقة جنوب السرّة؟","مستشفى جابر الأحمد","ما اسم أكبر مستشفىً في الكويت ويقع في منطقة جنوب السرّة؟","","",""
"H291","الكويت","صعب","خطأ واقعة","خطأ: أقصى الجزر جنوباً أمّ المرادم (ADM7381)؛ قاروه أبعدها عن البرّ","ما أبعد الجزر الكويتية نحو الجنوب؟","جزيرة قاروه","ما أبعد الجزر الكويتيّة عن البرّ في عرض البحر؟","","",""
"H362","الكويت","صعب","خطأ واقعة","مشكوك: سنة أوّل نادٍ رياضيّ (يُذكر النادي الأهلي 1952)","في أي عام تأسّس أول ناد رياضي في الكويت؟","1953","","","",""
"H447","الكويت","صعب","خطأ واقعة","خطأ: عبداللطيف الغانم رأس المجلس التأسيسي؛ أوّل رئيس لمجلس الأمّة (1963) عبدالعزيز حمد الصقر","ما اسم أول رئيس لمجلس الأمة الكويتي؟","عبداللطيف الغانم","","عبدالعزيز حمد الصقر","",""
"H454","الكويت","صعب","خطأ واقعة","مشكوك: أعلى نقطة في الكويت بمنطقة الشقايا جنوب غرب (نحو 300 م) لا جال الزور","ما اسم أعلى قمة أرضية في دولة الكويت؟","جال الزور","","","",""
"ADM6482","الكويت","تعجيزي","حجب","مكرّر مع E123 (البوم) — والواقعة سهلة لا تعجيزيّة","ما اسم نوع السفينة الكويتيّة الكبيرة التي كانت تُستخدم لأسفار الهند وأفريقيا؟","البوم","","","",""
"ADM3990","الكويت","صعب","حجب","مكرّر مع H269 (مجلة العربي منذ 1958) — كلٌّ يكشف الآخر","في أيّ عام صدر العدد الأوّل من مجلة «العربي» الكويتية؟","1958","","","",""
"H290","الكويت","صعب","حجب","مكرّر مع ADM6486 (بوّابات السور الثالث)","كم بوابة كان في سور الكويت الثالث؟","خمس بوابات","","","",""
"M494","الكويت","متوسط","حجب","الجواب مكشوف في سؤالي ADM6486 وH290 (سور الكويت الثالث)","ما اسم السور الذي بناه أهل الكويت سنة 1920 لحماية مدينتهم؟","سور الكويت الثالث","","","",""
"M507","الكويت","متوسط","حجب","الجواب مكشوف في أسئلة ADM1397 وADM1407 وH271 (برج التحرير)","أي برج كويتي بقي هيكلاً غير مكتمل سنواتٍ ثمّ افتُتح سنة 1996 وحمل اسماً يخلّد نهاية الغزو؟","برج التحرير","","","",""
"M725","الكويت","متوسط","حجب","جوابان: فرق شعبيّة كثيرة تؤدّي فنّ البحر؛ والجواب غير محدّد","ما اسم الفرقة الشعبية الكويتية التي تؤدّي فن البحر؟","فرقة النهّامين","","","",""
"ADM7386","الكويت","تعجيزي","صياغة","السؤال يكشف جواب M523 (المربعانيّة)","ما اسم الفترة الباردة التي تلي «المربعانيّة» في التقويم الكويتيّ؟","الشبط","ما اسم فترة البرد في التقويم الكويتيّ التي تمتدّ من أواخر يناير إلى أواخر فبراير؟","","",""
"ADM1383","الكويت","تعجيزي","صياغة","مشكوك/جوابان: يُلقّب أيضاً «عملاق الفنّ الخليجي» و«بو عدنان»","بأيّ لقبٍ عُرف الفنّان الكويتيّ عبدالحسين عبدالرضا؟","فنّان الخليج","","فنّان الخليج (عملاق الفنّ الخليجي)","",""
"E469","الكويت","سهل","صياغة","جوابان: الوصف (طحين وهيل وزعفران) ينطبق على الخبيص ADM7384","ما اسم الحلوى الكويتية التي تُقدَّم في الأعياد وتُصنع من الطحين والهيل والزعفران؟","الغريبة","ما اسم الحلوى الكويتيّة الهشّة من الطحين والسمن والسكّر تُزيَّن بحبّة فستق وتُقدَّم في الأعياد؟","","",""
"H360","الكويت","صعب","صياغة","السؤال يذكر عبدالعزيز الرشيد جواب H281","ما اسم أول مجلة أصدرها عبدالعزيز الرشيد سنة 1928 وتُعدّ فاتحة الصحافة في البلاد؟","مجلة الكويت","ما اسم أوّل مجلّة صدرت في البلاد سنة 1928 وتُعدّ فاتحة الصحافة فيها؟","","",""
"M493","الكويت","متوسط","صياغة","السؤال يكشف جواب H359 (معركة الجهراء)","ما اسم القصر الذي احتمى فيه الكويتيون في معركة الجهراء سنة 1920؟","القصر الأحمر","ما اسم القصر الطينيّ التاريخيّ الذي صمد فيه الكويتيّون أمام هجوم الإخوان سنة 1920؟","","",""
"M503","الكويت","متوسط","صياغة","الجواب في السؤال («الصندوق الكويتي»)","ما اسم الصندوق الكويتي الذي أُنشئ سنة 1961 وكان أول صندوق تنمية من نوعه في العالم العربي؟","الصندوق الكويتي للتنمية الاقتصادية العربية","ما اسم المؤسّسة الكويتيّة التي أُنشئت سنة 1961 وكانت أوّل جهة عربيّة لتمويل التنمية في الدول الأخرى؟","","",""
"","الكويت","تعجيزي","بديل","بدل ADM6482 (الخليّة 30)","","","ماذا يسمّي الغوّاصون الكويتيّون المِشبك الذي يسدّ به الغوّاص أنفه؟","الفطام","",""
"E292","الكويت","سهل","عائلة","الإجابة نفسها في لوكيشن ADM8443 بلا عائلة مشتركة ‖ عائلة جديدة «برج الحمراء» مع ADM8443","ما أطول برج في دولة الكويت؟","برج الحمراء","","","",""
"E376","الكويت","سهل","عائلة","الإجابة نفسها في لوكيشن ADM8454 بلا عائلة مشتركة ‖ عائلة جديدة «استاد جابر» مع ADM8454","ما اسم الملعب الذي يستضيف مباريات المنتخب الكويتي الكبرى؟","استاد جابر الأحمد الدولي","","","",""
"E468","الكويت","سهل","عائلة","الإجابة نفسها في لوكيشن ADM8449 بلا عائلة مشتركة ‖ عائلة جديدة «سوق شرق» مع ADM8449","ما اسم أشهر سوق للسمك في مدينة الكويت؟","سوق شرق","","","",""
"M508","الكويت","متوسط","عائلة","الإجابة نفسها في لوكيشن ADM8489 بلا عائلة مشتركة ‖ عائلة جديدة «جسر جابر» مع ADM8489","ما اسم الجسر البحري الطويل الذي افتُتح سنة 2019 ويربط مدينة الكويت بالصبية؟","جسر الشيخ جابر الأحمد","","","",""
"M629","الكويت","متوسط","عائلة","الإجابة نفسها في لوكيشن ADM8465 بلا عائلة مشتركة ‖ عائلة جديدة «المستشفى الأميري» مع ADM8465","ما اسم أول مستشفى حكومي أُنشئ في الكويت؟","المستشفى الأميري","","","",""
"H279","الكويت","صعب","عائلة","الإجابة نفسها في لوكيشن ADM8713 بلا عائلة مشتركة ‖ عائلة جديدة «المباركية» مع ADM8713","ما أول مدرسة نظامية أُنشئت في الكويت سنة 1911؟","المدرسة المباركية","","","",""
"H286","الكويت","صعب","عائلة","الإجابة نفسها في لوكيشن ADM8451 بلا عائلة مشتركة ‖ عائلة جديدة «مركز جابر الثقافي» مع ADM8451","ما اسم المركز الثقافي الضخم الذي افتُتح سنة 2016 ويُعدّ من أكبر المراكز الثقافية في المنطقة؟","مركز الشيخ جابر الأحمد الثقافي","","","",""
"H288","الكويت","صعب","عائلة","الإجابة نفسها في لوكيشن ADM8531 بلا عائلة مشتركة ‖ عائلة جديدة «بيت السدو» مع ADM8531","ما اسم البيت التراثي في الكويت الذي يحفظ حرفة النسيج البدوي ويعرض منتجاتها؟","بيت السدو","","","",""
"ADM7373","الكويت","سهل","عائلة","الإجابة نفسها في لوكيشن ADM8456 بلا عائلة مشتركة ‖ عائلة جديدة «حديقة الشهيد» مع ADM8456","ما اسم الحديقة الكبيرة التي افتُتحت سنة 2015 على امتداد موقع سور الكويت القديم؟","حديقة الشهيد","","","",""
"ADM1393","الكويت","تعجيزي","عائلة","الإجابة نفسها في لوكيشن ADM8471 بلا عائلة مشتركة ‖ عائلة جديدة «بنك الكويت المركزي» مع ADM8471","أيّ مبنىً كويتيّ صمّمه المعماريّ الكنديّ آرثر إريكسون؟","بنك الكويت المركزي","","","",""
"ADM1395","الكويت","تعجيزي","عائلة","الإجابة نفسها في لوكيشن ADM8452 بلا عائلة مشتركة ‖ عائلة جديدة «مجلس الأمة» مع ADM8452","أيّ مبنىً كويتيّ صمّمه صاحبُ دار أوبرا سيدني؟","مجلس الأمّة","","","",""
"PA191","أمثال وألغاز","صعب","خطأ واقعة","مشكوك: القائمة تختلف في الروايات (بقرة موسى وُلدت ولادةً؛ ويُذكر بدلها طير عيسى أو غيره)، وجواب من سبعة بنود لا يصلح لحكم","أنشدك عن سبعة، لا هم من الإنس ولا من الجن، ولا من بطن أم ولا من ظهر أب؛ من هم؟","آدم، وحواء، وغراب هابيل، وناقة صالح، وكبش إسماعيل، وبقرة موسى، وعصا موسى التي صارت حيّة","","","",""
"ADM4445","أمثال وألغاز","سهل","حجب","تافه: خدعة الكيلو يعرفها كلّ حاضر","أيّهما أثقل: كيلو من الحديد أم كيلو من القطن؟","متساويان","","","",""
"H486","أمثال وألغاز","صعب","حجب","مكرّر مع ADM4440 (تطابق عقربي الساعة)","كم مرّة تتطابق عقارب الساعة تماماً في اثنتي عشرة ساعة؟","إحدى عشرة مرة","","","",""
"H479","أمثال وألغاز","صعب","حجب","الجواب غير محدّد («مبدأ») ولا يُحكم عليه","أمامك جسر يتحمّل شخصين فقط والليل مظلم ولديك مصباح واحد يجب أن يعود مع من يعبر. ما المبدأ الذي يوجب أن يعود أسرع العابرين بالمصباح؟","تقليل زمن الرحلات المتكرّرة","","","",""
"PA082","أمثال وألغاز","صعب","حجب","الجواب في نصّ ADM1349 («رجع بخفّي حنين») وADM1350","رجع…","بخُفَّي حُنين","","","",""
"PA103","أمثال وألغاز","صعب","حجب","مكرّر مع ADM4442 (اللغز نفسه معكوساً)؛ و«الأبناء» ملتبسة","لأسرة ست بنات، ولكل بنت أخ واحد. كم عدد الأبناء في الأسرة؟","سبعة أبناء: ست بنات وأخ واحد","","","",""
"ADM1360","أمثال وألغاز","متوسط","حجب","نصّه يكشف جواب PA083 («سبق السيف… العذل»)","ماذا يعني «سبق السيف العذل»؟","فات أوان اللوم","","","",""
"ADM1366","أمثال وألغاز","متوسط","حجب","نصّه يكشف جواب PA084 («الصيف… ضيّعت اللبن»)","المثل «الصيف ضيّعت اللبن» يُضرب لمن؟","من فرّط ثمّ ندم","","","",""
"ADM4457","أمثال وألغاز","متوسط","حجب","نصّه يكشف جواب ADM4443 (الأعور)","من الذي يتمنّى أن يكون أعور؟","الأعمى","","","",""
"PA065","أمثال وألغاز","متوسط","حجب","جوابان ومكرّر مع ADM4459 (يخرج من الماء وإذا عاد إليه مات = الملح/الثلج)","ما الشيء الذي يولد من الماء، وإذا عاد إليه مات؟","الثلج","","","",""
"ADM1368","أمثال وألغاز","تعجيزي","صياغة","اسم «براقش» يكشف جواب PA059 (على نفسها جنت براقش)","براقش كلبةٌ دلّت الأعداء على أهلها — فبأيّ شيءٍ دلّتهم؟","بنباحها","كلبةٌ ضُرب بها المثل لأنّها دلّت الأعداء على أهلها فهلكوا — بأيّ شيءٍ دلّتهم؟","","",""
"ADM4486","أمثال وألغاز","صعب","صياغة","جوابان: أنت أو أخوك","من ابن خالِ ابنِ عمّتك؟","أنت","","أنت (أو أخوك)","",""
"H481","أمثال وألغاز","صعب","صياغة","الجواب ملتبس، وشرط «لا إخوة لزوجها» زائد","تقول امرأة: هذا الرجل أخو ابن أخت زوجي الوحيدة. ما صلته بها إن لم يكن لزوجها إخوة؟","ابن أختها بالزواج","تقول امرأة عن رجل: هو أخو ابنِ أختِ زوجي الوحيدة. ما صلته بزوجها؟","ابن أخت زوجها","",""
"PA150","أمثال وألغاز","سهل","صياغة","نقطة زائدة في الجواب","اللي ما يعرف الصقر…","يشويه.","","يشويه","",""
"M754","أمثال وألغاز","متوسط","صياغة","جوابان: الجسر يصحّ أيضاً","ما الشيء الذي يعبر النهر ولا يبتلّ ظهره؟","القارب","","القارب (ويُقبل الجسر)","",""
"ADM6477","أمثال وألغاز","تعجيزي","مستوى","مثل شائع جدّاً في الشام ومصر","«يا ماخذ القرد على ماله…» — أكمل المثل","يروح المال ويبقى القرد على حاله","","","متوسط",""
"ADM6478","أمثال وألغاز","تعجيزي","مستوى","مثل خليجي دارج","«اللي يبي الدح…» — أكمل المثل","ما يقول أح","","","متوسط",""
"ADM6479","أمثال وألغاز","تعجيزي","مستوى","من أشهر الأمثال","«ضربني وبكى…» — أكمل المثل","وسبقني واشتكى","","","سهل",""
"ADM6480","أمثال وألغاز","تعجيزي","مستوى","من أشهر الأمثال؛ وعائلة مع ADM6569 (ولا كلمة: الجود من الموجود)","«الجود…» — أكمل المثل","من الموجود","","","سهل",""
"ADM7297","أمثال وألغاز","تعجيزي","مستوى","مثل دارج","أكمل المثل: «من شاف بلاوي الناس…»","هانت عليه بلوته","","","متوسط",""
"ADM7298","أمثال وألغاز","تعجيزي","مستوى","مثل دارج","أكمل المثل: «ما كلّ بيضا شحمة…»","ولا كلّ سودا فحمة","","","متوسط",""
"ADM7300","أمثال وألغاز","تعجيزي","مستوى","مثل دارج","أكمل المثل: «ما يمدح السوق…»","إلّا من ربح فيه","","","متوسط",""
"ADM7301","أمثال وألغاز","تعجيزي","مستوى","مثل مشهور جدّاً","أكمل المثل: «أعطِ القوس…»","باريها","","","متوسط",""
"ADM7305","أمثال وألغاز","تعجيزي","مستوى","مثل مشهور جدّاً","أكمل المثل: «الحديث ذو…»","شجون","","","متوسط",""
"ADM7306","أمثال وألغاز","تعجيزي","مستوى","مثل مشهور جدّاً","أكمل المثل: «مُكرهٌ أخاك…»","لا بطل","","","متوسط",""
"ADM1362","أمثال وألغاز","تعجيزي","مستوى","«أشأم من غراب» معروف؛ ليس نادراً","بأيّ طائرٍ يُضرب المثل في الشؤم عند العرب؟","الغراب","","","متوسط",""
"","أمثال وألغاز","تعجيزي","بديل","بديل لما نُقل من تعجيزي (الخليّة عند 30)؛ غير مكرّر في الفهرس","","","«أندمُ من…» — من الرجل الذي كسر قوسه ظنّاً أنّه أخطأ الصيد فلمّا أصبح وجد الحُمُر مصروعة؟","الكُسَعيّ","",""
"","أمثال وألغاز","تعجيزي","بديل","بديل لما نُقل من تعجيزي (الخليّة عند 30)؛ غير مكرّر في الفهرس","","","«أشأمُ من عطر…» — عطرُ امرأةٍ غمس فيه قومٌ أيديهم وتحالفوا على القتال فلم يعد منهم أحد؛ ما اسمها؟","منشم","",""
"","أمثال وألغاز","تعجيزي","بديل","بديل لما نُقل من تعجيزي (الخليّة عند 30)؛ غير مكرّر في الفهرس","","","«أحمقُ من…» — رجلٌ علّق في عنقه قلادةً ليعرف بها نفسه؛ من هو؟","هبنّقة","",""
"","أمثال وألغاز","تعجيزي","بديل","بديل لما نُقل من تعجيزي (الخليّة عند 30)؛ غير مكرّر في الفهرس","","","«أبخلُ من…» — رجلٌ سقى إبله ثمّ أفسد ماء الحوض كي لا يشرب منه غيره؛ من هو؟","مادر","",""
"","أمثال وألغاز","تعجيزي","بديل","بديل لما نُقل من تعجيزي (الخليّة عند 30)؛ غير مكرّر في الفهرس","","","«أجودُ من…» — رجلٌ آثر رفيقه بنصيبه من الماء في الصحراء حتى مات عطشاً؛ من هو؟","كعب بن مامة","",""
"","أمثال وألغاز","تعجيزي","بديل","بديل لما نُقل من تعجيزي (الخليّة عند 30)؛ غير مكرّر في الفهرس","","","«أعيا من…» — رجلٌ سُئل عن ثمن ظبيٍ اشتراه ففتح كفّيه وأخرج لسانه يشير إلى أحد عشر، فأفلت الظبي؛ من هو؟","باقل","",""
"","أمثال وألغاز","تعجيزي","بديل","بديل لما نُقل من تعجيزي (الخليّة عند 30)؛ غير مكرّر في الفهرس","","","«أعدى من…» — صعلوكٌ جاهليّ يُضرب به المثل في سرعة العَدْو، أمّه سُلَكة؛ من هو؟","السُّلَيك بن السُّلَكة","",""
"","أمثال وألغاز","تعجيزي","بديل","بديل لما نُقل من تعجيزي (الخليّة عند 30)؛ غير مكرّر في الفهرس","","","«أدهى من…» — سيّد عبس الذي يُضرب به المثل في الدهاء أيّام حرب داحس والغبراء؛ من هو؟","قيس بن زهير","",""
"","أمثال وألغاز","تعجيزي","بديل","بديل لما نُقل من تعجيزي (الخليّة عند 30)؛ غير مكرّر في الفهرس","","","أكمل المثل: «إنّ العصا…»","من العُصَيّة","",""
"","أمثال وألغاز","تعجيزي","بديل","بديل لما نُقل من تعجيزي (الخليّة عند 30)؛ غير مكرّر في الفهرس","","","أكمل المثل: «عادت لِعِترها…»","لَمِيس","",""
"","أمثال وألغاز","تعجيزي","بديل","بديل لما نُقل من تعجيزي (الخليّة عند 30)؛ غير مكرّر في الفهرس","","","أكمل المثل: «كلُّ فتاةٍ بأبيها…»","مُعجَبة","",""
"ADM4427","أمثال وألغاز","سهل","عائلة","عائلة «البطيخ» مع PA156 (اللغز نفسه: خضراء، سود، تُفتح بالحديد)","مدينة خضراء، سكّانها سود، أنهارها حمراء، وتُفتح بالحديد؛ فما هي؟","البطيخة","","","",""
"PA156","أمثال وألغاز","صعب","عائلة","عائلة «البطيخ» مع ADM4427","قبة خضرا متروسة عبيد، القفل قفل الله والمفتاح حديد؛ ما هي؟","الرقي «البطيخ»","","","",""
"ADM4438","أمثال وألغاز","سهل","عائلة","عائلة «البصل» مع PA151","شيء إذا ذبحته بكيت عليه؛ فما هو؟","البصل","","","",""
"PA151","أمثال وألغاز","صعب","عائلة","عائلة «البصل» مع ADM4438","بنتنا بزة، بالقاع مرتزة، تفصخ الثوب الأحمر وتلبس الجزة، فما هي؟","البصلة","","","",""
"ADM4477","أمثال وألغاز","سهل","عائلة","عائلة «الساعة» مع E502","ما الشيء الذي ينبض بلا قلب؟","الساعة","","","",""
"E502","أمثال وألغاز","سهل","عائلة","عائلة «الساعة» مع ADM4477","ما الشيء الذي يدور في البيت ولا يخرج منه؟","الساعة الجدارية","","","",""
"ADM4480","أمثال وألغاز","سهل","عائلة","عائلة «عقارب الساعة» مع M755","ما العقرب الذي لا يلدغ ولا يخافه أحد؟","عقرب الساعة","","","",""
"M755","أمثال وألغاز","متوسط","عائلة","عائلة «عقارب الساعة» مع ADM4480","ثلاثة إخوة يجرون خلف بعضهم بلا لحاق: أسرعهم أنحفهم وأبطؤهم أقصرهم؛ ما هم؟","عقارب الساعة","","","",""
"ADM4454","أمثال وألغاز","سهل","عائلة","عائلة «الظلّ» مع M652 وADM4466","كبير عند الشروق، صغير عند الظهيرة، كبير عند المساء؛ فما هو؟","الظلّ","","","",""
"M652","أمثال وألغاز","متوسط","عائلة","عائلة «الظلّ» مع ADM4454 وADM4466","ما الشيء الذي يمشي أمامك أينما ذهبت ولا يسبقك في الظلام؟","ظلّك","","","",""
"ADM4466","أمثال وألغاز","متوسط","عائلة","عائلة «الظلّ» مع ADM4454 وM652","شيء في حجم الفيل وأخفّ من الريشة؛ فما هو؟","ظلّه","","","",""
"PA033","أمثال وألغاز","سهل","عائلة","عائلة «البيضة» مع PA139","ما الشيء الذي إذا غليته تجمّد؟","البيض","","","",""
"PA139","أمثال وألغاز","متوسط","عائلة","عائلة «البيضة» مع PA033","منحازنا منحاز حلب، نصه شاخ ونصه ذهب، فما هو؟","البيضة","","","",""
"H381","أمثال وألغاز","صعب","عائلة","عائلة «الكرة الأثقل» مع PA120 (اللغز نفسه بتسع/ثماني كرات)","لديك 9 كرات متشابهة وواحدة أثقل، وميزان كفتين. ما أقلّ عدد من الوزنات يكفي لتحديدها يقيناً؟","وزنتان","","","",""
"PA120","أمثال وألغاز","صعب","عائلة","عائلة «الكرة الأثقل» مع H381","لديك ثماني كرات متشابهة وواحدة منها أثقل. كيف تحددها بوزنتين فقط بميزان كفتين؟","زن ثلاثًا مقابل ثلاث؛ إن تساوتا فالثقيلة بين الباقيتين، وإلا ففي الكفة الأثقل. ثم زن كرة مقابل كرة من المجموعة المشتبه بها","","","",""
"PA121","أمثال وألغاز","سهل","عائلة","عائلة مع ADM6610 (ولا كلمة: اللي ما له أول ما له تالي)","اللي ما له أول…","ما له تالي","","","",""
"ADM1349","أمثال وألغاز","تعجيزي","عائلة","عائلة «حنين» مع ADM1350","ما مهنة «حنين» صاحب المثل «رجع بخفّي حنين»؟","إسكافي","","","",""
"ADM1350","أمثال وألغاز","تعجيزي","عائلة","عائلة «حنين» مع ADM1349","في أيّ مدينةٍ عاش حنين صاحب الخفّين؟","الحيرة","","","",""
"ADM1353","أمثال وألغاز","تعجيزي","عائلة","عائلة «قصير» مع ADM1354","من «قصير» في المثل «لأمرٍ ما جدع قصير أنفه»؟","قصير بن سعد","","","",""
"ADM1354","أمثال وألغاز","تعجيزي","عائلة","عائلة «قصير» مع ADM1353","ما اسم الملكة التي خدعها قصير في القصّة؟","الزبّاء","","","",""
"ADM3064","أنمي","صعب","خطأ واقعة","خطأ: كيلوا شعره أبيض/فضّيّ وعيناه زرقاوان، لا أشقر بعينين فضّيّتين؛ و«الشقراء» خطأ لغويّ","ما اسم صديق غون الشقراء ذي العينين الفضّيّتين من عائلة قتلة؟","كيلوا","ما اسم صديق غون ذي الشعر الفضّيّ المنحدر من عائلة قتلة في «هنتر × هنتر»؟","","",""
"ADM2646","أنمي","صعب","خطأ واقعة","متقادم: كُشف 2022 أنّ اسمها الحقيقيّ «هيتو هيتو نو مي، نموذج نيكا»","ثمرة الشيطان التي جعلت جسم لوفي مطّاطاً — ما اسمها؟","غومو غومو نو مي","بأيّ اسمٍ عُرفت ثمرة الشيطان التي جعلت جسم لوفي مطّاطاً قبل كشف اسمها الحقيقيّ؟","","",""
"ADM2629","أنمي","متوسط","خطأ واقعة","متقادم: تجاوزه «قلعة اللانهاية» 2025 في الإيرادات","أعلى فيلم أنمي إيراداً في التاريخ حتّى 2024 وهو جزءٌ من «قاتل الشياطين» — ما اسمه؟","قطار موغن (Mugen Train)","فيلم «قاتل الشياطين» الذي صار عام 2020 أعلى الأفلام إيراداً في تاريخ اليابان — ما اسمه؟","","",""
"ADM3068","أنمي","صعب","خطأ واقعة","متقادم: صارت أجزاء «جوجو» تسعة (JoJoLands 2023)","ما اسم سلسلة الأنمي ذات الأجزاء الثمانية عن عائلةٍ تحارب بأرواحٍ تُدعى «ستاند»؟","مغامرات جوجو الغريبة","ما اسم سلسلة الأنمي متعدّدة الأجزاء عن عائلةٍ تحارب بأرواحٍ تُدعى «ستاند»؟","","",""
"ADM3073","أنمي","صعب","خطأ واقعة","مشكوك: سبيستون انطلقت 2000 ومقرّها دبي (الإمارات) وإن كان مؤسّسوها ودبلجتها سوريّين — تحقّق أو صغ «أيّ بلدٍ عربيّ دُبلجت فيه أغلب برامج سبيستون؟»","في أيّ بلدٍ عربيّ تأسّست قناة سبيستون؟","سوريا","","","",""
"ADM2667","أنمي","تعجيزي","صياغة","السؤال يذكر «ون بيس» و«بليتش» وهما جوابا ADM3022 وADM2609 بعائلات مختلفة","ما اسم المجلّة الأسبوعيّة اليابانيّة التي نُشرت فيها «ون بيس» و«ناروتو» و«بليتش»؟","شونن جمب","ما اسم أشهر مجلّة مانغا أسبوعيّة يابانيّة، تصدرها «شويشا» منذ 1968؟","","",""
"ADM2675","أنمي","تعجيزي","صياغة","السؤال يذكر «إيفانجيليون» جواب ADM2616 (بلا عائلة)","أنتج «إيفانجيليون» الأصليّ عام 1995 — ما اسم الاستوديو؟","غاينكس (Gainax)","ما اسم الاستوديو الذي أنتج عام 1995 المسلسل الأصليّ عن فتىً يقود روبوتاً عملاقاً ضدّ كائناتٍ تُدعى «الملائكة»؟","","",""
"ADM2603","أنمي","سهل","صياغة","الجواب البديل «الثعلب ذو الذيول التسعة» مكشوف في السؤال","في «ناروتو»، ما اسم الوحش ذي الذيول التسعة المختوم داخل البطل؟","كوراما (الثعلب ذو الذيول التسعة)","في «ناروتو»، ما الوحش المختوم داخل البطل؟","الثعلب ذو الذيول التسعة (كوراما)","",""
"ADM3042","أنمي","متوسط","صياغة","«ذي الدروع» يكشف «المدرّع»","ما اسم العملاق الضخم ذي الدروع الذي يحطّم البوّابة الداخليّة؟","العملاق المدرّع","ما اسم العملاق الذي اندفع فحطّم البوّابة الداخليّة لجدار ماريا في «هجوم العمالقة»؟","","",""
"ADM3043","أنمي","متوسط","صياغة","«رقصة النار» ترجمة «هينوكامي كاغورا» — الجواب في السؤال","ما اسم تقنية التنفّس التي ورثها تانجيرو عن أبيه ورقصة النار؟","تنفّس الشمس (هينوكامي كاغورا)","ما اسم أوّل تقنيات التنفّس وأقواها التي ورثها تانجيرو عن أبيه؟","","",""
"ADM1253","أنمي","صعب","مستوى","استوديو ميازاكي معروف لكلّ متابع — متوسط لا صعب","ما اسم استوديو الرسوم الذي أسّسه هاياو ميازاكي؟","ستوديو جيبلي","","","متوسط",""
"ADM3036","أنمي","سهل","مستوى","أكيهابارا لا يعرفه أكثر البالغين — متوسط","ما اسم هذا الحيّ في طوكيو الذي يُعدّ عاصمة الأنمي والألعاب الإلكترونيّة؟","أكيهابارا","","","متوسط",""
"ADM3066","أنمي","صعب","مستوى","بطل «بليتش» يعرفه كلّ متابع — متوسط","ما اسم بطل «بليتش» ذي الشعر البرتقاليّ؟","إيتشيغو كوروساكي","","","متوسط",""
"ADM3085","أنمي","صعب","مستوى","«كوسبلاي» ثقافة عامّة — متوسط لا صعب","ما المصطلح لفنّ تقليد شخصيّات الأنمي بالملابس؟","كوسبلاي","","","متوسط",""
"ADM3098","أنمي","صعب","مستوى","شينرون مشهور جدّاً — متوسط","ما اسم التنّين الذي يحقّق الأمنيات في «دراغون بول»؟","شينرون","","","متوسط",""
"ADM1264","أنمي","صعب","نقل","مؤلّفة رواية لا سؤال أنمي","من مؤلّفة رواية الفتاة التي عاشت في جبال الألب؟","يوهانا شبيري","","","","أدب وفنون"
"ADM1265","أنمي","صعب","نقل","مؤلّفة رواية لا سؤال أنمي","من مؤلّفة رواية «آن في المرتفعات الخضراء»؟","لوسي مود مونتغمري","","","","أدب وفنون"
"ADM3092","أنمي","تعجيزي","عائلة","نصّه يذكر «شونن جمب» جواب ADM2667 — أضف عائلة «شونن جمب»","ما اسم مجلّة شونن جمب المنافسة التي تنشر «فيري تيل» وتصدر عن كودانشا؟","شونن ماغازين","","","",""
"ADM2616","أنمي","سهل","عائلة","ADM3074 يذكر «إيفا 01» — أضف عائلة «إيفانجيليون»","فتىً يقود روبوتاً عملاقاً لقتال كائناتٍ تُدعى «الملائكة» — ما اسم الأنمي؟","إيفانجيليون","","","",""
"ADM2659","أنمي","صعب","عائلة","جوابه «فيوليت إيفرغاردن» مذكور في نصّ ADM2677 (عائلة استوديوهات) — أضف عائلة «استوديوهات»","جنديّةٌ سابقة بذراعين معدنيّتين تعمل كاتبة رسائل بعد الحرب — ما اسم الأنمي؟","فيوليت إيفرغاردن","","","",""
"ADM2618","أنمي","سهل","عائلة","جوابه «اسمك» مذكور في نصّ ADM2639 (عائلة شينكاي) — اجعل العائلة «شينكاي»","ما اسم فيلم الأنمي الذي يتبادل فيه فتىً وفتاة جسديهما في الأحلام (2016)؟","اسمك (Your Name)","","","",""
"ADM1253","أنمي","صعب","عائلة","«جيبلي» مذكورة في ADM3027 وADM3089 وغيرهما (عائلة جيبلي) — أضف عائلة «جيبلي»","ما اسم استوديو الرسوم الذي أسّسه هاياو ميازاكي؟","ستوديو جيبلي","","","",""
"ADM7307","أنمي","تعجيزي","عائلة","يذكر «زورو» جواب ADM2619 — أضف عائلة «ون بيس»","ما اسم سيف زورو الأبيض الذي ورثه عن صديقة طفولته كوينا؟","وادو إيتشيمونجي","","","",""
"ADM7310","أنمي","تعجيزي","عائلة","يذكر «قبّعة القشّ» جواب ADM2625 — أضف عائلة «ون بيس»","ما اسم السفينة الثانية لقراصنة قبّعة القشّ بعد «غوينغ ميري»؟","ثاوزند صني","","","",""
"ADM7309","أنمي","تعجيزي","عائلة","يذكر «قرية الورق» جواب ADM3020 — أضف عائلة «ناروتو»","ما اسم مطعم الرامن الذي يعشقه ناروتو في قرية الورق؟","إيتشيراكو","","","",""
"ADM7312","أنمي","تعجيزي","عائلة","يذكر «خدمة توصيل كيكي» جواب ADM3044 — أضف عائلة «جيبلي»","ما اسم القطّ الأسود الناطق رفيق الساحرة في «خدمة توصيل كيكي»؟","جيجي","","","",""
"ADM7313","أنمي","تعجيزي","عائلة","يذكر «توتورو» جواب ADM3027 — أضف عائلة «جيبلي»","ما اسم القطّ العملاق الذي يسير كالحافلة في «جاري توتورو»؟","قطّ الحافلة (نيكوباس)","","","",""
"ADM7314","أنمي","تعجيزي","عائلة","يذكر «هنتر × هنتر» جواب ADM2627 — أضف عائلة «هنتر»","ما اسم الطاقة الروحيّة التي يتدرّب عليها الصيّادون في «هنتر × هنتر»؟","النين","","","",""
"ADM7315","أنمي","تعجيزي","عائلة","يذكر «كيلوا» جواب ADM3064 — أضف عائلة «هنتر»","ما اسم عائلة القتلة الشهيرة التي ينتمي إليها كيلوا؟","زولديك","","","",""
"ADM5442","إيموجي","تعجيزي","خطأ واقعة","مشكوك: هل «سيد الرجال» مسرحيّة كويتيّة معروفة؟ تحقّق","👑 👨 👨 👨 🎭 — ما المسرحية الكويتية؟","سيد الرجال","","","",""
"ADM5444","إيموجي","تعجيزي","خطأ واقعة","مشكوك: هل «أبو الملايين» مسلسل كويتيّ معروف؟ تحقّق","👨 💰 💰 💰 📺 — ما المسلسل الكويتي؟","أبو الملايين","","","",""
"ADM5450","إيموجي","تعجيزي","مستوى","ترانسفورمرز مكشوف بالرموز (سيارة ← روبوت)","🚗 ➡️ 🤖 🎬 — ما الفيلم؟","ترانسفورمرز","","","متوسط",""
"ADM7348","إيموجي","تعجيزي","مستوى","كينغ كونغ مكشوف بالرموز","🦍 🏙️ ✈️ — ما الفيلم؟","كينغ كونغ","","","متوسط",""
"ADM5406","إيموجي","صعب","مستوى","«زوروني كل سنة مرة» أصعب ما في صعب؛ يعوّض تعجيزي","🎵 🚪 🗓️ 1️⃣ — ما الأغنية؟","زوروني كل سنة مرة","","","تعجيزي",""
"ADM5410","إيموجي","صعب","مستوى","«زيديني عشقاً» نادر الحلّ بالرموز؛ يعوّض تعجيزي","🎵 ➕ ❤️ 🔥 — ما الأغنية؟","زيديني عشقاً","","","تعجيزي",""
"","إيموجي","صعب","بديل","بدل ما نُقل من صعب إلى تعجيزي","","","🏜️ 🐛 🪐 🗡️ 🎬 — ما الفيلم؟","كثيب (Dune)","",""
"","إيموجي","صعب","بديل","بدل ما نُقل من صعب إلى تعجيزي","","","👨‍🚀 🥔 🔴 🪐 🎬 — ما الفيلم؟","المرّيخي (The Martian)","",""
"ADM5388","إيموجي","متوسط","عائلة","سندباد في ADM7263 (أغاني) بعائلة «سندباد» وهذا بلا عائلة ‖ عائلة «سندباد» مع ADM7263","🚢 🧞 🗺️ 👦 — ما الكرتون؟","سندباد","","","",""
"E223","تاريخ وحضارات","سهل","خطأ واقعة","خطأ: آخر ملوك مصر هو أحمد فؤاد الثاني (ويناقض ADM5235)؛ فاروق آخر ملك فعليّ","من آخر ملوك مصر قبل قيام الجمهورية؟","الملك فاروق","من ملك مصر الذي أُجبر على التنازل عن العرش بعد ثورة 1952؟","الملك فاروق","",""
"ADM5226","تاريخ وحضارات","صعب","خطأ واقعة","خطأ: القوتلي رئيس منذ 1943 لا «أوّل مرّة سنة 1946»","من تولّى رئاسة سوريا أوّل مرّة بعد الاستقلال سنة 1946؟","شكري القوتلي","من كان رئيس سوريا عند جلاء الفرنسيين عنها سنة 1946؟","شكري القوتلي","",""
"ADM5258","تاريخ وحضارات","صعب","خطأ واقعة","مشكوك: أوّل زاوية سنوسية أُسّست في مكة 1837 ومؤسّسها جزائري؛ ليبيا مركزها لا منشؤها","في أيّ بلد عربي نشأت الحركة السنوسية؟","ليبيا","في أيّ بلد عربي قادت الحركة السنوسية المقاومة ضدّ الاحتلال الإيطالي؟","ليبيا","",""
"M597","تاريخ وحضارات","متوسط","خطأ واقعة","خطأ: أوّل مستوطنة إنجليزية جيمستاون 1607؛ ماي فلاور حملت «الحجّاج» سنة 1620","ما اسم السفينة التي حملت أول المستوطنين الإنجليز إلى أمريكا؟","ماي فلاور","ما اسم السفينة التي حملت «الآباء الحجّاج» الإنجليز إلى أمريكا سنة 1620؟","ماي فلاور","",""
"ADM1413","تاريخ وحضارات","تعجيزي","حجب","مكرّر: ADM2152 (حضارات قديمة) ينصّ على أنّ معركة قادش تلتها أوّل معاهدة سلام معروفة","ما اسم أوّل معاهدة سلامٍ مكتوبة في التاريخ؟","معاهدة قادش","","","",""
"ADM1424","تاريخ وحضارات","تعجيزي","حجب","سؤال «من المؤسّس» ممنوع في التعجيزي، ويكشف جواب M040 (جامعة القرويين)","أيّ امرأةٍ أسّست جامعة القرويين في فاس؟","فاطمة الفهرية","","","",""
"ADM6268","تاريخ وحضارات","سهل","حجب","تافه لجمهور خليجي: كلّ حاضر يعرف سنة الغزو","في أيّ عامٍ وقع الغزو العراقيّ للكويت؟","1990","","","",""
"E003","تاريخ وحضارات","سهل","حجب","تافه، ومكرّر مع ADM2118 (حضارات قديمة) الذي يذكر الكولوسيوم في روما","في أي مدينة يقع مدرج الكولوسيوم؟","روما","","","",""
"E212","تاريخ وحضارات","سهل","حجب","مكرّر مع ADM3202 (الصحابة والتابعون): الواقعة نفسها فاتح مصر","من القائد المسلم الذي فتح مصر؟","عمرو بن العاص","","","",""
"ADM5164","تاريخ وحضارات","صعب","حجب","الجواب في السؤال (أغسطس ← أغسطس قيصر)","نسبةً إلى من سُمّي شهر أغسطس؟","أغسطس قيصر","","","",""
"H325","تاريخ وحضارات","صعب","حجب","الجواب مكشوف في H174 وADM5233 (الدولة الفاطمية)، ومكرّر مع ADM8754، ومشكوك: الأدارسة علويّون سبقوها","ما اسم أول دولة شيعية قامت في المغرب العربي؟","الدولة الفاطمية","","","",""
"ADM5174","تاريخ وحضارات","متوسط","حجب","الجواب مكشوف في ADM7503 (انفجار تشرنوبل سنة 1986)","في أيّ عام وقعت كارثة مفاعل تشرنوبل النووي؟","1986","","","",""
"M049","تاريخ وحضارات","متوسط","حجب","مكرّر مع H151 (إسلامي): مؤسّس الدولة الأموية معاوية","من مؤسس الدولة الأموية؟","معاوية بن أبي سفيان","","","",""
"M172","تاريخ وحضارات","متوسط","حجب","الجواب مكشوف في ADM5323 وADM5263 (طارق بن زياد)","من القائد المسلم الذي فتح الأندلس؟","طارق بن زياد","","","",""
"M417","تاريخ وحضارات","متوسط","حجب","الجواب مكشوف في ADM5241 (إلغاء الخلافة سنة 1924)","في أي عام أُلغيت الخلافة العثمانية؟","1924","","","",""
"M662","تاريخ وحضارات","متوسط","حجب","الجواب مكشوف في ADM5237 (سلّم غرناطة سنة 1492)","في أي عام سقطت الأندلس نهائياً؟","1492","","","",""
"ADM1385","تاريخ وحضارات","تعجيزي","صياغة","جوابان: كان ضابطاً في الجيش قبل أن يكون مراسلاً حربياً","ماذا كانت مهنة ونستون تشرشل قبل السياسة؟","مراسل حربي","ما المهنة التي مارسها تشرشل في حرب البوير وأُسر خلالها قبل دخوله السياسة؟","مراسل حربي","",""
"ADM5238","تاريخ وحضارات","تعجيزي","صياغة","السؤال يكشف جواب ADM5205 (كليبر)","من آخر قائد للحملة الفرنسية على مصر بعد اغتيال كليبر؟","مينو","من آخر قائد للحملة الفرنسية على مصر وهو الذي وقّع على جلائها سنة 1801؟","مينو","",""
"ADM5253","تاريخ وحضارات","تعجيزي","صياغة","«من المؤسّس» و«في أيّ سنة» ممنوعان في التعجيزي؛ ومشكوك: التأسيس يُنسب غالباً لذياب بن عيسى نحو 1761 وشخبوط نقل المقرّ إلى الجزيرة","من الشيخ الذي أسّس إمارة أبوظبي سنة 1793 من آل نهيان؟","شخبوط بن ذياب","من شيخ آل نهيان الذي نقل مقرّ الحكم من ليوا إلى جزيرة أبوظبي أواخر القرن الثامن عشر؟","شخبوط بن ذياب","",""
"ADM5274","تاريخ وحضارات","تعجيزي","صياغة","معنى اللقب/أصل الكلمة ممنوع في التعجيزي ولا يعرفه أحد؛ استبدال بتفصيل خلف الشخص نفسه","ماذا يعني لقب «هيلا سيلاسي» إمبراطور إثيوبيا؟","قوّة الثالوث","أيّ حركة دينية نشأت في جامايكا تقدّس إمبراطور إثيوبيا هيلا سيلاسي؟","الراستافارية","",""
"ADM5331","تاريخ وحضارات","صعب","صياغة","السؤال يكشف جواب ADM5279 (نيلسون) وجواب ADM5284 (1798)","ما المعركة البحرية التي دمّر فيها نيلسون أسطول نابليون قرب الإسكندرية سنة 1798؟","أبو قير","ما المعركة البحرية التي دمّر فيها الأسطول البريطاني أسطول نابليون قرب الإسكندرية؟","أبو قير","",""
"E414","تاريخ وحضارات","صعب","صياغة","جوابان فأكثر: كافور وفيكتور عمانوئيل الثاني يُنسب إليهما التوحيد أيضاً","من الزعيم الذي وحّد إيطاليا في القرن التاسع عشر؟","غاريبالدي","من القائد الإيطالي صاحب حملة «القمصان الحمر» في حروب توحيد إيطاليا؟","غاريبالدي","",""
"H323","تاريخ وحضارات","صعب","صياغة","جوابان: معاهدات كثيرة أنهت حروب الروم والفرس قبل الإسلام","ما اسم المعاهدة التي أنهت الحرب بين الروم والفرس قبل الإسلام؟","معاهدة السلام الأبدي","ما اسم المعاهدة التي عقدها الإمبراطور جستنيان مع كسرى أنوشروان سنة 532؟","معاهدة السلام الأبدي","",""
"H391","تاريخ وحضارات","صعب","صياغة","الاسم الشائع للمعركة «معركة الأهرام»؛ الجواب يقبل الاسمين","ما اسم المعركة التي انتصر فيها الفرنسيون على المماليك قرب الأهرامات؟","معركة إمبابة","","معركة الأهرام (إمبابة)","",""
"ADM5265","تاريخ وحضارات","متوسط","صياغة","السؤال يكشف جواب E037 (1971)","ما الاسم الذي كانت تُعرف به الإمارات قبل اتحادها سنة 1971؟","الإمارات المتصالحة","ما الاسم الذي عُرفت به الإمارات قبل قيام اتحادها؟","الإمارات المتصالحة","",""
"M173","تاريخ وحضارات","متوسط","صياغة","جوابان: انتصارات على الفرس كثيرة (نهاوند، البويب…)","ما المعركة التي انتصر فيها المسلمون على الفرس؟","معركة القادسية","ما المعركة الفاصلة التي انتصر فيها المسلمون على الفرس بقيادة سعد بن أبي وقاص؟","معركة القادسية","",""
"M174","تاريخ وحضارات","متوسط","صياغة","جوابان: أجنادين وفحل أيضاً انتصارات على الروم في الشام","ما المعركة التي انتصر فيها المسلمون على الروم في الشام؟","معركة اليرموك","ما المعركة الفاصلة التي انتصر فيها المسلمون على الروم في الشام بقيادة خالد بن الوليد سنة 15هـ؟","معركة اليرموك","",""
"M178","تاريخ وحضارات","متوسط","صياغة","خطأ لغوي: «بمن يُلقّب»","بمن يُلقب الشيخ عبدالله السالم الصباح؟","أبو الدستور","بماذا يُلقَّب الشيخ عبدالله السالم الصباح؟","أبو الدستور","",""
"M424","تاريخ وحضارات","متوسط","صياغة","اسم «جمهورية مصر العربية» بدأ 1971؛ نجيب أوّل رئيس لجمهورية مصر","من أول رئيس لجمهورية مصر العربية؟","محمد نجيب","من أوّل رئيس لمصر بعد إعلان الجمهورية سنة 1953؟","محمد نجيب","",""
"E416","تاريخ وحضارات","متوسط","صياغة","صياغة مضطربة: الفايكنج ليسوا «حضارة» أنشأها شعب","ما اسم الشعب الذي أنشأ حضارة الفايكنج؟","الإسكندنافيون","من أيّ منطقة في شمال أوروبا خرج الفايكنج؟","إسكندنافيا","",""
"ADM1378","تاريخ وحضارات","تعجيزي","مستوى","مشهور لمحبّ التاريخ لا نادر","في أيّ جزيرةٍ سُجن مانديلا معظم سنواته؟","روبن","","","صعب",""
"ADM1427","تاريخ وحضارات","تعجيزي","مستوى","منفى نابليون الأخير ثقافة عامّة لا تعجيزي","في أيّ جزيرةٍ قضى نابليون منفاه الأخير؟","سانت هيلانة","","","متوسط",""
"H001","تاريخ وحضارات","تعجيزي","مستوى","إراتوستينس يُدرَّس في المدارس؛ ليس نادراً","من أول من قاس محيط الأرض؟","إراتوستينس","","","صعب",""
"E218","تاريخ وحضارات","سهل","مستوى","اسم المركبة القمرية «النسر» لا يعرفه أكثر البالغين","ما اسم المركبة القمرية التي هبط بها أرمسترونغ على سطح القمر؟","النسر","","","متوسط",""
"E343","تاريخ وحضارات","سهل","مستوى","باني الهرم الثاني ليس معلومة سهلة","من الملك الفرعوني الذي بُني له الهرم الثاني في الجيزة؟","خفرع","","","متوسط",""
"M166","تاريخ وحضارات","متوسط","مستوى","أوّل رئيس لأمريكا معروف للجميع تقريباً؛ سهل لا متوسط","من أول رئيس للولايات المتحدة الأمريكية؟","جورج واشنطن","","","سهل",""
"H126","تاريخ وحضارات","صعب","مستوى","هانيبال والفيلة ثقافة عامّة","من القائد القرطاجي الذي عبر جبال الألب بالفيلة؟","هانيبال","","","متوسط",""
"H180","تاريخ وحضارات","صعب","مستوى","العصر الفيكتوري ثقافة عامّة","من الملكة البريطانية التي سُمّي عصر القرن التاسع عشر باسمها؟","الملكة فيكتوريا","","","متوسط",""
"","تاريخ وحضارات","تعجيزي","بديل","بديل لحفظ حدّ الخليّة 30 ⚠ الجواب قائم في ADM4460 — عائلة أو استبدال","","","ما اسم القلعة الجبلية في إيران التي كانت معقل طائفة الحشّاشين؟","ألموت","",""
"","تاريخ وحضارات","تعجيزي","بديل","بديل لحفظ حدّ الخليّة 30","","","ما عاصمة الدولة الرستمية الإباضية في المغرب الأوسط؟","تاهرت","",""
"","تاريخ وحضارات","تعجيزي","بديل","بديل لحفظ حدّ الخليّة 30","","","ما اسم القلعة البرتغالية في مسقط التي تقابل قلعة الميراني على مدخل الميناء؟","قلعة الجلالي","",""
"","تاريخ وحضارات","تعجيزي","بديل","بديل لحفظ حدّ الخليّة 30","","","ما اسم حركة الإصلاحات التي أطلقتها الدولة العثمانية في القرن التاسع عشر بدءاً بخطّ كلخانة؟","التنظيمات","",""
"","تاريخ وحضارات","تعجيزي","بديل","بديل لحفظ حدّ الخليّة 30","","","ما اسم السفينة البريطانية التي أغرقتها غوّاصة ألمانية في الحرب العالمية الأولى فأثار غرقها الرأي العامّ الأمريكي؟","لوسيتانيا","",""
"","تاريخ وحضارات","سهل","بديل","بديل لحفظ حدّ الخليّة 30","","","ما الاسم الذي أُطلق على العملية العسكرية لتحرير الكويت سنة 1991؟","عاصفة الصحراء","",""
"","تاريخ وحضارات","سهل","بديل","بديل لحفظ حدّ الخليّة 30","","","ما اسم الخطّ الدفاعي الإسرائيلي على الضفّة الشرقية لقناة السويس الذي عبره الجيش المصري في حرب 1973؟","خطّ بارليف","",""
"","تاريخ وحضارات","سهل","بديل","بديل لحفظ حدّ الخليّة 30","","","من الرئيس الأمريكي الذي ألغى العبودية واغتيل في مسرح؟","أبراهام لينكولن","",""
"","تاريخ وحضارات","سهل","بديل","بديل لحفظ حدّ الخليّة 30","","","من الزعيم السوفييتي الذي حكم الاتحاد السوفييتي خلال الحرب العالمية الثانية؟","ستالين","",""
"","تاريخ وحضارات","سهل","بديل","بديل لحفظ حدّ الخليّة 30","","","من الزعيم الألماني الملقّب «المستشار الحديدي» الذي وحّد ألمانيا في القرن التاسع عشر؟","بسمارك","",""
"E415","تاريخ وحضارات","سهل","عائلة","الواقعة قريبة من ADM1028 (معالم: الخزنة في البتراء)؛ عائلة «البتراء»","ما اسم المدينة الأثرية الوردية في الأردن؟","البتراء","","","",""
"M162","تاريخ وحضارات","متوسط","عائلة","الجواب 1945 نفسه مع M160 لواقعة مختلفة؛ عائلة","في أي عام تأسست منظمة الأمم المتحدة؟","1945","","","",""
"M179","تاريخ وحضارات","متوسط","عائلة","الجواب 1962 نفسه مع ADM5175 لواقعة مختلفة؛ عائلة","في أي عام صدر دستور دولة الكويت؟","1962","","","",""
"ADM5261","تاريخ وحضارات","صعب","عائلة","عائلة «تونس» (حالياً عقبة بن نافع)","في أيّ بلد قامت دولة الأغالبة؟","تونس","","","",""
"E038","تاريخ وحضارات","سهل","عائلة","عائلة جديدة «العثمانية» مع ADM8605","ما الإمبراطورية التي حكمت البلاد العربية قبل الحرب العالمية الأولى؟","الدولة العثمانية","","","",""
"H132","تقنية ومنوعات","صعب","خطأ واقعة","مشكوك: «بلانكالكول» (زوزه، الأربعينات) تُعدّ أوّل لغة عالية المستوى تصميماً؛ فورتران أوّل لغة انتشرت فعلاً","ما أول لغة برمجة عالية المستوى؟","فورتران","ما أوّل لغة برمجةٍ عالية المستوى انتشرت استعمالاً، وطوّرتها آي بي إم في الخمسينات؟","","",""
"H354","تقنية ومنوعات","صعب","خطأ واقعة","«أوّل قمر اتصالات تجاريّ» يُنسب عادةً إلى «إيرلي بيرد» (إنتلسات 1، 1965)؛ تلستار أوّل من نقل بثّاً تلفزيونياً مباشراً عبر الأطلسي","ما اسم أول قمر صناعي للاتصالات التجارية؟","تلستار","ما اسم القمر الصناعيّ الذي نقل أوّل بثٍّ تلفزيونيٍّ مباشر عبر الأطلسي سنة 1962؟","","",""
"ADM1319","تقنية ومنوعات","صعب","خطأ واقعة","الكاسيت المدمج (1963) سبق الثماني مسارات (1964–65) لا العكس","بأيّ اسمٍ عُرف الشريط الصوتيّ الضخم الذي سبق الكاسيت؟","شريط الثماني مسارات","بأيّ اسمٍ عُرف الشريط الصوتيّ الضخم الذي نافس الكاسيت في سيّارات السبعينات؟","","",""
"ADM0718","تقنية ومنوعات","متوسط","خطأ واقعة","تيم كوك صار الرئيس التنفيذيّ في أغسطس 2011 قبل وفاة جوبز (أكتوبر 2011) بعد استقالته؛ وأخطاء همزات","من هو الشخص الذي اصبح المدير التنفيذي لشركة ابل بعد وفاة ستيف جوبز؟","تيم كوك","من خلف ستيف جوبز رئيساً تنفيذيّاً لشركة آبل سنة 2011؟","","",""
"ADM1614","تقنية ومنوعات","تعجيزي","حجب","أصل الكلمة ممنوع في التعجيزي، والجواب مبهم (sonus + sonny) لا جواب واحد","ماذا يعني اسم شركة «سوني»؟","من الصوت اللاتينيّ","","","",""
"ADM2789","تقنية ومنوعات","سهل","حجب","تافه: «غالاكسي» = سامسونغ يعرفه كلّ حاضر","ما اسم الشركة الكوريّة التي تصنع هواتف «غالاكسي»؟","سامسونغ","","","",""
"ADM6273","تقنية ومنوعات","سهل","حجب","تافه: الراوتر كلمة كلّ بيت","ما اسم الجهاز الذي يوزّع الإنترنت لاسلكيّاً داخل البيت؟","الراوتر","","","",""
"E237","تقنية ومنوعات","سهل","حجب","تافه: البلوتوث يعرفه الجميع (ويبقى ADM6168 في الزمن الجميل)؛ وكان ADM2799 يكشف جوابه بذكر «بلوتوث» في الفئة نفسها","ما اسم التقنية اللاسلكية قصيرة المدى التي تربط السماعات بالهاتف؟","البلوتوث","","","",""
"ADM6492","تقنية ومنوعات","تعجيزي","صياغة","«مايكروسوفت» في السؤال تكشف جواب M381 وM710 في الفئة نفسها","ما أوّل نظام تشغيلٍ من مايكروسوفت ظهرت فيه قائمة «ابدأ»؟","ويندوز 95","ما أوّل إصدارٍ من ويندوز ظهرت فيه قائمة «ابدأ»؟","","",""
"ADM6493","تقنية ومنوعات","تعجيزي","صياغة","«مشبك الورق» ترجمة Clippy — الجواب بالاشتقاق","ما اسم مشبك الورق المتحرّك الذي كان يساعد مستخدمي أوفيس القديم؟","كليبي","ما اسم الشخصيّة المتحرّكة ذات العينين الكبيرتين التي كانت تقفز لمساعدة مستخدمي أوفيس القديم؟","","",""
"H089","تقنية ومنوعات","صعب","صياغة","«الشبكة العنكبوتية العالمية» في السؤال هي جواب M104 في الفئة نفسها","من مخترع الشبكة العنكبوتية العالمية؟","تيم بيرنرز لي","من العالِم البريطانيّ الذي اخترع الويب سنة 1989؟","","",""
"H227","تقنية ومنوعات","صعب","صياغة","«بايثون» في السؤال هي جواب ADM6269 في الفئة نفسها","من مبتكر لغة البرمجة بايثون؟","خيدو فان روسم","من المبرمج الهولنديّ الذي ابتكر لغة البرمجة الأشهر بين المبتدئين؟","","",""
"H353","تقنية ومنوعات","صعب","صياغة","«التشفير غير المتماثل» نوعٌ لا خوارزميّة (الخوارزميّة RSA) — جوابان محتملان","ما اسم الخوارزمية التي تقوم عليها معظم أنظمة التشفير على الإنترنت بمفتاحين؟","التشفير غير المتماثل","ما اسم نوع التشفير الذي يقوم على مفتاحين: عامّ للقفل وخاصّ للفتح؟","","",""
"H443","تقنية ومنوعات","صعب","صياغة","جوابان: ماي إس كيو إل (MySQL) أشهر من بوستغريس أو يساويها","ما اسم قاعدة البيانات مفتوحة المصدر الأشهر للبيانات العلائقية؟","بوستغريس","ما قاعدة البيانات العلائقيّة مفتوحة المصدر التي خرجت من جامعة بيركلي خلفاً لمشروع «إنغرس»؟","","",""
"H439","تقنية ومنوعات","صعب","صياغة","مشكوك: سبقتها «كريبر» على أربانت (1971)، وهي دودة لا فيروس","ما اسم أول برنامج حاسوبي يُعدّ فيروساً انتشر عبر الشبكة سنة 1988؟","دودة موريس","ما اسم الدودة الحاسوبيّة التي شلّت جزءاً كبيراً من الإنترنت سنة 1988؟","دودة موريس","",""
"ADM4035","تقنية ومنوعات","متوسط","صياغة","«الخماسي الشكل» ترجمة «بنتاغون» — الجواب في السؤال بالاشتقاق","ماذا يُسمّى مبنى وزارة الدفاع الأمريكية الخماسي الشكل؟","البنتاغون","ماذا يُسمّى مبنى وزارة الدفاع الأمريكيّة؟","","",""
"M313","تقنية ومنوعات","متوسط","صياغة","«لينوس» في السؤال يشتقّ منه «لينكس»","ما نظام التشغيل مفتوح المصدر الذي طوّره لينوس تورفالدس؟","لينكس","ما نظام التشغيل مفتوح المصدر الذي تميمته بطريقٌ اسمه «تكس»؟","","",""
"M625","تقنية ومنوعات","متوسط","صياغة","خطأ لغويّ: «كرتات» → «بطاقات»","ما الشركة المطوّرة لمعالجات كرتات الرسوميات الأشهر في تدريب الذكاء الاصطناعي؟","إنفيديا","ما الشركة المطوّرة لبطاقات الرسوميّات الأشهر في تدريب الذكاء الاصطناعي؟","","",""
"M624","تقنية ومنوعات","متوسط","صياغة","«الذاكرة الدائمة» تحتمل ROM أو الفلاش — الأدقّ المصطلح الجامع","ما اسم الذاكرة التي تحتفظ ببياناتها بعد انقطاع الكهرباء؟","الذاكرة الدائمة","","الذاكرة غير المتطايرة (الدائمة)","",""
"ADM1300","تقنية ومنوعات","متوسط","صياغة","الجهاز يُعرف باسمين؛ يُقبل المرادف","ما اسم الجهاز الذي تدور عليه الأسطوانة السوداء؟","الفونوغراف","","الفونوغراف (الغرامافون)","",""
"ADM2797","تقنية ومنوعات","تعجيزي","مستوى","لعبة الثعبان في نوكيا يعرفها كلّ من عاش الألفينات","ما اسم اللعبة التي جاءت مثبّتةً على هواتف نوكيا منذ 1997 وأدمنها الناس؟","سنيك (الثعبان)","","","متوسط",""
"ADM7390","تقنية ومنوعات","تعجيزي","مستوى","ديناصور كروم يعرفه كلّ مستخدم؛ أبعد ما يكون عن التعجيزي","أيّ حيوانٍ يظهر في متصفّح «كروم» حين ينقطع الإنترنت لتلعب به؟","ديناصور (تي ريكس)","","","سهل",""
"ADM7397","تقنية ومنوعات","تعجيزي","مستوى","وي تشات ثقافة عامّة لا تفصيل نادر","ما اسم تطبيق المراسلة الصينيّ الأشهر الذي يُدفع به ويُحجز ويُطلب الطعام؟","وي تشات","","","متوسط",""
"ADM7399","تقنية ومنوعات","تعجيزي","مستوى","خطأ 404 يعرفه أكثر المستخدمين","ماذا يعني ظهور الخطأ «404» حين تفتح رابطاً؟","الصفحة غير موجودة","","","متوسط",""
"ADM1600","تقنية ومنوعات","تعجيزي","مستوى","معنى اختصار كنظائره USB وSQL في «صعب»؛ ويقارب «أصل الكلمة» الممنوع في التعجيزي","ما معنى اختصار «لايزر»؟","تضخيم الضوء بالانبعاث المحفَّز","","","صعب",""
"ADM4033","تقنية ومنوعات","صعب","مستوى","فيل الجمهوريّين ثقافة عامّة","ما الحيوان الذي يتخذه الحزب الجمهوري الأمريكي شعاراً له؟","الفيل","","","متوسط",""
"","تقنية ومنوعات","تعجيزي","بديل","بديل لـ ADM1614","","","ما اسم الكلب الذي كان يظهر في نافذة البحث في ويندوز XP؟","روفر","",""
"","تقنية ومنوعات","تعجيزي","بديل","بديل لـ ADM2797","","","ما اسم حاسوب آي بي إم الذي هزم أبطال برنامج المسابقات الأمريكيّ «جيوباردي!» سنة 2011؟","واتسون","",""
"","تقنية ومنوعات","تعجيزي","بديل","بديل لـ ADM7390","","","ما أوّل آيفون تخلّى عن زرّ الشاشة الرئيسيّة (هوم)؟","آيفون X (10)","",""
"","تقنية ومنوعات","تعجيزي","بديل","بديل لـ ADM7397 ⚠ الجواب قائم في M046 — عائلة أو استبدال","","","ما اسم المساعد الرقميّ المحمول الذي أطلقته آبل في التسعينات وفشل قبل الآيفون بسنوات؟","نيوتن (MessagePad)","",""
"","تقنية ومنوعات","تعجيزي","بديل","بديل لـ ADM7399","","","ما اسم الشبكة الاجتماعيّة التي أطلقتها غوغل لمنافسة فيسبوك ثمّ أغلقتها؟","غوغل بلس (+Google)","",""
"","تقنية ومنوعات","تعجيزي","بديل","بديل لـ ADM1600؛ عائلة «جيميل» مع ADM5482 (شعارات) ⚠ الجواب قائم في ADM5482 — عائلة أو استبدال","","","ما خدمة غوغل التي أُطلقت يوم كذبة أبريل فظنّها الناس مزحة؟","جيميل (Gmail)","",""
"","تقنية ومنوعات","سهل","بديل","بديل لـ ADM2789","","","ما اسم متصفّح الإنترنت الذي تصنعه آبل لأجهزتها؟","سفاري","",""
"","تقنية ومنوعات","سهل","بديل","بديل لـ ADM6273","","","ماذا تُسمّى ميزة الهاتف التي تجعله يشارك اتصاله بالإنترنت مع أجهزة أخرى؟","نقطة الاتصال (هوت سبوت)","",""
"","تقنية ومنوعات","سهل","بديل","بديل لـ E237","","","ما اسم خدمة آبل التي تُحفظ فيها صور الآيفون على الإنترنت؟","آي كلاود","",""
"ADM1604","تقنية ومنوعات","تعجيزي","عائلة","الجواب نفسه واقعة قريبة من H133 (آدا لوفلايس) بلا عائلة — عائلة «آدا لوفلايس» على السؤالين","أيّ لغة برمجةٍ سُمّيت على اسم عالمةٍ رياضيّات؟","آدا","","","",""
"H133","تقنية ومنوعات","صعب","عائلة","انظر ADM1604 — عائلة «آدا لوفلايس»","من تُعدّ أول مبرمجة في التاريخ؟","آدا لوفلايس","","","",""
"ADM1602","تقنية ومنوعات","تعجيزي","عائلة","الخشب جواب H429 (أحياء وفلك) بعائلة «الخشب» — أضفها هنا","ممّ صُنعت أوّل فأرةِ حاسوبٍ في التاريخ؟","الخشب","","","",""
"ADM5054","جغرافيا ومعالم","صعب","خطأ واقعة","خطأ: اسم النحاس اللاتيني (cuprum) هو المشتقّ من اسم قبرص لا العكس","أيّ جزيرة اشتُقّ اسمها من كلمة «النحاس» اللاتينية؟","قبرص","أيّ جزيرةٍ اشتُقّ من اسمها اسمُ النحاس في اللاتينيّة؟","","",""
"M657","جغرافيا ومعالم","متوسط","خطأ واقعة","خطأ: النمسا تضمّ النصيب الأكبر من الألب (نحو 28٪) ثمّ إيطاليا؛ سويسرا نحو 13٪","ما الدولة التي تضم جبال الألب أكثر من غيرها؟","سويسرا","","النمسا","",""
"ADM5084","جغرافيا ومعالم","تعجيزي","حجب","الجواب مشتقّ من اسم القمّة نفسها (إفرست)، و«نسبةً إلى من سُمّي» ممنوع في التعجيزي","نسبةً إلى من سُمّيت أعلى قمّة في العالم باسمها الإنجليزيّ؟","جورج إفرست","","","",""
"ADM7408","جغرافيا ومعالم","تعجيزي","حجب","الجواب في السؤال (يتغيّر عنده التاريخ ← خطّ التاريخ)، ومستواه متوسط لا تعجيزي","ما اسم الخطّ الوهميّ في المحيط الهادئ الذي يتغيّر عنده التاريخ يوماً كاملاً؟","خطّ التاريخ الدوليّ","","","",""
"ADM5050","جغرافيا ومعالم","سهل","حجب","تافه: كازابلانكا = الدار البيضاء يعرفها كلّ حاضر عربيّ","ما الاسم العربي لمدينة «كازابلانكا»؟","الدار البيضاء","","","",""
"M071","جغرافيا ومعالم","سهل","حجب","تافه: قناة السويس بديهيّة لكلّ عربيّ","ما القناة التي تربط البحر المتوسط بالبحر الأحمر؟","قناة السويس","","","",""
"M117","جغرافيا ومعالم","سهل","حجب","الجواب مشتقّ من السؤال (المكسيك ← مكسيكو سيتي)","ما عاصمة المكسيك؟","مكسيكو سيتي","","","",""
"M047","جغرافيا ومعالم","متوسط","حجب","الجواب مشتقّ من اسم الدولة (البرازيل ← برازيليا)؛ إن أُبقي لفخّ ريو فقرار علي","ما عاصمة البرازيل؟","برازيليا","","","",""
"ADM5069","جغرافيا ومعالم","متوسط","حجب","يذكر كليمنجارو جواب M036 (أعلى قمّة في أفريقيا)، وجوابه تنزانيا مذكور في سؤالي ADM5071 وADM5131","في أيّ دولة يقع جبل كليمنجارو؟","تنزانيا","","","",""
"ADM2818","جغرافيا ومعالم","تعجيزي","صياغة","مشكوك: أطول سلسلة جبال هي منظومة أعراف وسط المحيطات كلّها، وحيد الأطلسي جزء منها","ما اسم أطول سلسلة جبالٍ على الأرض وتمتدّ تحت سطح المحيط؟","سلسلة منتصف الأطلسي","ما اسم أطول سلسلة جبالٍ على الأرض، وتمتدّ تحت سطح المحيطات حول الكوكب؟","حيد وسط المحيط (ومنه حيد منتصف الأطلسي)","",""
"ADM7406","جغرافيا ومعالم","تعجيزي","صياغة","يذكر الفاتيكان جواب M013 في الفئة نفسها","ما الدولة التي تحيط بها إيطاليا من كلّ جانب إلى جانب الفاتيكان؟","سان مارينو","ما أقدم جمهوريّةٍ قائمة في العالم، وتحيط بها إيطاليا من كلّ جانب؟","","",""
"ADM1462","جغرافيا ومعالم","تعجيزي","صياغة","يذكر إندونيسيا فيكشف جواب H034 (أكبر أرخبيل) وH191","إندونيسيا أرخبيلٌ من كم جزيرة تقريباً؟","سبعة عشر ألفاً","أكبر دولةٍ أرخبيليّة في العالم تتكوّن من كم جزيرة تقريباً؟","","",""
"E019","جغرافيا ومعالم","سهل","صياغة","جوابان: الهيمالايا تمتدّ في الهند والصين ونيبال وبوتان وباكستان","في أي دولة تقع سلسلة جبال الهيمالايا بشكل رئيسي؟","نيبال","أيّ دولةٍ بين الهند والصين تضمّ ثماني من قمم العالم الأربع عشرة التي تتجاوز 8000 متر؟","نيبال","",""
"ADM5136","جغرافيا ومعالم","صعب","صياغة","جوابان: «الصومال الفرنسي» حتى 1967 ثمّ «إقليم العفر والعيسى»؛ وذكر جيبوتي يكشف جواب ADM5083","بأيّ اسم عُرفت جيبوتي أيام الاستعمار الفرنسي؟","إقليم العفر والعيسى","بأيّ اسمٍ عُرفت الدولة العربيّة المطلّة على باب المندب في آخر عشر سنواتٍ من الاستعمار الفرنسيّ (1967–1977)؟","","",""
"ADM5131","جغرافيا ومعالم","متوسط","صياغة","جوابان: الإنجليزيّة رسميّة أيضاً في تنزانيا","ما اللغة الرسمية في تنزانيا؟","السواحلية","ما اللغة الأفريقيّة التي هي اللغة الوطنيّة والرسميّة في تنزانيا؟","","",""
"H033","جغرافيا ومعالم","صعب","صياغة","يتعارض مع H090 (القارّة القطبيّة صحراء)؛ الأجفّ مطلقاً الوديان الجافّة في أنتاركتيكا","ما أجف صحراء على وجه الأرض؟","صحراء أتاكاما","ما أجفّ صحراء غير قطبيّة على وجه الأرض؟","","",""
"H187","جغرافيا ومعالم","صعب","صياغة","مشكوك: نهر ميزوري أطول قليلاً من المسيسيبي في أغلب المصادر","ما أطول نهر في أمريكا الشمالية؟","نهر المسيسيبي","ما أطول منظومةٍ نهريّة في أمريكا الشماليّة؟","المسيسيبي–ميزوري","",""
"H320","جغرافيا ومعالم","صعب","صياغة","جوابان/مشكوك: ليبيريا لم تُستعمر أيضاً، وإيطاليا احتلّت إثيوبيا 1936–1941","ما الدولة الأفريقية الوحيدة التي لم تُستعمَر قط؟","إثيوبيا","ما الدولة الأفريقيّة التي هزمت الجيش الإيطاليّ في معركة عدوة سنة 1896؟","","",""
"H322","جغرافيا ومعالم","صعب","صياغة","يذكر فيينا جواب M068 (عاصمة النمسا)","ما النهر الذي يمرّ بمدينة فيينا؟","نهر الدانوب","ما ثاني أطول نهرٍ في أوروبا، ويصبّ في البحر الأسود؟","","",""
"H387","جغرافيا ومعالم","صعب","صياغة","الجواب في السؤال (شديدة الملوحة ← بحيرة الملح)","ما ثاني أكبر بحيرة في تركيا وهي شديدة الملوحة وتجفّ صيفاً؟","بحيرة الملح","ما ثاني أكبر بحيرةٍ في تركيا، وتجفّ أغلب مياهها صيفاً؟","بحيرة توز (بحيرة الملح)","",""
"ADM1459","جغرافيا ومعالم","متوسط","صياغة","يكشف جواب M013 (أصغر دولة: الفاتيكان)","ما اسم أصغر دولةٍ في العالم بعد الفاتيكان؟","موناكو","ما ثاني أصغر دولةٍ في العالم مساحةً؟","","",""
"ADM1460","جغرافيا ومعالم","متوسط","صياغة","جوابان: شاطئ البحر الميت يتقاسمه الأردن وفلسطين","في أيّ دولةٍ تقع أخفض نقطة يابسة على وجه الأرض؟","الأردن","","الأردن (وفلسطين) — شاطئ البحر الميت","",""
"ADM5120","جغرافيا ومعالم","متوسط","صياغة","يذكر جاكرتا جواب M224 (عاصمة إندونيسيا)","في أيّ جزيرة إندونيسية تقع العاصمة جاكرتا؟","جاوة","ما أكثر جزر العالم سكّاناً؟","","",""
"ADM5123","جغرافيا ومعالم","متوسط","صياغة","الجواب مشتقّ من السؤال (النيل الأزرق ← النيل الأبيض)","ما النهر الذي يلتقي مع النيل الأزرق عند الخرطوم؟","النيل الأبيض","ما النهر الذي ينبع من بحيرة تانا في إثيوبيا؟","النيل الأزرق","",""
"ADM5141","جغرافيا ومعالم","متوسط","صياغة","يذكر حماة جواب ADM5148","على أيّ نهر تقع مدينتا حمص وحماة؟","العاصي","على أيّ نهرٍ تقع مدينة حمص السوريّة؟","","",""
"M012","جغرافيا ومعالم","متوسط","صياغة","يتعارض مع ADM2818 (السلسلة تحت المحيط أطول)","ما أطول سلسلة جبال في العالم؟","جبال الأنديز","ما أطول سلسلة جبالٍ فوق اليابسة في العالم؟","","",""
"M224","جغرافيا ومعالم","متوسط","صياغة","مشكوك/يتقادم: نقل العاصمة إلى نوسانتارا جارٍ؛ جاكرتا ما زالت العاصمة الفعليّة حتى مايو 2026","ما عاصمة إندونيسيا؟","جاكرتا","ما عاصمة إندونيسيا الحاليّة؟","جاكرتا","",""
"","جغرافيا ومعالم","تعجيزي","بديل","بديل ADM5084 (الخليّة عند 30)","","","ما اسم أعلى بحيرةٍ صالحةٍ للملاحة في العالم، وتقع على حدود بيرو وبوليفيا؟","بحيرة تيتيكاكا","",""
"","جغرافيا ومعالم","تعجيزي","بديل","بديل ADM7408 (الخليّة عند 30)","","","ما اسم المضيق الذي يفصل جزيرة تسمانيا عن البرّ الأستراليّ؟","مضيق باس","",""
"","جغرافيا ومعالم","سهل","بديل","بديل (سهل عند 30)؛ فخّ إسطنبول","","","ما عاصمة تركيا؟","أنقرة","",""
"","جغرافيا ومعالم","سهل","بديل","بديل (سهل عند 30)؛ فخّ كراتشي/لاهور","","","ما عاصمة باكستان؟","إسلام آباد","",""
"","جغرافيا ومعالم","سهل","بديل","بديل (سهل عند 30)؛ فخّ نيويورك؛ واقعة غير «جورج واشنطن» M166","","","ما عاصمة الولايات المتحدة الأمريكيّة؟","واشنطن العاصمة","",""
"E337","جغرافيا ومعالم","سهل","عائلة","الإجابة نفسها في ADM1057 (معالم، صورة) لواقعة أخرى؛ عائلة «شلالات فيكتوريا»","ما اسم أشهر شلالات أفريقيا على نهر زامبيزي؟","شلالات فكتوريا","","","",""
"E253","جغرافيا ومعالم","سهل","عائلة","الإجابة نفسها في ADM1058 (معالم، صورة)؛ عائلة «جبل فوجي»","ما أعلى قمة في اليابان؟","جبل فوجي","","","",""
"M661","جغرافيا ومعالم","صعب","عائلة","الإجابة نفسها في ADM1047 (معالم، صورة)؛ عائلة «أنغكور وات»","في أي دولة يقع معبد أنغكور وات؟","كمبوديا","","","",""
"M230","جغرافيا ومعالم","متوسط","عائلة","تونس جواب ADM3747 وADM4244 وADM5261 وADM5571 بلا عائلة موحّدة؛ عائلة «تونس» ‖ عائلة «تونس»؛ القيروان هي بلد جامع عقبة (ADM3215) — شبه تكرار","ما الدولة التي تضم مدينة القيروان؟","تونس","","","",""
"ADM4284","حروف","صعب","حجب","مكرّر مع ADM7502 (تاريخ وحضارات: أوّل امرأة تولّت رئاسة وزراء بريطانيا => مارغريت تاتشر)","من أوّل امرأة تولّت رئاسة وزراء بريطانيا؟","تاتشر","","","",""
"ADM3855","حروف","متوسط","حجب","مكرّر مع ADM8672 (معلومات عامة: عاصمة اليابان قبل طوكيو => كيوتو)؛ ونصّه يكشف جواب ADM3860 (طوكيو) في الفئة نفسها ‖ مكرّر مع ADM8672 (عاصمة اليابان قبل طوكيو)؛ حُجب هذا لأنّ خليّة معلومات عامة/تعجيزي عند 30 — وADM8672 سهلٌ على تعجيزي","ما العاصمة القديمة لليابان قبل طوكيو؟","كيوتو","","","",""
"ADM3863","حروف","متوسط","حجب","مكرّر مع E337 (جغرافيا: أشهر شلالات أفريقيا على نهر زامبيزي => شلالات فكتوريا) — الواقعة نفسها معكوسة","ما اسم النهر الذي تقع عليه شلّالات فيكتوريا؟","زامبيزي","","","",""
"ADM3841","حروف","سهل","حجب","الجواب مشتقّ من السؤال (الخليك/الخلّ)، ومصطلح منهج مدرسيّ","ما الحمض الموجود في الخلّ؟","الخليك","","","",""
"ADM3889","حروف","تعجيزي","صياغة","جوابان: سبايدرمان ابتكار مشترك بين ستان لي وستيف ديتكو؛ الصياغة تحصر الجواب","من مبتكر شخصية «سبايدرمان»؟","ستان لي","من الكاتب الذي شارك الرسّام ستيف ديتكو في ابتكار شخصية «سبايدرمان»؟","ستان لي","",""
"ADM3894","حروف","تعجيزي","صياغة","جوابان: براءة الجينز ذي المسامير مشتركة بين ليفي شتراوس والخيّاط جاكوب ديفيس؛ و«من مبتكر» قالب يرفضه علي في التعجيزي","من مبتكر سروال الجينز؟","ليفي شتراوس","مع أيّ تاجر ألمانيّ الأصل تشارك الخيّاط جاكوب ديفيس براءة سروال الجينز ذي المسامير؟","ليفي شتراوس","",""
"ADM4289","حروف","تعجيزي","صياغة","جوابان: المقرّ الرسمي للملك في اسكتلندا هو قصر هوليرود؛ بالمورال قلعة خاصّة","ما اسم قصر الملك البريطاني في اسكتلندا؟","بالمورال","ما اسم القلعة الاسكتلندية التي يقضي فيها ملوك بريطانيا الصيف وتوفّيت فيها الملكة إليزابيث الثانية؟","بالمورال","",""
"ADM4290","حروف","تعجيزي","صياغة","مشكوك/جوابان: لرئاسة مصر أكثر من قصر (عابدين، القبة، وقصر العاصمة الإدارية)؛ حدِّد الموضع. وعائلة: مصر (السؤال يذكر مصر وهي جواب ADM4261 في الفئة)","ما اسم قصر الرئاسة في مصر؟","الاتحادية","ما اسم قصر الرئاسة في حيّ مصر الجديدة بالقاهرة؟","الاتحادية","",""
"ADM3878","حروف","صعب","صياغة","مشكوك: منذ 2020 أُضيفت لغات عمل اتحادية أخرى (الأورومية والتغرينية والصومالية والعفرية)؛ «اللغة الرسمية» لم تعد واحدة","ما اللغة الرسمية في إثيوبيا؟","الأمهرية","ما لغة العمل الرئيسية للحكومة الإثيوبية في أديس أبابا؟","الأمهرية","",""
"ADM3852","حروف","متوسط","صياغة","السؤال يذكر فرنسا وإسبانيا وهما جوابا ADM4231 وADM4263 في الفئة نفسها","أيّ سلسلة جبال تفصل فرنسا عن إسبانيا؟","البرانس (البيرينيه)","أيّ سلسلة جبال تفصل شبه الجزيرة الأيبيرية عن بقية أوروبا؟","البرانس (البيرينيه)","",""
"ADM4303","حروف","تعجيزي","مستوى","صديق شرلوك هولمز مع الحرف و أسهل من تعجيزي بكثير (الخليّة تحتمل نقلين فقط)","ما اسم صديق شرلوك هولمز ومساعده؟","واطسون","","","متوسط",""
"ADM3893","حروف","تعجيزي","مستوى","مقرّ محكمة العدل الدولية ثقافة عامّة لا تعجيزي","في أيّ مدينة تقع محكمة العدل الدولية؟","لاهاي","","","صعب",""
"","حروف","سهل","بديل","بديل ADM3841 — الخليّة عند 30. عائلة: لندن (قائمة في البنك لوقائع أخرى) ⚠ الجواب قائم في ADM0807،ADM5183،ADM3998 — عائلة أو استبدال","","","ما العاصمة الأوروبية الملقّبة بمدينة الضباب؟","لندن","",""
"ADM3853","حروف","متوسط","عائلة","السؤال يذكر تايلاند وهي جواب ADM3838 في الفئة — عائلة: تايلاند","ما الاسم الذي كانت تُعرف به تايلاند قديماً؟","سيام","","","",""
"ADM4254","حروف","متوسط","عائلة","السؤال يذكر تايلاند وهي جواب ADM3838 في الفئة — عائلة: تايلاند","ما اسم عملة تايلاند؟","البات","","","",""
"ADM4257","حروف","متوسط","عائلة","السؤال يذكر نيجيريا وهي جواب ADM3842 في الفئة — عائلة: نيجيريا","ما العملة المتداولة في نيجيريا؟","النايرا","","","",""
"ADM4268","حروف","صعب","عائلة","السؤال يذكر نيجيريا (النيجيرية) وهي جواب ADM3842 في الفئة — عائلة: نيجيريا","ما العاصمة النيجيرية السابقة قبل أبوجا؟","لاغوس","","","",""
"ADM4227","حروف","سهل","عائلة","السؤال يذكر كوريا الجنوبية وهي جواب ADM3835 في الفئة — عائلة: كوريا الجنوبية","ما اسم عاصمة كوريا الجنوبية؟","سيول","","","",""
"ADM4252","حروف","متوسط","عائلة","السؤال يذكر كوريا الجنوبية وهي جواب ADM3835 في الفئة — عائلة: كوريا الجنوبية","ما العملة الرسمية في كوريا الجنوبية؟","الوون","","","",""
"ADM4247","حروف","متوسط","عائلة","السؤال يذكر كندا وهي جواب ADM4259 في الفئة — عائلة: كندا","ما اسم أكبر مدينة في كندا؟","تورونتو","","","",""
"ADM4258","حروف","متوسط","عائلة","السؤال يذكر الصين وهي جواب ADM4230 في الفئة — عائلة: الصين","ما اسم الصحراء الواسعة الواقعة بين الصين ومنغوليا؟","غوبي","","","",""
"ADM3834","حروف","سهل","عائلة","«الشركة الفنلندية» تكشف جواب ADM3837 (فنلندا) في الفئة — عائلة: فنلندا","ما الشركة الفنلندية التي اشتهرت بالهواتف قبل الهواتف الذكية؟","نوكيا","","","",""
"ADM4282","حروف","صعب","عائلة","السؤال يذكر الهند وهي جواب ADM3843 في الفئة — عائلة: الهند","من أوّل رئيس وزراء للهند بعد الاستقلال؟","نهرو","","","",""
"ADM3854","حروف","متوسط","عائلة","السؤال يذكر فرنسا وهي جواب ADM4231 في الفئة — عائلة: فرنسا","ما اسم أطول نهر في فرنسا؟","اللوار","","","",""
"ADM3885","حروف","صعب","عائلة","السؤال يذكر فرنسا وهي جواب ADM4231 في الفئة — عائلة: فرنسا","ما اسم القصر الذي يسكنه رئيس فرنسا؟","الإليزيه","","","",""
"ADM3868","حروف","صعب","عائلة","السؤال يذكر فرنسا وهي جواب ADM4231 في الفئة — عائلة: فرنسا","ما أشهر جائزة أدبية في فرنسا؟","غونكور","","","",""
"ADM4291","حروف","تعجيزي","عائلة","السؤال يذكر تونس وهي جواب ADM4244 في الفئة — عائلة: تونس","أيّ قصر هو مقرّ رئاسة الجمهورية في تونس؟","قرطاج","","","",""
"ADM4244","حروف","سهل","عائلة","جوابه في نصّ ADM4291؛ وتونس جوابٌ بلا عائلة في ADM5571 وM230 — عائلة: تونس ‖ عائلة «تونس»","ما الدولة العربية الملقّبة بالخضراء؟","تونس","","","",""
"ADM3891","حروف","تعجيزي","عائلة","«في ريو» تكشف جواب ADM4267 في الفئة — عائلة: ريو دي جانيرو","ما اسم الجبل الذي يقف عليه تمثال المسيح الفادي في ريو؟","كوركوفادو","","","",""
"ADM4267","حروف","صعب","عائلة","جوابه في نصّ ADM3891 في الفئة — عائلة: ريو دي جانيرو","ما اسم العاصمة السابقة للبرازيل قبل برازيليا؟","ريو دي جانيرو","","","",""
"ADM3880","حروف","صعب","عائلة","«الكونغو الديمقراطية» في السؤال تكشف جواب ADM3859 في الفئة — عائلة: الكونغو","ما الاسم الذي حملته الكونغو الديمقراطية بين عامي 1971 و1997؟","زائير","","","",""
"ADM3859","حروف","متوسط","عائلة","جوابه في نصّ ADM3880 في الفئة — عائلة: الكونغو","ما ثاني أطول نهر في أفريقيا بعد النيل؟","الكونغو","","","",""
"ADM4296","حروف","تعجيزي","عائلة","جدّة جواب ADM8612 (عروس البحر الأحمر) بلا عائلة، وADM6636 (شعارات) ينصّ على أنّ مقرّ المنظّمة جدّة — عائلة: جدة ‖ عائلة جديدة «جدة» مع ADM8612","ما المدينة السعودية التي تضمّ مقرّ منظمة التعاون الإسلامي؟","جدة","","","",""
"ADM4286","حروف","صعب","عائلة","الجواب نفسه في ADM6529 (من أنا؟) لواقعة أخرى بلا عائلة مشتركة — عائلة: سلفادور دالي","من الرسّام الإسباني صاحب لوحة الساعات الذائبة؟","دالي","","","",""
"ADM2189","حضارات قديمة","تعجيزي","خطأ واقعة","خطأ: معين لم تسبق سبأ (نظريّة قديمة مهجورة)؛ سبأ أقدم أو معاصرة","ما اسم المملكة اليمنيّة التي سبقت سبأ واشتهرت بأرض اللبان؟","معين","ما اسم المملكة اليمنيّة القديمة في الجوف التي اشتهر تجّارها بتجارة اللبان على طريق البخور؟","","",""
"ADM2135","حضارات قديمة","متوسط","خطأ واقعة","خطأ: ليست أقدم قوانين مكتوبة (شريعة أور-نمّو أقدم). وقريبة من M482 (من أنا؟: حمورابي) — عائلة حمورابي","ما اسم أقدم مجموعةٍ قوانين مكتوبة في بلاد الرافدين؟","شريعة حمورابي","ما اسم أشهر مجموعة قوانين مكتوبة من بلاد الرافدين؟","","",""
"ADM2175","حضارات قديمة","تعجيزي","حجب","مكرّر مع ADM8673 (معلومات عامة/تعجيزي: عاصمة مصر في عهد الفراعنة الأوائل = منف) — يُحجب أحدهما ‖ مكرّر مع ADM8673 (عاصمة مصر الأولى منف)؛ حُجب هذا لأنّ خليّة معلومات عامة/تعجيزي عند 30","ما اسم عاصمة مصر في عصر الدولة القديمة؟","منف","","","",""
"ADM2127","حضارات قديمة","سهل","حجب","الجواب في السؤال (سور الصين ← الحضارة الصينيّة)","أيّ حضارةٍ اشتهرت ببناء سور الصين العظيم؟","الحضارة الصينيّة","","","",""
"ADM2129","حضارات قديمة","سهل","حجب","تافه، ومكشوف في ADM3760 («يرعى التحنيط») وADM3748 («حنّطوه»)","ما اسم عمليّة حفظ الجثمان التي اشتهر بها المصريّون القدماء؟","التحنيط","","","",""
"ADM2124","حضارات قديمة","سهل","حجب","مكرّر مع E276 (من أنا؟: اغتيال قيصر على يد أعضاء مجلس الشيوخ) — الواقعة نفسها","ما اسم القائد الرومانيّ الشهير الذي قيل إنّه طُعن من أصدقائه؟","يوليوس قيصر","","","",""
"ADM2161","حضارات قديمة","صعب","حجب","الجواب مكشوف في أسئلة كثيرة من الفئة (ADM3752 «السومريّون»، ADM2136، ADM2149)","ما الحضارة التي سبقت الأكديّين في جنوب العراق؟","السومريّون","","","",""
"ADM2170","حضارات قديمة","متوسط","حجب","تافه: الجواب معنى السؤال (حكم الشعب = الديمقراطيّة)","ما اسم النظام السياسيّ الذي نشأ في أثينا وحكم فيه الشعب؟","الديمقراطيّة","","","",""
"ADM3781","حضارات قديمة","متوسط","حجب","مكرّر مع ADM8668 (معلومات عامة: أكبر عدد أهرامات = السودان) ‖ مكرّر مع ADM8668 (أكبر عدد أهرامات = السودان)؛ حُجب هذا لأنّ خليّة معلومات عامة/تعجيزي عند 30","أهراماتٌ يفوق عددها أهرامات مصر — في أيّ بلدٍ عربيّ تقع؟","السودان","","","",""
"ADM3816","حضارات قديمة","تعجيزي","صياغة","«هذه المسلّة» يكشف جواب ADM3755 (المسلّة)؛ واللوفر للمسلّة معروف لمحبّ الموضوع — صعب","في أيّ متحفٍ تُعرض هذه المسلّة التي نُقشت عليها شريعة حمورابي؟","اللوفر","في أيّ متحفٍ يُعرض هذا الحجر المنقوش بشريعة حمورابي؟","","صعب",""
"ADM3818","حضارات قديمة","تعجيزي","صياغة","«المتحف البريطانيّ» في السؤال جواب ADM3798؛ والجواب «راية أور» يلتقي مع ADM3800 (أور) — عائلة أور","ما اسم هذه القطعة السومريّة المرصّعة بالصدف واللازورد المعروضة في المتحف البريطانيّ؟","راية أور","ما اسم هذه القطعة السومريّة المرصّعة بالصدف واللازورد المكتشَفة في مقابر ملوك سومر؟","","",""
"ADM2186","حضارات قديمة","تعجيزي","صياغة","«الأخمينيّة» في السؤال جواب ADM2146","ما اسم العاصمة الاحتفاليّة للإمبراطوريّة الأخمينيّة؟","برسيبوليس","ما اسم العاصمة الاحتفاليّة لإمبراطوريّة كورش وداريوس الفارسيّة؟","","",""
"ADM3788","حضارات قديمة","صعب","صياغة","«الأخمينيّين» في السؤال جواب ADM2146","من آخر ملوك الفرس الأخمينيّين الذي هزمه الإسكندر الأكبر؟","داريوس الثالث","من ملك الفرس الذي هزمه الإسكندر الأكبر في معركتَي إسوس وغوغميلا؟","","",""
"ADM2131","حضارات قديمة","سهل","صياغة","الجواب بالاشتقاق: «الإسكندريّة» ← الإسكندر","ما اسم القائد المقدونيّ الذي بنى مدينة الإسكندريّة؟","الإسكندر الأكبر","من القائد المقدونيّ الذي كان الفيلسوف أرسطو معلّمه في صباه؟","","",""
"ADM2118","حضارات قديمة","سهل","صياغة","«مصارعات» يكشف جواب ADM3743 (المصارعون)","ما اسم المدرّج الضخم في روما الذي كانت تُقام فيه مصارعات؟","الكولوسيوم","ما اسم المدرّج الضخم في روما الذي كانت تُقام فيه عروض القتال أمام الجمهور؟","","",""
"ADM3743","حضارات قديمة","سهل","صياغة","الجواب بالاشتقاق: «يتصارعون» ← المصارعون","ماذا كان يُسمّى المقاتلون الذين يتصارعون في مدرّجات روما أمام الجمهور؟","المصارعون (الغلادياتور)","بأيّ اسمٍ لاتينيّ عُرف المقاتلون الذين كانوا يقاتلون حتى الموت في مدرّجات روما أمام الجمهور؟","الغلادياتور (المصارعون)","",""
"ADM2114","حضارات قديمة","سهل","صياغة","«وادي الملوك» في السؤال جواب ADM2133","ما اسم الملك الذي عُثر على مقبرته كاملةً في وادي الملوك سنة 1922؟","توت عنخ آمون","ما اسم الملك الذي عُثر على مقبرته كاملةً قرب الأقصر سنة 1922؟","","",""
"ADM2134","حضارات قديمة","متوسط","صياغة","«الهيروغليفيّة» في السؤال جواب ADM2115","من العالم الفرنسيّ الذي فكّ رموز الهيروغليفيّة؟","شامبليون","من العالم الفرنسيّ الذي فكّ رموز الكتابة المصريّة القديمة؟","","",""
"ADM3798","حضارات قديمة","صعب","صياغة","«الهيروغليفيّة» في السؤال جواب ADM2115","في أيّ متحفٍ يُعرض هذا الحجر الذي فُكّت به رموز الهيروغليفيّة؟","المتحف البريطانيّ","في أيّ متحفٍ يُعرض هذا الحجر الذي فُكّت به رموز الكتابة المصريّة القديمة؟","","",""
"ADM3751","حضارات قديمة","سهل","صياغة","«العصر الحجريّ» في السؤال جواب ADM3744","ما المعدن الذي سُمّي باسمه العصر الذي تلا العصر الحجريّ؟","البرونز","ما السبيكة التي سُمّي باسمها عصرٌ من عصور ما قبل التاريخ سبق عصر الحديد؟","","",""
"ADM2169","حضارات قديمة","صعب","صياغة","«الفينيقيّة» يكشف جواب ADM2142 (الفينيقيّون)","ما المدينة الفينيقيّة التي أسّست قرطاج على الساحل الأفريقيّ؟","صور","ما المدينة الساحليّة في لبنان اليوم التي أسّس أهلها مدينة قرطاج؟","","",""
"ADM3800","حضارات قديمة","صعب","صياغة","«الزقّورة» في السؤال جواب ADM2149","في أيّ مدينةٍ سومريّة تقوم هذه الزقّورة الشهيرة؟","أور","في أيّ مدينةٍ سومريّة يقوم هذا البرج المدرّج الشهير؟","","",""
"ADM3815","حضارات قديمة","تعجيزي","مستوى","نفرتيتي في برلين معروف لمحبّ الموضوع — صعب لا تعجيزي","في أيّ مدينةٍ أوروبيّة يُعرض هذا التمثال الشهير للملكة نفرتيتي؟","برلين","","","صعب",""
"ADM2165","حضارات قديمة","صعب","مستوى","منارة الإسكندريّة من عجائب الدنيا معروفة — متوسط","ما اسم المنارة التي عُدّت من عجائب الدنيا وقامت على ساحل مصر؟","منارة الإسكندريّة","","","متوسط",""
"ADM2171","حضارات قديمة","صعب","مستوى","سدّ مأرب معروف لمتعلّم — متوسط","ما اسم السدّ العظيم الذي بنته مملكة سبأ في اليمن؟","سدّ مأرب","","","متوسط",""
"ADM3811","حضارات قديمة","تعجيزي","عائلة","«وادي السند» يكشف جواب ADM3750 (نهر السند) — عائلة «السند» للاثنين","ما اسم أشهر مدن حضارة وادي السند التي اكتُشفت أطلالها في باكستان؟","موهينجو دارو","","","",""
"ADM3812","حضارات قديمة","تعجيزي","عائلة","«الملك الحميريّ» يكشف جواب ADM3794 (حِمْيَر) بالنسبة — عائلة «حمير» للاثنين","من الملك الحميريّ الذي أحرق نصارى نجران في الأخدود؟","ذو نواس","","","",""
"ADM2188","حضارات قديمة","تعجيزي","عائلة","«المايا» في السؤال جواب ADM2141 — عائلة المايا","على أيّ مادّةٍ دوّن المايا كتبهم قبل أن يحرقها الإسبان؟","لحاء الشجر","","","",""
"ADM2187","حضارات قديمة","تعجيزي","عائلة","«الأبجديّة الفينيقيّة» يكشف جواب ADM2142 (الفينيقيّون) — عائلة الفينيقيون","كم حرفاً في الأبجديّة الفينيقيّة؟","اثنان وعشرون حرفاً","","","",""
"ADM3769","حضارات قديمة","متوسط","عائلة","«زيوس» في السؤال جواب ADM3745 — عائلة «زيوس» للاثنين","عند الرومان، ما اسم كبير الآلهة نظير زيوس عند الإغريق؟","جوبيتر","","","",""
"ADM2154","حضارات قديمة","صعب","عائلة","«إخناتون» في السؤال جواب ADM2153 وعائلتاهما مختلفتان (إخناتون / إخناتون العاصمة) — وحّدهما «إخناتون»","ما اسم العاصمة التي بناها إخناتون لعبادته الجديدة؟","أخيتاتون","","","",""
"ADM2160","حضارات قديمة","صعب","عائلة","«الحدائق المعلّقة» في السؤال جواب ADM2128 — عائلة «حدائق بابل»","من الملك البابليّ الذي يُنسب إليه بناء الحدائق المعلّقة؟","نبوخذ نصّر","","","",""
"ADM4051","حضارات قديمة","صعب","عائلة","«الإسكندر» في السؤال جواب ADM2131 — عائلة الإسكندر (ويلتبس جوابه مع ADM3791 بطليموس الفلكي)","من قائد الإسكندر الذي حكم مصر بعد وفاته وأسّس دولة البطالمة؟","بطليموس الأول","","","",""
"ADM4055","حضارات قديمة","صعب","عائلة","«الإسكندر» في السؤال جواب ADM2131 — عائلة الإسكندر","من الملك المقدوني الذي وحّد الإغريق ومهّد لابنه الإسكندر؟","فيليب الثاني","","","",""
"ADM3787","حضارات قديمة","صعب","عائلة","«أبقراط» في السؤال جواب ADM2140 — عائلة أبقراط","من الطبيب الإغريقيّ الذي عمل في روما وساد طبُّه أوروبا أكثر من ألف عام بعد أبقراط؟","جالينوس","","","",""
"ADM2123","حضارات قديمة","سهل","عائلة","قريب من ADM1113 (معالم: هرم خوفو العجيبة الباقية) وعائلتاهما مختلفتان — اجعلها «هرم خوفو» ‖ عائلة «هرم خوفو» مع ADM1113 (حالياً أهرامات الجيزة)","ما اسم أكبر أهرامات الجيزة؟","هرم خوفو","","","",""
"ADM3747","حضارات قديمة","سهل","عائلة","عائلة «تونس» (حالياً قرطاج)","في أيّ بلدٍ عربيّ تقع أطلال مدينة قرطاج؟","تونس","","","",""
"ADM1855","دوري أبطال أوروبا","تعجيزي","خطأ واقعة","خطأ: أتلتيكو بلغ النهائيّ ثلاث مرّات لا خمساً، و2014/2016 مكرّرتان مع ADM1853 — واقعة بديلة","أيّ فريقٍ بلغ المباراة النهائيّة خمس مرّاتٍ وخرج خاسراً في كلّها؟","أتلتيكو مدريد","أمام أيّ فريقٍ خسر أتلتيكو مدريد نهائيّ 1974 بعد مباراةٍ معادة؟","بايرن ميونخ","",""
"ADM1852","دوري أبطال أوروبا","صعب","خطأ واقعة","خطأ: كاكا لم يرفع الكأس مع ريال مدريد (فاز بها مع ميلان 2007 فقط)","من اللاعب الذي رفع الكأس مع ريال مدريد وميلان في مسيرته وحمل الجنسية البرازيلية؟","كاكا","من البرازيليّ الذي كان هدّاف المسابقة وقاد ميلان إلى لقب 2007 ثمّ نال الكرة الذهبيّة في العام نفسه؟","كاكا","",""
"ADM1869","دوري أبطال أوروبا","تعجيزي","حجب","مكرّر مع ADM1827 (سلتيك 1967)، ومكشوف في نصّ ADM6300 وADM7160 («سيلتيك»)","أيّ نادٍ اسكتلنديّ كان أوّل نادٍ بريطانيّ يرفع الكأس سنة 1967؟","سلتيك","","","",""
"ADM6495","دوري أبطال أوروبا","تعجيزي","حجب","مكرّر مع ADM1835 (لقبا فورست المتتاليان)، ومكشوف في نصّ ADM7184","أيّ ناديٍ إنجليزيّ رفع الكأس مرّتين متتاليتين مع أنّه لم يفز بالدوري الإنجليزيّ إلّا مرّةً واحدة في تاريخه؟","نوتنغهام فورست","","","",""
"ADM1803","دوري أبطال أوروبا","سهل","حجب","تافه — المدينة في اسم النادي (بايرن ميونخ)","في أيّ مدينةٍ ألمانيّة يلعب بايرن؟","ميونخ","","","",""
"ADM7157","دوري أبطال أوروبا","سهل","حجب","مكشوف في نصّ ADM7166 («قاد باريس سان جيرمان إلى لقبه الأوّل سنة 2025»)","أيّ نادٍ فرنسيّ توّج بلقبه الأوّل سنة 2025 بخماسيّةٍ في النهائيّ؟","باريس سان جيرمان","","","",""
"ADM1835","دوري أبطال أوروبا","صعب","حجب","مكشوف في نصّ ADM7184 («لقبيه المتتاليين» لفورست)","ما النادي الإنجليزيّ الذي رفع الكأس مرّتين متتاليتين في 1979 و1980؟","نوتينغهام فورست","","","",""
"ADM1842","دوري أبطال أوروبا","صعب","حجب","مكشوف في نصّ ADM1838 («مع دورتموند سنة 1997»)","أيّ ناديٍ ألمانيّ رفع الكأس سنة 1997 على حساب يوفنتوس؟","بوروسيا دورتموند","","","",""
"ADM1845","دوري أبطال أوروبا","صعب","حجب","مكشوف في نصّ ADM7164 («نهائيّ 2022 أمام ليفربول»)","ما النادي الذي خسر نهائيّي 2018 و2022 أمام ريال مدريد؟","ليفربول","","","",""
"ADM1816","دوري أبطال أوروبا","متوسط","حجب","مكشوف في نصّ ADM7178 («ليفربول معجزة إسطنبول سنة 2005»)","ما النادي الذي عاد من ثلاثة أهدافٍ في نهائيّ 2005؟","ليفربول","","","",""
"ADM1817","دوري أبطال أوروبا","متوسط","حجب","مكشوف في نصّ ADM7178 وADM7187 («نهائيّ 2005 في إسطنبول»)","في أيّ مدينةٍ تركيّة أُقيم نهائيّ 2005 الشهير؟","إسطنبول","","","",""
"ADM1819","دوري أبطال أوروبا","متوسط","حجب","مكشوف في نصّ ADM1844 وADM7182 («نهائيّ 2012 لتشيلسي»)","أيّ ناديٍ إنجليزيّ فاز بالبطولة لأوّل مرّةٍ سنة 2012 بركلات الترجيح؟","تشيلسي","","","",""
"ADM1823","دوري أبطال أوروبا","متوسط","حجب","مكشوف في نصّ ADM1807 («فاز بالبطولة مع بورتو») وADM7177 وADM7195","أيّ ناديٍ برتغاليّ توّج بالبطولة سنة 2004 بقيادة مورينيو؟","بورتو","","","",""
"ADM1826","دوري أبطال أوروبا","متوسط","حجب","مكشوف في نصّ ADM1829 وADM7172 («مانشستر سيتي» في نهائيّ 2023)","من النادي الذي ذاق طعم اللقب أوّل مرّةٍ سنة 2023 بقيادة غوارديولا؟","مانشستر سيتي","","","",""
"ADM1832","دوري أبطال أوروبا","متوسط","حجب","مكشوف في نصّ ADM1866 وADM7186 («قلب مانشستر يونايتد» نهائيّ 1999)","من قلب نهائيّ 1999 بهدفين في الوقت بدل الضائع؟","مانشستر يونايتد","","","",""
"ADM1833","دوري أبطال أوروبا","متوسط","حجب","مكشوف في نصّ ADM7175 («تشيلسي نهائيّ 2021»)","في أيّ عامٍ فاز تشيلسي بلقبه الثاني في المسابقة؟","2021","","","",""
"ADM1809","دوري أبطال أوروبا","سهل","صياغة","النهائيّ يقع أواخر مايو أو أوائل يونيو (2019 و2023 و2024 في يونيو)","في أيّ شهرٍ تُقام المباراة النهائيّة عادةً؟","مايو","","أواخر مايو أو أوائل يونيو","",""
"","دوري أبطال أوروبا","تعجيزي","بديل","بديل لحجبٍ في خليّة عند الحدّ","","","من سجّل هدف الفوز الوحيد في نهائيّ 1982 أمام بايرن ميونخ؟","بيتر ويذ","",""
"","دوري أبطال أوروبا","تعجيزي","بديل","بديل لحجبٍ في خليّة عند الحدّ","","","من الحارس الرومانيّ الذي صدّ أربع ركلات ترجيحٍ متتالية في نهائيّ 1986 أمام برشلونة؟","هيلموت دوكادام","",""
"","دوري أبطال أوروبا","سهل","بديل","بديل لحجبٍ في خليّة عند الحدّ ⚠ الجواب قائم في ADM1725،ADM6712 — عائلة أو استبدال","","","أيّ ناديٍ لندنيّ يلعب على ملعب «الإمارات»؟","أرسنال","",""
"","دوري أبطال أوروبا","سهل","بديل","بديل لحجبٍ في خليّة عند الحدّ ⚠ الجواب قائم في ADM1737،ADM6711 — عائلة أو استبدال","","","أيّ ناديٍ إنجليزيّ يُلقّب بـ«البلوز»؟","تشيلسي","",""
"","دوري أبطال أوروبا","صعب","بديل","بديل لحجبٍ في خليّة عند الحدّ","","","من سجّل هدف الفوز لمارسيليا برأسيّةٍ في نهائيّ 1993 أمام ميلان؟","بازيل بولي","",""
"","دوري أبطال أوروبا","صعب","بديل","بديل لحجبٍ في خليّة عند الحدّ","","","من سجّل هدف أياكس الوحيد في نهائيّ 1995 أمام ميلان؟","باتريك كلويفرت","",""
"","دوري أبطال أوروبا","صعب","بديل","بديل لحجبٍ في خليّة عند الحدّ","","","من المدرّب المؤقّت الذي قاد تشيلسي إلى لقبه الأوّل سنة 2012؟","روبرتو دي ماتيو","",""
"","دوري أبطال أوروبا","متوسط","بديل","بديل لحجبٍ في خليّة عند الحدّ ⚠ الجواب قائم في ADM1731،ADM1750،ADM6719 — عائلة أو استبدال","","","أيّ ناديٍ إنجليزيّ خسر نهائيّ 2019 أمام ليفربول في مدريد؟","توتنهام","",""
"","دوري أبطال أوروبا","متوسط","بديل","بديل لحجبٍ في خليّة عند الحدّ","","","من حارس ليفربول الذي ارتكب خطأين فادحين في نهائيّ 2018 أمام ريال مدريد؟","لوريس كاريوس","",""
"","دوري أبطال أوروبا","متوسط","بديل","بديل لحجبٍ في خليّة عند الحدّ","","","من سجّل هدف مانشستر يونايتد الوحيد في نهائيّ 2011 أمام برشلونة؟","واين روني","",""
"","دوري أبطال أوروبا","متوسط","بديل","بديل لحجبٍ في خليّة عند الحدّ ⚠ الجواب قائم في ADM7821 — عائلة أو استبدال","","","من المدرّب الألمانيّ الذي قاد تشيلسي إلى لقب 2021؟","توماس توخيل","",""
"","دوري أبطال أوروبا","متوسط","بديل","بديل؛ عائلة مع ADM1849 (مدينة النهائيّ)","","","في أيّ مدينةٍ أُقيم نهائيّ 2008 بين مانشستر يونايتد وتشيلسي؟","موسكو","",""
"","دوري أبطال أوروبا","متوسط","بديل","بديل لحجبٍ في خليّة عند الحدّ","","","من قائد ليفربول الذي رفع الكأس بعد العودة من ثلاثة أهداف سنة 2005؟","ستيفن جيرارد","",""
"","دوري أبطال أوروبا","متوسط","بديل","بديل لحجبٍ في خليّة عند الحدّ","","","من سجّل هدف التعادل لتشيلسي في نهائيّ 2008 أمام مانشستر يونايتد؟","فرانك لامبارد","",""
"","دوري أبطال أوروبا","متوسط","بديل","بديل لحجبٍ في خليّة عند الحدّ","","","من المدرّب الهولنديّ الذي قاد برشلونة إلى لقب 2006؟","فرانك ريكارد","",""
"ADM1810","دوري أبطال أوروبا","سهل","عائلة","قالب واحد «النادي من أيّ دولة» أربع مرّات — اقتراح عائلة: دولة النادي","ما البلد الذي ينتمي إليه نادي أياكس؟","هولندا","","","",""
"ADM6275","دوري أبطال أوروبا","سهل","عائلة","قالب واحد «النادي من أيّ دولة» أربع مرّات — اقتراح عائلة: دولة النادي","في أيّ دولةٍ يلعب نادي بورتو؟","البرتغال","","","",""
"ADM6279","دوري أبطال أوروبا","سهل","عائلة","قالب واحد «النادي من أيّ دولة» أربع مرّات — اقتراح عائلة: دولة النادي","إلى أيّ دولةٍ ينتمي نادي غلطة سراي؟","تركيا","","","",""
"ADM6300","دوري أبطال أوروبا","سهل","عائلة","قالب واحد «النادي من أيّ دولة» أربع مرّات — اقتراح عائلة: دولة النادي","نادي سيلتيك من أيّ دولة؟","اسكتلندا","","","",""
"ADM1839","دوري أبطال أوروبا","صعب","عائلة","عائلة جديدة «ستيوا» مع ADM6689","أيّ ناديٍ رومانيّ فاز بالبطولة سنة 1986؟","ستيوا بوخارست","","","",""
"ADM2993","ديزني وبيكسار","صعب","خطأ واقعة","خطأ: «الأميرة والضفدع» رُسم يدويّاً (آخر أفلام الرسم التقليديّ)؛ أوّل أميرة بالحاسوب رابونزل","ما اسم أميرة ديزني الأولى بالحاسوب كليّاً وتعيش في نيو أورلينز؟","تيانا","ما اسم أوّل أميرةٍ أمريكيّةٍ سوداء في ديزني، تحلم بافتتاح مطعمٍ في نيو أورلينز؟","","",""
"ADM2944","ديزني وبيكسار","سهل","حجب","تافه: تفّاحة بياض الثلج يعرفها كلّ حاضر","بأيّ فاكهةٍ سُمّمت بياض الثلج؟","التفّاحة","","","",""
"ADM2952","ديزني وبيكسار","سهل","حجب","تافه: منتصف الليل في سندريلا بديهيّ","عند أيّ ساعةٍ ينتهي سحر سندريلا؟","منتصف الليل","","","",""
"ADM3015","ديزني وبيكسار","تعجيزي","حجب","تعجيزي ممنوع: من المؤسّس","من هذا العالم أحد مؤسّسي بيكسار ورئيسها الذي فاز بجائزة تورينغ؟","إد كاتمول","","","",""
"ADM3017","ديزني وبيكسار","تعجيزي","حجب","تعجيزي ممنوع: الشريك المؤسّس","ما اسم أخي والت الذي شاركه تأسيس الشركة وأدار أموالها؟","روي","","","",""
"ADM2979","ديزني وبيكسار","صعب","صياغة","إلتون جون ألّف الأغاني لا الموسيقى (الموسيقى هانز زيمر، جواب ADM3011)","من غنّى «هل تشعر بالحبّ الليلة» وألّف موسيقى «الأسد الملك»؟","إلتون جون","من غنّى «هل تشعر بالحبّ الليلة» وألّف أغاني «الأسد الملك»؟","","",""
"ADM2747","ديزني وبيكسار","تعجيزي","مستوى","سهل لتعجيزي (والت ديزني وورلد)؛ وأضف عائلة «والت ديزني وورلد» (يكشف فلوريدا جواب ADM2975)","افتُتحت في فلوريدا عام 1971 — ما اسم مدينة الملاهي؟","والت ديزني وورلد","","","متوسط",""
"ADM7417","ديزني وبيكسار","تعجيزي","مستوى","شير خان مشهور، ليس تعجيزيّاً","ما اسم النمر الذي يطارد ماوكلي في «كتاب الأدغال»؟","شير خان","","","متوسط",""
"","ديزني وبيكسار","سهل","بديل","بديل؛ عائلة «الأسد الملك»","","","ما اسم الشبل بطل «الأسد الملك» الذي يهرب من مملكته بعد موت أبيه؟","سيمبا","",""
"","ديزني وبيكسار","سهل","بديل","بديل؛ عائلة «فروزن»","","","في «فروزن»، ما اسم الملكة التي تُطلق الجليد من يديها؟","إلسا","",""
"","ديزني وبيكسار","تعجيزي","بديل","بديل؛ عائلة «راتاتوي»","","","في «راتاتوي»، ما اسم الناقد المتجهّم الذي يلين قلبه أمام طبق الراتاتوي؟","أنتون إيغو","",""
"","ديزني وبيكسار","تعجيزي","بديل","بديل؛ عائلة «الخارقين»","","","في «الخارقين»، ما اسم مصمّمة أزياء الأبطال القصيرة التي ترفض العباءات؟","إدنا مود","",""
"","ديزني وبيكسار","تعجيزي","بديل","بديل؛ عائلة «حكاية لعبة»","","","في «حكاية لعبة»، ما اسم الكلب اللعبة الذي جسمه زنبرك معدنيّ؟","سلينكي","",""
"","ديزني وبيكسار","تعجيزي","بديل","بديل؛ عائلة «فوق»","","","في «فوق»، ما الاسم الذي أطلقه راسل على الطائر الملوّن النادر؟","كيفن","",""
"ADM2739","ديزني وبيكسار","صعب","عائلة","نصّه يذكر «رالف المدمّر» جواب ADM2730: عائلة «رالف» للاثنين","ما اسم الجزء الثاني من «رالف المدمّر» الذي تجتمع فيه أميرات ديزني كلّهنّ في مشهدٍ واحد؟","رالف يحطّم الإنترنت","","","",""
"ADM2701","ديزني وبيكسار","متوسط","عائلة","ADM2961 يذكر مولان: عائلة «مولان»","ما اسم الفتاة الصينيّة التي تنكّرت في زيّ رجلٍ لتحلّ محلّ أبيها في الجيش؟","مولان","","","",""
"ADM7412","ديزني وبيكسار","تعجيزي","عائلة","يذكر «قلباً وقالباً» ورايلي (جوابا ADM2693 وADM2735): عائلة «قلباً وقالباً»","ما اسم الصديق الخياليّ لرايلي، نصفه فيل ويبكي حلوى، في «قلباً وقالباً»؟","بينغ بونغ","","","",""
"ADM7416","ديزني وبيكسار","تعجيزي","عائلة","يذكر موفاسا جواب ADM2958: عائلة «الأسد الملك»","ما اسم الطائر مستشار الملك موفاسا في «الأسد الملك»؟","زازو","","","",""
"ADM7413","ديزني وبيكسار","تعجيزي","عائلة","يذكر رابونزل جواب ADM2699: عائلة «رابونزل»","ما اسم الحرباء الصغيرة رفيقة رابونزل؟","باسكال","","","",""
"ADM7414","ديزني وبيكسار","تعجيزي","عائلة","يذكر موانا جواب ADM2700: عائلة «موانا»","ما اسم السلطعون العملاق المولع بالأشياء اللامعة في «موانا»؟","تاماتوا","","","",""
"ADM7415","ديزني وبيكسار","تعجيزي","عائلة","يذكر موانا جواب ADM2700: عائلة «موانا»","ما اسم الديك الأحمق الذي يرافق موانا في رحلتها؟","هاي هاي (هيهي)","","","",""
"ADM7418","ديزني وبيكسار","تعجيزي","عائلة","يذكر آريل جواب ADM2685: عائلة «آريل»","ما اسم السمكة الصفراء المخطّطة صديقة آريل في «حورية البحر»؟","فلاوندر","","","",""
"ADM7410","ديزني وبيكسار","تعجيزي","عائلة","يذكر وودي جواب ADM2691: عائلة «حكاية لعبة»","ما اسم حصان وودي في «حكاية لعبة»؟","بولزآي","","","",""
"ADM2687","ديزني وبيكسار","سهل","عائلة","ADM2992 يذكر بيل: عائلة «الجميلة والوحش»","فتاةٌ حلّت محلّ أبيها أسيرةً عند الوحش ثمّ أحبّته — ما اسمها؟","بيل (الجميلة)","","","",""
"ADM2718","ديزني وبيكسار","متوسط","عائلة","يكشف كاليفورنيا/1955 جواب ADM2976: عائلة «ديزني لاند»","ما اسم مدينة الملاهي الأولى التي افتتحها والت ديزني عام 1955 في كاليفورنيا؟","ديزني لاند","","","",""
"ADM2720","ديزني وبيكسار","صعب","عائلة","ستيف جوبز جواب E271 (من أنا؟) أيضاً: عائلة «ستيف جوبز» ‖ عائلة جديدة «ستيف جوبز» مع E271","من مؤسّس شركة بيكسار الذي اشتراها من لوكاس فيلم عام 1986؟","ستيف جوبز","","","",""
"ADM2954","ديزني وبيكسار","سهل","عائلة","عائلة «الأزرق» مع H092","ما لون شخصيّة «الحزن» في «قلباً وقالباً»؟","أزرق","","","",""
"ADM1514","رياضة عامة","تعجيزي","خطأ واقعة","خطأ: أوّل عربيّ توّج بالبطولة الآسيويّة السدّ القطريّ (1989)؛ الهلال 1991","أيّ ناديٍ عربيّ أوّل من توّج بدوري أبطال آسيا؟","الهلال","أيّ ناديٍ عربيّ كان أوّل من توّج ببطولة الأندية الآسيويّة (دوري أبطال آسيا حالياً)؟","السدّ القطريّ","",""
"E449","رياضة عامة","سهل","خطأ واقعة","خطأ: داخل الملعب حكم واحد؛ المساعدان على الخطّ","كم حكماً يقف داخل ملعب كرة القدم أثناء المباراة؟","ثلاثة حكّام","كم حكماً مساعداً يقف على خطّي التماس في مباراة كرة القدم؟","اثنان","",""
"E453","رياضة عامة","سهل","خطأ واقعة","تقادم: كأس السعوديّة أغلى سباق خيل منذ 2020","ما اسم أغلى سباق للخيل جائزةً في العالم ويُقام سنوياً في الإمارات؟","كأس دبي العالمي","ما سباق الخيل الذي صار أغلى سباقٍ في العالم جائزةً منذ 2020 ويُقام في الرياض؟","كأس السعوديّة","",""
"ADM1506","رياضة عامة","تعجيزي","حجب","خطأ: الجواب «أقلّ من دقيقة» ليس جواباً (هاكان شوكور 11 ثانية)، والتصحيح مكرّر مع ADM3732 (كأس العالم)","كم دقيقةً استغرق أسرع هدفٍ في تاريخ كأس العالم؟","أقلّ من دقيقة","","","",""
"ADM7424","رياضة عامة","تعجيزي","حجب","الجواب في نصّ E180 («حمل الرقم 23»)، ونصّه يكشف جواب E180","ما الرقم الذي ارتداه مايكل جوردن في شيكاغو بولز؟","23","","","",""
"ADM7432","رياضة عامة","سهل","حجب","تافه — يعرفه كلّ حاضر","ما اسم تقنية الفيديو التي يراجع بها الحكم اللقطات في كرة القدم؟","الفار (VAR)","","","",""
"ADM7434","رياضة عامة","سهل","حجب","تافه، والجواب مشتقّ من السؤال («الصقور» ← الصقارة)","ما اسم رياضة الصيد بالصقور المشهورة في الخليج؟","القنص (الصقارة)","","","",""
"E105","رياضة عامة","سهل","حجب","مكشوف في نصّ H119 وS034 («ويمبلدون»)","ما اسم أشهر بطولة تنس تقام في بريطانيا؟","ويمبلدون","","","",""
"M289","رياضة عامة","سهل","حجب","مكشوف في نصّ ADM8734 («لقب رولان غاروس»)","أي بطولات الغراند سلام في التنس تُقام على الملاعب الترابية؟","بطولة فرنسا المفتوحة رولان غاروس","","","",""
"S037","رياضة عامة","سهل","حجب","تافه — يعرفه كلّ حاضر","ما النادي الذي لعب له ليونيل ميسي معظم مسيرته؟","برشلونة","","","",""
"ADM8731","رياضة عامة","صعب","حجب","الجواب مشتقّ من السؤال («عشر مسابقات» ← العشاري)","ما اسم سباق ألعاب القوى الذي يجمع عشر مسابقات؟","العشاري","","","",""
"ADM8726","رياضة عامة","متوسط","حجب","مكشوف في نصّ M289 وS033 («الغراند سلام»)","في التنس، ما اسم الفوز بالبطولات الأربع الكبرى خلال سنة تقويمية واحدة؟","الغراند سلام التقويمي","","","",""
"M061","رياضة عامة","متوسط","حجب","مكرّر: ADM1894 وADM3994 (كأس العالم) يذكران «أوّل نسخة سنة 1930» في نصّهما","في أي عام أقيمت أول بطولة كأس عالم لكرة القدم؟","1930","","","",""
"M210","رياضة عامة","متوسط","حجب","مكشوف في نصّ ADM6501 («لاعبو السومو»)","ما الرياضة الوطنية في اليابان؟","السومو","","","",""
"M281","رياضة عامة","متوسط","حجب","مكشوف في نصّ ADM7425 وH120 («البولينغ»)","في أي رياضة يُستخدم مصطلح سترايك للإطاحة بجميع القوارير؟","البولينغ","","","",""
"M706","رياضة عامة","متوسط","حجب","الجواب في السؤال («البطولة الأفريقيّة»)، ومكشوف في H433 وH438","ما اسم البطولة الأفريقية الكبرى للمنتخبات في كرة القدم؟","كأس الأمم الأفريقية","","","",""
"M709","رياضة عامة","متوسط","حجب","مكشوف في نصّ ADM7420 وADM7428 وM275 («في التنس»)","في أي رياضة يُستخدم مصطلح «لاف» للدلالة على الصفر؟","التنس","","","",""
"S051","رياضة عامة","متوسط","حجب","مكشوف في نصّ ADM6497 («طواف فرنسا»)","ما اسم أشهر سباق دراجات في العالم ويقام سنويًا في فرنسا؟","طواف فرنسا","","","",""
"ADM1512","رياضة عامة","تعجيزي","صياغة","مشكوك: «أقدم سباق سيّارات سنويّ» غير مسلَّم","ما اسم أقدم سباقٍ للسيّارات ما زال يُقام سنويّاً؟","إندي 500","ما سباق السيّارات الأمريكيّ العريق على حلبةٍ بيضاويّة الذي يشرب بطله الحليب احتفالاً؟","إندي 500","",""
"E108","رياضة عامة","سهل","صياغة","الجواب في السؤال («الآسيويّة»)","ما البطولة التي تتنافس عليها المنتخبات الآسيوية في كرة القدم؟","كأس آسيا","ما البطولة القارّيّة التي فازت بها قطر في نسختي 2019 و2023؟","كأس آسيا","",""
"E179","رياضة عامة","سهل","صياغة","الجواب في السؤال («الأوروبيّة»)","ما اسم البطولة التي تتنافس عليها المنتخبات الأوروبية في كرة القدم؟","كأس الأمم الأوروبية — اليورو","ما البطولة التي توّجت بها إسبانيا صيف 2024 بعد نهائيٍّ أمام إنجلترا في برلين؟","كأس الأمم الأوروبيّة (اليورو)","",""
"S014","رياضة عامة","سهل","صياغة","الجواب في السؤال («فوق الأمواج»)","ما الرياضة التي يتنافس فيها اللاعبون على لوح فوق الأمواج؟","ركوب الأمواج","ما الرياضة التي تشتهر بها شواطئ هاواي ويؤدّيها اللاعب واقفاً على لوح؟","ركوب الأمواج","",""
"ADM7437","رياضة عامة","صعب","صياغة","الجواب البديل «الضربة الساحقة» منصوص في السؤال","في الكرة الطائرة، ماذا تُسمّى الضربة الساحقة من فوق الشبكة؟","السبايك (الضربة الساحقة)","في الكرة الطائرة، ما الاسم الإنجليزيّ الشائع للضربة الهجوميّة القويّة من فوق الشبكة؟","السبايك","",""
"ADM1504","رياضة عامة","تعجيزي","مستوى","«من صمّم» ممنوع في التعجيزي، وكوبرتان مشهور","من صمّم شعار الحلقات الأولمبيّة؟","بيير دي كوبرتان","","","صعب",""
"ADM1507","رياضة عامة","تعجيزي","مستوى","«الاسم الحقيقي» ممنوع في التعجيزي، وكاسيوس كلاي معروف","بأيّ اسمٍ وُلد الملاكم محمد علي قبل إسلامه؟","كاسيوس كلاي","","","صعب",""
"ADM6502","رياضة عامة","تعجيزي","مستوى","معروف لعامّة المتعلّمين","ما الرياضة التي تجمع السباحة والدرّاجات والجري في سباقٍ واحد؟","الترياثلون","","","متوسط",""
"ADM7420","رياضة عامة","تعجيزي","مستوى","الآس مصطلح شائع","ما اسم الإرسال في التنس الذي لا يلمسه المستقبِل أصلاً؟","الآس (Ace)","","","متوسط",""
"H116","رياضة عامة","صعب","مستوى","معلومة عامّة لا تحتاج محبّ الرياضة","كم يبلغ طول حوض السباحة الأولمبي؟","خمسون مترًا","","","متوسط",""
"","رياضة عامة","تعجيزي","بديل","بديل لحجبٍ في خليّة عند الحدّ","","","في الكريكيت، ماذا يُسمّى خروج الضارب دون أن يسجّل أيّ نقطة؟","البطّة (Duck)","",""
"","رياضة عامة","تعجيزي","بديل","بديل؛ عائلة مع ADM7421 (مصطلحات الغولف)","","","في الغولف، ما اسم إنهاء الحفرة بثلاث ضرباتٍ أقلّ من المعدّل؟","ألباتروس","",""
"","رياضة عامة","تعجيزي","بديل","بديل لحجبٍ في خليّة عند الحدّ","","","ما اسم الكأس التي يرفعها بطل دوري الهوكي على الجليد في أمريكا الشماليّة؟","كأس ستانلي","",""
"","رياضة عامة","تعجيزي","بديل","بديل لحجبٍ في خليّة عند الحدّ","","","ما الرياضة الأيرلنديّة التقليديّة التي تُلعب بعصا خشبيّة عريضة وكرةٍ صغيرة؟","الهيرلينغ","",""
"","رياضة عامة","تعجيزي","بديل","بديل لحجبٍ في خليّة عند الحدّ","","","ما اسم أقدم كأسٍ في الرياضات الدوليّة، ويتنافس عليها سباق اليخوت الشراعيّة؟","كأس أمريكا (America's Cup)","",""
"","رياضة عامة","تعجيزي","بديل","بديل لحجبٍ في خليّة عند الحدّ","","","في الرغبي، ماذا يُسمّى إنزال الكرة على الأرض خلف خطّ مرمى الخصم؟","المحاولة (Try)","",""
"","رياضة عامة","سهل","بديل","بديل لحجبٍ في خليّة عند الحدّ","","","كم نقطةً تُحتسب للتسديدة من خارج القوس في كرة السلّة؟","ثلاث نقاط","",""
"","رياضة عامة","سهل","بديل","بديل؛ عائلة: ألقاب المنتخبات","","","ما لقب منتخب البرازيل لكرة القدم؟","السيليساو","",""
"","رياضة عامة","سهل","بديل","بديل لحجبٍ في خليّة عند الحدّ ⚠ الجواب قائم في ADM1629 — عائلة أو استبدال","","","ما لون الحزام الذي يرمز لمرتبة الإتقان في الكاراتيه والجودو؟","الأسود","",""
"","رياضة عامة","سهل","بديل","بديل لحجبٍ في خليّة عند الحدّ","","","ما البطولة التي أُقيمت صيف 2025 في الولايات المتحدة بمشاركة 32 نادياً من القارّات كلّها؟","كأس العالم للأندية","",""
"","رياضة عامة","سهل","بديل","بديل لحجبٍ في خليّة عند الحدّ","","","ما الرياضة الأولمبيّة التي يتنافس فيها الفارس وحصانه على تخطّي الحواجز؟","الفروسية","",""
"ADM6280","رياضة عامة","سهل","عائلة","قالب واحد «كم لاعباً في فريق…» سبع مرّات — اقتراح عائلة: عدد لاعبي الفريق ‖ عائلة «عدد لاعبي الفريق» مع E103","كم عدد لاعبي فريق كرة السلة داخل الملعب؟","خمسة","","","",""
"E103","رياضة عامة","سهل","عائلة","قالب واحد «كم لاعباً في فريق…» سبع مرّات — اقتراح عائلة: عدد لاعبي الفريق ‖ عائلة «عدد لاعبي الفريق» مع H118 وADM6280 وM272 — القالب نفسه","كم عدد لاعبي فريق كرة اليد داخل الملعب؟","سبعة","","","",""
"H118","رياضة عامة","صعب","عائلة","قالب واحد «كم لاعباً في فريق…» سبع مرّات — اقتراح عائلة: عدد لاعبي الفريق ‖ عائلة «عدد لاعبي الفريق» مع E103","كم لاعبًا لكل فريق داخل الماء في كرة الماء؟","سبعة","","","",""
"M272","رياضة عامة","متوسط","عائلة","قالب واحد «كم لاعباً في فريق…» سبع مرّات — اقتراح عائلة: عدد لاعبي الفريق ‖ عائلة «عدد لاعبي الفريق» مع E103","كم لاعبًا داخل الملعب في فريق الكرة الطائرة؟","ستة","","","",""
"M280","رياضة عامة","متوسط","عائلة","قالب واحد «كم لاعباً في فريق…» سبع مرّات — اقتراح عائلة: عدد لاعبي الفريق","كم لاعبًا في فريق الرجبي اتحاد؟","خمسة عشر","","","",""
"M283","رياضة عامة","متوسط","عائلة","قالب واحد «كم لاعباً في فريق…» سبع مرّات — اقتراح عائلة: عدد لاعبي الفريق","كم لاعبًا في فريق الكريكيت؟","أحد عشر","","","",""
"M408","رياضة عامة","متوسط","عائلة","قالب واحد «كم لاعباً في فريق…» سبع مرّات — اقتراح عائلة: عدد لاعبي الفريق","كم لاعبًا لكل فريق داخل ملعب الهوكي على الجليد؟","ستة لاعبين","","","",""
"M276","رياضة عامة","متوسط","عائلة","قالب واحد (أدوار خروج المغلوب) — اقتراح عائلة: أدوار خروج المغلوب","بطولة خروج المغلوب فيها 32 فريقًا، كم دورًا حتى النهائي؟","خمسة أدوار","","","",""
"M704","رياضة عامة","متوسط","عائلة","قالب واحد (أدوار خروج المغلوب) — اقتراح عائلة: أدوار خروج المغلوب","كم عدد الأدوار في بطولة تضم ستة عشر فريقاً بنظام خروج المغلوب؟","أربعة أدوار","","","",""
"ADM0714","سيارات","صعب","خطأ واقعة","خطأ: فيرون الأصليّة بلغت 408 كم/س سنة 2005؛ سوبر سبورت (431) جاءت لاحقاً","ما أوّل سيارة إنتاجية تتجاوز سرعتها 400 كيلومتر في الساعة؟","بوغاتي فيرون سوبر سبورت","","بوغاتي فيرون","",""
"ADM0649","سيارات","متوسط","خطأ واقعة","مشكوك: «باترول سفاري» في الخليج يُطلق على Y61 لا Y60 فيما أعرف؛ ويذكر «نيسان باترول» جواب ADM6121","ما الاسم الذي يطلق خليجياً على نيسان باترول ذي الهيكل Y60؟","باترول سفاري","","","",""
"ADM1626","سيارات","متوسط","خطأ واقعة","مشكوك/يتقادم: لقب «الأسرع» متنازع (شيرون سوبر سبورت، كوينيغسيغ، SSC)","ما أسرع سيّارة إنتاجٍ في العالم من حيث السرعة القصوى؟","بوغاتي شيرون","ما سيّارة بوغاتي التي خلفت فيرون سنة 2016؟","","",""
"ADM1621","سيارات","تعجيزي","حجب","معنى الاسم/أصل الكلمة ممنوع في التعجيزي","أيّ شركة سيّاراتٍ يعني اسمها «أنا أدور» باللاتينيّة؟","فولفو","","","",""
"ADM2878","سيارات","تعجيزي","حجب","المؤسّس وأصل الاسم ممنوعان في التعجيزي","اسم «أودي» ترجمةٌ لاتينيّة لاسم مؤسّسها الذي يعني بالألمانيّة «اسمع» — ما اسمه؟","أوغست هورش","","","",""
"ADM2879","سيارات","تعجيزي","حجب","رجل أعمال مجهول وأصل اسم — ممنوع في التعجيزي","«مرسيدس» اسم ابنة رجل أعمالٍ نمساويّ كان يبيع سيّارات دايملر — ما اسمه؟","إميل يلينك","","","",""
"ADM2880","سيارات","تعجيزي","حجب","معنى الاسم ممنوع في التعجيزي","شعار سوبارو ستّ نجوم — ما العنقود النجميّ الذي يعنيه اسمها باليابانيّة؟","الثريّا","","","",""
"ADM2881","سيارات","تعجيزي","حجب","معنى الاسم ممنوع في التعجيزي","ماذا يعني اسم «هيونداي» بالكوريّة؟","الحداثة","","","",""
"ADM6505","سيارات","تعجيزي","حجب","مكرّر مع ADM0700 (بينينفارينا)، ودار التصميم من نمط «المصمّم»","ما اسم دار التصميم الإيطاليّة التي رسمت معظم طرازات فيراري الكلاسيكيّة؟","بينين فارينا","","","",""
"ADM7445","سيارات","تعجيزي","حجب","الجواب مشتقّ من «باتمان» في السؤال، وهو سهل لا تعجيزي","ما اسم سيّارة باتمان؟","باتموبيل","","","",""
"ADM0696","سيارات","صعب","حجب","مكرّر مع ADM6504 (رولز رويس لبي إم دبليو)، وسؤاله يكشف جوابها","أي علامة بريطانية فاخرة آلت إلى بي إم دبليو بينما ذهبت شقيقتها إلى فولكس فاغن عام 1998؟","رولز رويس","","","",""
"ADM0629","سيارات","متوسط","حجب","الجواب مذكور في أسئلة ADM0602 وADM0603 وADM0698 وADM2887","ما السباق الفرنسي الشهير الذي يستمر أربعاً وعشرين ساعة؟","سباق لومان","","","",""
"ADM1629","سيارات","تعجيزي","صياغة","سؤاله يذكر «فورد موديل تي» جواب ADM0678؛ واللون كان وحيداً 1914–1925 فقط","بأيّ لونٍ وحيدٍ كانت تُباع سيّارة فورد موديل تي؟","الأسود","قال هنري فورد عن أشهر سيّاراته إنّ الزبون يختار أيّ لونٍ ما دام هذا اللون — ما هو؟","","",""
"ADM7443","سيارات","تعجيزي","صياغة","سؤاله يذكر «توب غير» جواب ADM7449؛ و«ذو» صوابها «ذي»","ما اسم السائق الغامض ذو الخوذة البيضاء في برنامج «توب غير»؟","ذا ستيغ","ما اسم السائق الغامض ذي الخوذة البيضاء في برنامج جيريمي كلاركسون الشهير؟","","",""
"ADM0642","سيارات","سهل","صياغة","الجواب في السؤال (جي واجن = الفئة G)","أي طراز من مرسيدس يُعرف أيضاً باسم جي واجن؟","الفئة G","ما طراز مرسيدس رباعيّ الدفع ذو الشكل الصندوقيّ الذي بدأ مركبةً عسكريّة سنة 1979؟","الفئة G (جي كلاس)","",""
"ADM1633","سيارات","سهل","صياغة","صياغة ركيكة بين قوسين","ما اسم هذه السيارة ( اسم الشركة )","بورش","من أيّ شركةٍ هذه السيّارة؟","","",""
"ADM0605","سيارات","صعب","صياغة","جواب عامّ يكاد يكون في السؤال، وسؤال ADM0633 يذكر «بطولة العالم للراليات»","ما البطولة التي تستخدم سيارات رالي على طرق عامة مغلقة ومراحل زمنية؟","بطولة العالم للراليات","ما الاختصار الإنجليزيّ الشائع لبطولة العالم للراليات؟","WRC","",""
"ADM0699","سيارات","صعب","صياغة","سؤاله يذكر «كونتاش» جواب ADM0640","أي مصمّم إيطاليّ وقّع تصميم لامبورغيني ميورا وكونتاش معاً؟","مارتشيلو غانديني","أيّ مصمّمٍ إيطاليّ وقّع تصميم لامبورغيني ميورا وديابلو؟","","",""
"ADM0706","سيارات","صعب","صياغة","سؤاله يذكر «ألفا روميو» جواب ADM0707","من مؤسّس الشركة الإيطاليّة صاحبة شعار الحصان الجامح، وكان سائقاً لدى ألفا روميو قبل أن يبني شركته؟","إنزو فيراري","من مؤسّس الشركة الإيطاليّة صاحبة شعار الحصان الجامح، وكان سائق سباقٍ قبل أن يبني شركته؟","","",""
"ADM0707","سيارات","صعب","صياغة","سؤاله يذكر «إنزو فيراري» جواب ADM0706","ما العلامة الإيطالية التي انطلق منها إنزو فيراري سائقاً وتحمل شعار الأفعى؟","ألفا روميو","ما العلامة الإيطاليّة التي يجمع شعارها أفعى تبتلع إنساناً وصليباً أحمر؟","","",""
"ADM0710","سيارات","صعب","صياغة","جوابان: كرايسلر أفلست أيضاً سنة 2009","أي شركة سيارات أمريكية كبرى أفلست عام 2009 ثمّ أُعيدت هيكلتها؟","جنرال موتورز","أيّ شركة سيّاراتٍ أمريكيّة كانت الأكبر في العالم عقوداً ثمّ أفلست عام 2009؟","","",""
"ADM0634","سيارات","متوسط","صياغة","سؤاله يذكر «المجموعة B» جواب ADM0604","أي سيارة بيجو ارتبطت بالمجموعة B في الراليات؟","بيجو 205 T16","أيّ سيارة بيجو صغيرة بمحرّك توربو وسطيّ فازت ببطولة العالم للراليات 1985 و1986؟","","",""
"ADM0640","سيارات","متوسط","صياغة","سؤاله يذكر «أبواب مقصّيّة» جواب ADM7444","أي سيارة إيطالية كلاسيكية تميزت بأبواب مقصية وتصميم إسفيني؟","لامبورغيني كونتاش","أيّ سيّارة لامبورغيني إسفينيّة التصميم خلفت ميورا في السبعينيّات؟","","",""
"ADM0643","سيارات","متوسط","صياغة","سؤاله يذكر «سوبارو إمبريزا» جواب ADM0632","ما سيارة ميتسوبيشي الرياضية المنافسة لسوبارو إمبريزا في الراليات؟","لانسر إيفولوشن","ما سيّارة ميتسوبيشي التي أحرز بها تومي ماكينن أربعة ألقابٍ متتالية في بطولة العالم للراليات؟","","",""
"ADM0645","سيارات","متوسط","صياغة","جوابان: RX-8 أيضاً بمحرّك دورانيّ ثنائيّ الروتور","ما طراز مازدا الرياضي الذي استخدم محركاً دورانياً ثنائي الروتور؟","مازدا RX-7","ما طراز مازدا الرياضيّ ذو المصابيح المنبثقة الذي استخدم محرّكاً دورانيّاً؟","","",""
"ADM0647","سيارات","متوسط","صياغة","سؤاله يذكر «لاندكروزر» جواب ADM6120","ما طراز لكزس الكبير الذي يشترك في أساسه مع تويوتا لاندكروزر؟","لكزس LX","ما طراز لكزس الكبير الذي يشترك في أساسه مع أشهر سيّارة دفعٍ رباعيّ من تويوتا؟","","",""
"ADM7439","سيارات","تعجيزي","مستوى","دي لوريان في «العودة إلى المستقبل» مشهورة","ما اسم السيارة ذات الأبواب الجناحيّة التي صارت آلة زمن في «العودة إلى المستقبل»؟","دي لوريان","","","صعب",""
"ADM7440","سيارات","تعجيزي","مستوى","كيت في «نايت رايدر» يعرفها الكبار؛ ليس نادراً","ما اسم السيارة الذكيّة الناطقة في مسلسل «نايت رايدر»؟","كيت (KITT)","","","صعب",""
"","سيارات","تعجيزي","بديل","بديل لحجب/نقل في خليّة عند الحدّ 30","","","بأيّ حرفٍ لاتينيّ يُوصف ترتيب أسطوانات محرّك بوغاتي الستّ عشرة؟","W (W16)","",""
"","سيارات","تعجيزي","بديل","بديل لحجب/نقل في خليّة عند الحدّ 30 ⚠ الجواب قائم في ADM5609،ADM1930،ADM1904 — عائلة أو استبدال","","","من أيّ دولةٍ شركة «ريماك» للسيّارات الكهربائيّة الخارقة؟","كرواتيا","",""
"","سيارات","تعجيزي","بديل","بديل لحجب/نقل في خليّة عند الحدّ 30","","","ما سيّارة تويوتا الفاخرة المصنوعة يدويّاً التي يركبها إمبراطور اليابان وكبار الساسة هناك؟","تويوتا سنتشري","",""
"","سيارات","تعجيزي","بديل","بديل لحجب/نقل في خليّة عند الحدّ 30","","","ما اسم الخطّ المستقيم الطويل الشهير في حلبة لومان؟","مولسان (أونوديير)","",""
"","سيارات","تعجيزي","بديل","بديل لحجب/نقل في خليّة عند الحدّ 30","","","ما طراز بورش الذي منحها أوّل فوزٍ مطلقٍ في سباق لومان سنة 1970؟","بورش 917","",""
"","سيارات","تعجيزي","بديل","بديل لحجب/نقل في خليّة عند الحدّ 30","","","بأيّ لقبٍ عُرفت سيّارات سباق مرسيدس في الثلاثينيّات وعاد إليها فريقها في الفورمولا 1؟","الأسهم الفضّيّة (Silver Arrows)","",""
"","سيارات","تعجيزي","بديل","بديل لحجب/نقل في خليّة عند الحدّ 30","","","ما سيّارة تويوتا الرياضيّة المكشوفة التي ظهرت في فيلم جيمس بوند «لا تعيش إلّا مرّتين»؟","تويوتا 2000GT","",""
"","سيارات","تعجيزي","بديل","بديل لحجب/نقل في خليّة عند الحدّ 30","","","بأيّ لقبٍ عُرفت مرسيدس SL في الستينيّات لسقفها المقعّر كسقوف المعابد الآسيويّة؟","الباغودا (Pagoda)","",""
"","سيارات","تعجيزي","بديل","بديل لحجب/نقل في خليّة عند الحدّ 30","","","ما اسم نظام الدفع الرباعيّ في سيّارات مرسيدس؟","4MATIC (فورماتيك)","",""
"ADM1568","سينما ودراما","تعجيزي","خطأ واقعة","مشكوك: «المستشفى العامّ» (General Hospital) ما زال يُعرض وقد يكون تجاوز Guiding Light؛ والترجمة الشائعة «الضوء الهادي»؛ وسؤال ميّت في الغرفة","ما اسم أطول مسلسلٍ أمريكيّ عرضاً في التاريخ؟","المرشد الروحي","","","",""
"H311","سينما ودراما","صعب","خطأ واقعة","مشكوك: «جائزتين» في البندقية 1972 (المعروف جائزة النقّاد الدوليّين)؛ ومع H307 جوابه مهرجان البندقية — اقترح عائلة","أي مهرجان دولي منح فيلم «بس يا بحر» جائزتين سنة 1972؟","مهرجان البندقية (فينيسيا)","","","",""
"H371","سينما ودراما","صعب","خطأ واقعة","مشكوك: «العاصفة» (السنعوسي) يُذكر أوّل فيلم كويتي روائي — والوصف «ملوّن» غير مؤكّد","ما اسم أول فيلم كويتي روائي طويل ملوّن؟","العاصفة","","","",""
"H466","سينما ودراما","صعب","خطأ واقعة","مشكوك: فيلم «دنيا» (محمد كريم) شارك في أوّل دورة لكان 1946 قبل «بابا أمين»","ما اسم أول فيلم عربي شارك في مهرجان كان؟","بابا أمين","","","",""
"H469","سينما ودراما","صعب","خطأ واقعة","مشكوك: لا أعرف «على الدنيا السلام» سيرةً للشيخ مبارك — تحقّق","ما اسم المسلسل الكويتي الذي جسّد سيرة الشيخ مبارك الصباح؟","على الدنيا السلام","","","",""
"H470","سينما ودراما","صعب","خطأ واقعة","خطأ: «فيلادلفيا» دور محامٍ مريض بالإيدز (دور واحد) و«فورست غامب» ليس مدرّساً؛ واسمه يكشف في ADM7452","من الممثل الذي نال أوسكارين متتاليين عن دورَي محامٍ ومريض إيدز ثم مدرّس؟","توم هانكس","من الممثل الذي نال أوسكار أفضل ممثل سنتين متتاليتين في التسعينيات عن «فيلادلفيا» ثم فيلمٍ آخر؟","توم هانكس","",""
"ADM1214","سينما ودراما","متوسط","خطأ واقعة","مشكوك: لقب حياة الفهد الشائع «سيّدة الشاشة الخليجيّة» لا «فنّانة العرب»","من الفنّانة الكويتيّة الملقّبة بـ«فنّانة العرب»؟","حياة الفهد","","","",""
"ADM1322","سينما ودراما","متوسط","خطأ واقعة","مشكوك: لقب «الفنّان الشامل» يُنسب لأكثر من فنّان (فؤاد المهندس، محمد صبحي…) — جوابان محتملان","الممثّل المصريّ الملقّب بـ«الفنّان الشامل» — من هو؟","صلاح ذو الفقار","","","",""
"M566","سينما ودراما","متوسط","خطأ واقعة","مشكوك: «صح النوم» مسلسل سوري لدريد لحام لا مسرحيّة كويتيّة؛ واسم عبدالحسين يكشف جواب E311","ما المسرحية الكويتية التي عُرضت سنة 1971 وبطلها عبدالحسين عبدالرضا وتُعدّ من كلاسيكيات المسرح الخليجي؟","صح النوم","","","",""
"M736","سينما ودراما","متوسط","خطأ واقعة","خطأ: عادل إمام في «أستاذ ورئيس قسم» أستاذ جامعي معارض لا مدرّس قرية","ما اسم المسلسل المصري الذي جسّد فيه عادل إمام دور مدرّس في قرية؟","أستاذ ورئيس قسم","ما المسلسل المصري الذي جسّد فيه عادل إمام دور أستاذ جامعي معارض؟","أستاذ ورئيس قسم","",""
"M741","سينما ودراما","متوسط","خطأ واقعة","مشكوك: أمينة رزق أدّت دور الأمّ في «دعاء الكروان» — تحقّق من اسم «زينب»","من الفنانة المصرية التي جسّدت دور «زينب» في فيلم «دعاء الكروان»؟","أمينة رزق","","","",""
"H303","سينما ودراما","صعب","حجب","مكرّر مع M579 (بارازايت وأوسكار 2020) واسمه يكشف جوابه؛ والجواب جملة طويلة","بأي صفة تاريخية دخل فيلم «بارازايت» سجلّات الأوسكار؟","أول فيلم غير ناطق بالإنجليزية يفوز بأفضل فيلم","","","",""
"H316","سينما ودراما","صعب","حجب","مكرّر مع ADM1384 (انتظار دي كابريو للأوسكار) وجوابه مكشوف في ADM1384 وM588؛ وسهل لصعب","من الممثل الأمريكي الذي انتظر سنوات طويلة حتى نال أول أوسكار له عن فيلم «العائد»؟","ليوناردو دي كابريو","","","",""
"H368","سينما ودراما","صعب","حجب","خطأ: مصر لم تُرشَّح للأوسكار قطّ — «دعاء الكروان» قُدِّم ولم يُرشَّح؛ وجوابه مكشوف في M550 وM741","ما اسم أول فيلم عربي رُشّح لجائزة الأوسكار عن مصر سنة 1959؟","دعاء الكروان","","","",""
"M563","سينما ودراما","متوسط","حجب","جوابه مكشوف في نصّ M564 وM565 (اسم المسلسل) — لا يُصلح بالصياغة","ما المسلسل الكويتي الذي تدور أحداثه حول شقيقتين تعملان في سوق الحريم؟","رقية وسبيكة","","","",""
"ADM1384","سينما ودراما","تعجيزي","صياغة","يكشف جواب ADM6282 وH316 (اسم دي كابريو)؛ و«خمس» تشمل ترشيح الإنتاج — للتمثيل أربع","كم مرّةً رُشّح ليوناردو دي كابريو للأوسكار قبل أن يفوز؟","خمس","كم مرّةً رُشّح بطل «تايتانيك» لأوسكار التمثيل قبل أن يفوز عن «العائد»؟","أربع","",""
"ADM1560","سينما ودراما","تعجيزي","صياغة","جوابان: «عودة الملك» يتقاسم الرقم أيضاً (11)","أيّ فيلمٍ يتقاسم الرقم القياسيّ لعدد جوائز الأوسكار مع تايتانيك؟","بن هور","أيّ فيلمٍ ملحميّ عن سباق العربات الرومانيّة يتقاسم الرقم القياسيّ لعدد جوائز الأوسكار مع تايتانيك؟","بن هور","",""
"ADM1570","سينما ودراما","تعجيزي","صياغة","اسم هيتشكوك يكشف جواب M583، و«لقطات طويلة» تكشف جواب H372","ما اسم فيلم هيتشكوك الذي صُوّر كلّه في شقّةٍ واحدة بلقطاتٍ طويلة متّصلة؟","الحبل (Rope)","ما فيلم مخرج «سايكو» الذي صُوّر كلّه في شقّةٍ واحدة حول جثّةٍ مخبّأة في صندوق؟","الحبل (Rope)","",""
"ADM6509","سينما ودراما","تعجيزي","صياغة","«إم جي إم» يكشف جواب M737 (مترو غولدوين ماير)؛ أضف عائلة مشتركة","ما اسم الأسد الذي يزأر في شعار استوديوهات «إم جي إم»؟","ليو","ما اسم الأسد الذي يزأر في شعار أحد أعرق استوديوهات هوليوود؟","ليو","",""
"ADM7454","سينما ودراما","تعجيزي","صياغة","اسم «الماتريكس» يكشف جواب M573","أيّ حبّةٍ يبتلعها البطل في «الماتريكس» ليعرف الحقيقة؟","الحبّة الحمراء","أيّ حبّةٍ يبتلعها «نيو» ليعرف الحقيقة؟","الحبّة الحمراء","",""
"ADM7452","سينما ودراما","تعجيزي","صياغة","اسم توم هانكس يكشف جواب M572 وH470","ما اسم الكرة التي صادقها توم هانكس على الجزيرة في «كاست أواي»؟","ويلسون","ما اسم الكرة التي صادقها البطل المنبوذ على الجزيرة في «كاست أواي»؟","ويلسون","",""
"E331","سينما ودراما","سهل","صياغة","اسم حياة الفهد يكشف جواب E310 وADM1214","ما المسلسل الذي جسّدت فيه حياة الفهد دور امرأة يهودية وأثار جدلاً واسعاً سنة 2020؟","أم هارون","ما المسلسل الكويتي الذي أدّت فيه بطلته دور امرأة يهودية وأثار جدلاً واسعاً سنة 2020؟","أم هارون","",""
"E324","سينما ودراما","سهل","صياغة","اسم محمود عبدالعزيز يكشف جواب E325","أي عمل درامي مصري روى قصة جاسوس تغلغل في إسرائيل وبطله محمود عبدالعزيز؟","رأفت الهجان","أي عمل درامي مصري روى قصة جاسوس مصري تغلغل في إسرائيل؟","رأفت الهجان","",""
"H295","سينما ودراما","صعب","صياغة","اسم خالد الصديق يكشف جواب H294","عن رواية أي أديب سوداني اقتبس خالد الصديق فيلمه «عرس الزين»؟","الطيب صالح","عن رواية أي أديب سوداني اقتُبس الفيلم الكويتي «عرس الزين»؟","الطيب صالح","",""
"H299","سينما ودراما","صعب","صياغة","اسم يوسف شاهين يكشف جواب M539","أي فيلم ليوسف شاهين تناول حياة الفيلسوف ابن رشد؟","المصير","أي فيلم مصري تناول حياة الفيلسوف ابن رشد؟","المصير","",""
"H308","سينما ودراما","صعب","صياغة","اسم هيث ليدجر يكشف جواب M575","لماذا كان فوز هيث ليدجر بالأوسكار عن دور الجوكر استثنائياً؟","لأنه نال الجائزة بعد وفاته","لماذا كان فوز مؤدّي «الجوكر» في «ذا دارك نايت» بالأوسكار استثنائياً؟","لأنه نال الجائزة بعد وفاته","",""
"ADM1213","سينما ودراما","متوسط","صياغة","اسم ناصر القصبي يكشف جواب ADM1181 — يحتاج صياغة بلا اسمه","من الممثّل السعوديّ الذي شارك ناصر القصبي بطولة «طاش ما طاش»؟","عبدالله السدحان","","","",""
"M539","سينما ودراما","متوسط","صياغة","«المصير» جواب H299 مكشوف هنا","من المخرج المصري صاحب أفلام «باب الحديد» و«المصير» و«إسكندرية ليه»؟","يوسف شاهين","من المخرج المصري صاحب أفلام «باب الحديد» و«العصفور» و«إسكندرية ليه»؟","يوسف شاهين","",""
"M542","سينما ودراما","متوسط","صياغة","اسم يوسف شاهين يكشف جواب M539","ما الفيلم المصري الذي يروي صراع الفلاحين مع الإقطاع على الريّ، وأخرجه يوسف شاهين سنة 1970؟","الأرض","ما الفيلم المصري الذي يروي صراع الفلاحين مع الإقطاع على الريّ، ومأخوذ عن رواية عبدالرحمن الشرقاوي؟","الأرض","",""
"M549","سينما ودراما","متوسط","صياغة","زوزو طالبة جامعية أصلاً لا «تحاول دخولها»؛ واسم سعاد حسني يكشف جواب E314","ما الفيلم الذي جسّدت فيه سعاد حسني دور راقصة تحاول دخول الجامعة؟","خلي بالك من زوزو","ما الفيلم الذي جسّدت فيه «السندريلا» طالبةً جامعيّة ترقص في فرقة أمّها؟","خلي بالك من زوزو","",""
"M550","سينما ودراما","متوسط","صياغة","اسم فاتن حمامة يكشف جواب E312","عن رواية أي أديب مصري اقتُبس فيلم «دعاء الكروان» الذي بطلته فاتن حمامة؟","طه حسين","عن رواية أي أديب مصري اقتُبس فيلم «دعاء الكروان»؟","طه حسين","",""
"M551","سينما ودراما","متوسط","صياغة","اسما سعاد حسني وأحمد زكي يكشفان جوابي E314 وE315","ما الفيلم الذي جمع سعاد حسني وأحمد زكي في قصة أخ يغسل عار أخته؟","شفيقة ومتولي","ما الفيلم الذي جمع «السندريلا» و«النمر الأسود» في قصة أخ يغسل عار أخته؟","شفيقة ومتولي","",""
"M552","سينما ودراما","متوسط","صياغة","اسم أحمد زكي يكشف جواب E315","ما الفيلم الذي جسّد فيه أحمد زكي دور حارس عمارة سكنية تنقلب حياته بعد ثرائه؟","البيه البواب","ما الفيلم الذي جسّد فيه «النمر الأسود» دور حارس عمارة تنقلب حياته بعد ثرائه؟","البيه البواب","",""
"M640","سينما ودراما","متوسط","صياغة","اسم أحمد زكي يكشف جواب E315","ما الفيلم الذي جسّد فيه أحمد زكي شخصية رئيس مصري راحل وأثار جدلاً واسعاً سنة 1996؟","ناصر 56","ما الفيلم الذي جسّد فيه «النمر الأسود» شخصية رئيس مصري راحل سنة 1996؟","ناصر 56","",""
"M570","سينما ودراما","متوسط","صياغة","«الفك المفترس» و«الحديقة الجوراسية» يكشفان جوابي M571 وE333","من المخرج الأمريكي صاحب أفلام «الفك المفترس» و«إي.تي» و«الحديقة الجوراسية»؟","ستيفن سبيلبرغ","من المخرج الأمريكي صاحب أفلام «إي.تي» و«إنقاذ الجندي رايان» و«قائمة شندلر»؟","ستيفن سبيلبرغ","",""
"M587","سينما ودراما","متوسط","صياغة","اسم مصطفى العقاد يكشف جواب E323","ما الفيلم الذي يروي سيرة عمر المختار وأخرجه مصطفى العقاد ولعب بطولته أنطوني كوين؟","أسد الصحراء","ما الفيلم الذي يروي سيرة عمر المختار ولعب بطولته أنطوني كوين؟","أسد الصحراء","",""
"M588","سينما ودراما","متوسط","صياغة","اسم دي كابريو يكشف جواب ADM6282","من الممثلة التي شاركت ليوناردو دي كابريو بطولة فيلم تايتانيك؟","كيت وينسلت","من الممثلة التي أدّت دور «روز» في فيلم تايتانيك؟","كيت وينسلت","",""
"M643","سينما ودراما","متوسط","صياغة","اسم عبدالحسين عبدالرضا يكشف جواب E311","ما اسم المسلسل الكويتي الذي جسّد فيه عبدالحسين عبدالرضا شخصية «سيف» رجل الأعمال؟","الأقدار","ما المسلسل الكويتي الذي جسّد فيه «حسينوه» بطل «درب الزلق» شخصية «سيف» رجل الأعمال؟","الأقدار","",""
"ADM6512","سينما ودراما","تعجيزي","مستوى","عائلة سمبسون معروفة للجميع — ليس تعجيزيّاً","ما أطول مسلسل رسومٍ متحرّكة أمريكيّ ما زال يُعرض؟","عائلة سمبسون","","","متوسط",""
"ADM7454","سينما ودراما","تعجيزي","مستوى","الحبّة الحمراء مشهورة — ليس تعجيزيّاً","أيّ حبّةٍ يبتلعها البطل في «الماتريكس» ليعرف الحقيقة؟","الحبّة الحمراء","","","متوسط",""
"ADM7457","سينما ودراما","تعجيزي","مستوى","غوثام يعرفها كلّ من شاهد باتمان — متوسط لا تعجيزي","ما اسم المدينة الخياليّة التي يحميها باتمان؟","غوثام","","","متوسط",""
"ADM1203","سينما ودراما","متوسط","مستوى","سنة إطلاق قناة أطفال — رقم لا يعرفه المتعلّم العامّ","في أيّ سنةٍ أطلقت شبكة الجزيرة قناتها المخصّصة للأطفال؟","2005","","","صعب",""
"ADM1212","سينما ودراما","متوسط","مستوى","سنة أوّل حلقة — صعب لا متوسط","في أيّ سنةٍ عُرضت الحلقة الأولى من «طاش ما طاش»؟","1993","","","صعب",""
"","سينما ودراما","تعجيزي","بديل","بدل ADM6512 (نُقل مستواه)","","","ما اسم قارب الصيد الذي يطارد به الأبطال القرش في «الفك المفترس»؟","أوركا","",""
"","سينما ودراما","تعجيزي","بديل","بدل ADM7454 (نُقل مستواه)","","","ما اسم مركبة هان سولو الفضائيّة في «حرب النجوم»؟","ميلينيوم فالكون","",""
"","سينما ودراما","تعجيزي","بديل","بدل ADM7457 (نُقل مستواه)","","","في «العرّاب»، ماذا وجد المنتج السينمائيّ في سريره بعد أن رفض طلب العائلة؟","رأس حصانه","",""
"H310","سينما ودراما","صعب","عائلة","واقعتان عن إنجازات «بس يا بحر» مع H311 — عائلة «بس يا بحر»","بأي إنجاز عالمي نادر دخل فيلم «بس يا بحر» تاريخ السينما الكويتية؟","أول فيلم كويتي يُقدَّم للتنافس على أوسكار أفضل فيلم أجنبي","","","",""
"M737","سينما ودراما","متوسط","عائلة","الواقعة نفسها مع ADM6509 (شعار أسد إم جي إم) — عائلة «ليو/إم جي إم»","ما اسم شركة الإنتاج الأمريكية التي تحمل شعار أسد يزأر؟","مترو غولدوين ماير","","","",""
"H307","سينما ودراما","صعب","عائلة","عائلة جديدة «مهرجان البندقية» مع H311 — الخليّة نفسها","أي مهرجان سينمائي يُعدّ الأقدم في العالم وتُمنح فيه جائزة الأسد الذهبي؟","مهرجان البندقية","","","",""
"H311","سينما ودراما","صعب","عائلة","عائلة جديدة «مهرجان البندقية» مع H307","أي مهرجان دولي منح فيلم «بس يا بحر» جائزتين سنة 1972؟","مهرجان البندقية (فينيسيا)","","","",""
"ADM5477","شعارات","سهل","حجب","تافه: تويتر/إكس من أمثلة البديهيّ المحذوفة صراحةً","شعار مَن هذا؟","إكس (تويتر سابقاً)","","","",""
"ADM5550","شعارات","تعجيزي","مستوى","شعار متجر التطبيقات يعرفه كلّ صاحب آيفون — ليس تعجيزيّاً","شعار أيّ متجر تطبيقاتٍ هذا؟","آب ستور","","","سهل",""
"ADM5551","شعارات","تعجيزي","مستوى","رمز السلام معروف للجميع؛ متوسط لا تعجيزي","ما هذا الشعار الذي وُلد في حملةٍ بريطانيّة لنزع السلاح النوويّ سنة 1958؟","رمز السلام","","","متوسط",""
"ADM6906","شعارات","صعب","مستوى","أومبرو نادر في الخليج؛ يعوّض خروج آب ستور من التعجيزي","شعار مَن هذا؟","أومبرو","","","تعجيزي",""
"ADM6900","شعارات","صعب","مستوى","أكيورا شبه غائبة في الخليج؛ يعوّض خروج رمز السلام من التعجيزي","شعار مَن هذا؟","أكيورا","","","تعجيزي",""
"ADM6915","شعارات","صعب","مستوى","دومينوز منتشر جداً في الخليج؛ أسهل من صعب","شعار مَن هذا؟","دومينوز","","","متوسط",""
"ADM6916","شعارات","صعب","مستوى","بيتزا هت منتشر جداً؛ أسهل من صعب","شعار مَن هذا؟","بيتزا هت","","","متوسط",""
"ADM6917","شعارات","صعب","مستوى","هيونداي من أكثر السيّارات انتشاراً؛ أسهل من صعب","شعار مَن هذا؟","هيونداي","","","متوسط",""
"ADM5505","شعارات","متوسط","مستوى","سلاك أداة عمل متخصّصة؛ أصعب من متوسط","شعار مَن هذا؟","سلاك","","","صعب",""
"ADM5506","شعارات","متوسط","مستوى","دروب بوكس أقلّ شهرة اليوم؛ صعب","شعار مَن هذا؟","دروب بوكس","","","صعب",""
"ADM5504","شعارات","متوسط","مستوى","ستيم يعرفه لاعبو الحاسوب فقط؛ صعب","شعار مَن هذا؟","ستيم","","","صعب",""
"ADM5499","شعارات","متوسط","مستوى","أوبرا متصفّح قليل الانتشار؛ صعب","شعار مَن هذا؟","أوبرا","","","صعب",""
"ADM6890","شعارات","متوسط","مستوى","رمح مازيراتي يعرفه محبّ السيّارات؛ صعب","شعار مَن هذا؟","مازيراتي","","","صعب",""
"ADM5480","شعارات","سهل","مستوى","بنترست أقلّ شيوعاً من بقيّة خليّة السهل؛ يوازن الخلايا الأربع عند 30","شعار مَن هذا؟","بنترست","","","متوسط",""
"ADM6896","شعارات","متوسط","عائلة","عائلة «نينتندو سويتش» هنا و«سويتش» في ADM2539؛ وحّدهما ‖ عائلة «سويتش» مع ADM2539 (الاسمان مختلفان للعائلة نفسها)","شعار مَن هذا؟","نينتندو سويتش","","","",""
"ADM5504","شعارات","متوسط","عائلة","عائلة «ستيم» مع ADM2555","شعار مَن هذا؟","ستيم","","","",""
"ADM6689","شعارات أندية","تعجيزي","عائلة","اقتراح عائلة «ستيوا بوخارست»: الجواب نفسه في ADM1839 (دوري الأبطال) بلا عائلة ‖ عائلة جديدة «ستيوا» مع ADM1839","شعار أيّ نادٍ هذا؟","ستيوا بوخارست (FCSB)","","","",""
"ADM6516","طب وصحة","تعجيزي","حجب","مكرّر مع ADM1475 (عضلة المضغ الأقوى نسبةً لحجمها)","ما أقوى عضلةٍ في الجسم نسبةً إلى حجمها؟","العضلة الماضغة","","","",""
"M065","طب وصحة","سهل","حجب","تافه: أربع حجرات يعرفها الجميع","كم عدد حجرات قلب الإنسان؟","أربع حجرات","","","",""
"M317","طب وصحة","سهل","حجب","تافه: الحبل السرّي","ما اسم الحبل الذي يربط الجنين بالمشيمة؟","الحبل السري","","","",""
"M113","طب وصحة","سهل","حجب","تافه، والجواب مكشوف في سؤال E187 («نقص فيتامين د»)","ما الفيتامين الذي يحصل عليه الجسم من أشعة الشمس؟","فيتامين د","","","",""
"M337","طب وصحة","سهل","حجب","الجواب في السؤال (غسيل الكلى / «فشل الكلى»)","ما العملية التي تُنقّى بها الدماء صناعيًّا عند فشل الكلى؟","غسيل الكلى","","","",""
"H338","طب وصحة","صعب","حجب","تافه: «ينقل ما تراه العين» ← العصب البصري","ما اسم العصب الثاني من الأعصاب القحفية الذي ينقل ما تراه العين إلى الدماغ؟","العصب البصري","","","",""
"H341","طب وصحة","صعب","حجب","تافه: «فيطيل العظام» ← هرمون النمو","ما اسم الهرمون الذي تفرزه الغدة النخامية ويزيد إفرازه في الطفولة فيطيل العظام؟","هرمون النمو","","","",""
"H419","طب وصحة","صعب","حجب","الجواب ترجمة السؤال (تخطيط الدماغ)","ما اسم الاختبار الذي يقيس نشاط الدماغ الكهربائي؟","تخطيط الدماغ","","","",""
"M243","طب وصحة","متوسط","حجب","الجواب مكشوف في سؤال H219 («يفرزه البنكرياس») وسؤاله يكشف H017","ما العضو المسؤول عن إفراز الأنسولين؟","البنكرياس","","","",""
"M295","طب وصحة","متوسط","حجب","مكرّر/مكشوف في سؤال M429 («أسفل يمين البطن»)","في أي جهة من البطن تقع الزائدة الدودية؟","الجهة اليمنى السفلى","","","",""
"M330","طب وصحة","متوسط","حجب","الجواب مكشوف في سؤال E190 («يسبّب فقر الدم»)، وسؤاله يكشف M296","ما الحالة التي ينخفض فيها الهيموغلوبين عن معدله الطبيعي؟","فقر الدم","","","",""
"M324","طب وصحة","متوسط","حجب","الجواب مكشوف في سؤال E087 (الأمعاء الدقيقة)","ما أطول أجزاء الجهاز الهضمي؟","الأمعاء الدقيقة","","","",""
"M332","طب وصحة","متوسط","حجب","الجواب مكشوف في سؤال ADM1484 («الطحال عضو في البطن»)","ما العضو اللمفاوي الواقع أعلى الجهة اليسرى من البطن؟","الطحال","","","",""
"M338","طب وصحة","متوسط","حجب","الجواب في السؤال (الجهاز العصبي ← الخلايا العصبية)","ما الخلايا الأساسية التي يتكوّن منها الجهاز العصبي؟","الخلايا العصبية","","","",""
"M339","طب وصحة","متوسط","حجب","الجواب ترجمة السؤال (النشاط الكهربائي للقلب ← تخطيط القلب)","ما الجهاز الذي يسجّل النشاط الكهربائي للقلب؟","تخطيط القلب","","","",""
"ADM1482","طب وصحة","تعجيزي","صياغة","العجز لا يحمي النخاع (ينتهي النخاع عند الفقرات القطنيّة العليا)","بأيّ اسمٍ تُعرف العظمة التي تحمي النخاع في أسفل الظهر؟","العجز","ما اسم العظم المثلّث في أسفل العمود الفقريّ الناتج عن التحام خمس فقرات؟","","",""
"ADM1484","طب وصحة","تعجيزي","صياغة","الجواب ناقص: وظيفته الأساسيّة تصفية كريات الدم الحمراء الهرمة","الطحال عضوٌ في البطن — ما وظيفتُه الأساسيّة في الدم؟","تصفية كريات الدم","","تصفية كريات الدم الحمراء الهرمة","",""
"ADM4060","طب وصحة","صعب","صياغة","السؤال يكشف جواب ADM2853 (عمى الألوان)","أيّ عالم كيميائي وصف عمى الألوان أوّل مرّة حتى سُمّي المرض باسمه؟","جون دالتون","أيّ عالم كيميائيّ إنجليزيّ وصف عجزه هو نفسه عن تمييز الأحمر من الأخضر حتى سُمّيت الحالة باسمه؟","","",""
"H102","طب وصحة","متوسط","صياغة","السؤال يكشف جواب M692 (الغدة الكظرية)","ما الهرمون الذي تفرزه الغدة الكظرية عند الخوف والتوتر؟","الأدرينالين","ما الهرمون الذي يندفع في الدم عند الخوف فيسرّع القلب؟","","",""
"M292","طب وصحة","متوسط","صياغة","السؤال يكشف جواب E192 (العصارة الصفراوية)","ما العضو الذي يخزّن العصارة الصفراوية؟","المرارة","ما العضو الصغير الكمثريّ أسفل الكبد الذي قد تتكوّن فيه الحصى؟","","",""
"M244","طب وصحة","متوسط","صياغة","نصّ مختلّ («ما اسم… في أي دولة»)؛ وعائلة مع ADM2842 (برنارد)","ما اسم أول عملية زرع قلب ناجحة أُجريت في أي دولة؟","جنوب أفريقيا","في أيّ دولةٍ أُجريت أوّل عمليّة زرع قلبٍ بشريّ سنة 1967؟","","",""
"ADM6514","طب وصحة","تعجيزي","مستوى","الأذينان معلومة مدرسيّة لا تعجيزيّة","ما اسم الحجرتين العلويّتين في القلب؟","الأذينان","","","متوسط",""
"ADM7473","طب وصحة","تعجيزي","مستوى","ديجا فو يعرفه أكثر الناس","ما اسم الإحساس بأنّك عشت الموقف نفسه من قبل؟","ديجا فو (وهم سبق الرؤية)","","","متوسط",""
"ADM7470","طب وصحة","تعجيزي","مستوى","الكلوستروفوبيا لفظٌ شائع لا نادر","ما الاسم العلميّ للخوف المرضيّ من الأماكن المغلقة؟","الكلوستروفوبيا","","","متوسط",""
"ADM7476","طب وصحة","تعجيزي","مستوى","الجت لاغ يعرفه كلّ مسافر","ما اسم الإرهاق واضطراب النوم بعد السفر الطويل عبر المناطق الزمنيّة؟","الجِت لاغ (اضطراب الرحلات الجويّة)","","","سهل",""
"H017","طب وصحة","متوسط","مستوى","الأنسولين يعرفه كلّ أحد","ما الهرمون المسؤول عن تنظيم سكر الدم؟","الأنسولين","","","سهل",""
"H102","طب وصحة","متوسط","مستوى","الأدرينالين معروف للجميع","ما الهرمون الذي تفرزه الغدة الكظرية عند الخوف والتوتر؟","الأدرينالين","","","سهل",""
"","طب وصحة","تعجيزي","بديل","بدل المحجوب/المنقول من تعجيزي (الخليّة 30)","","","أيّ غدّةٍ صغيرة في عمق الدماغ يزداد إفرازها في الظلام فتجلب النعاس؟","الغدّة الصنوبريّة","",""
"","طب وصحة","تعجيزي","بديل","بدل المحجوب/المنقول من تعجيزي (الخليّة 30)","","","ما اسم الحالة التي يعجز فيها صاحبها عن التعرّف على الوجوه حتى وجوه أهله؟","عمى الوجوه (البروسوباغنوزيا)","",""
"","طب وصحة","تعجيزي","بديل","بدل المحجوب/المنقول من تعجيزي (الخليّة 30)","","","ما اسم العضلة الدقيقة التي تنقبض عند البرد أو الخوف فتقف الشعرة ويظهر «القشعريرة»؟","العضلة الناصبة للشعرة","",""
"","طب وصحة","تعجيزي","بديل","بدل المحجوب/المنقول من تعجيزي (الخليّة 30)","","","ما اسم الحالة الخِلقيّة التي يقع فيها القلب في الجهة اليمنى من الصدر؟","انقلاب القلب (دكستروكارديا)","",""
"","طب وصحة","تعجيزي","بديل","بدل المحجوب/المنقول من تعجيزي (الخليّة 30)","","","ما اسم الموضع في شبكيّة العين الذي يخرج منه العصب البصريّ فلا نرى به شيئاً؟","البقعة العمياء","",""
"","طب وصحة","سهل","بديل","بدل المحجوب من سهل (الخليّة 30 بعد نقل ADM7476 وH017 وH102 إليها)","","","ما اسم المادّة الدهنيّة في الدم التي يُحذَّر من ارتفاعها لأنّها تسدّ الشرايين؟","الكوليسترول","",""
"M685","علوم واختراعات","متوسط","خطأ واقعة","قوارير الماء من PET (البولي إيثيلين تيريفثاليت) لا البولي إيثيلين","ما اسم أشهر مادة بلاستيكية تُصنع منها القوارير؟","البولي إيثيلين","","البولي إيثيلين تيريفثاليت (PET)","",""
"ADM7488","علوم واختراعات","سهل","حجب","تافه: حالات المادّة الثلاث بديهيّة","ما حالة المادّة الثالثة بعد الصلبة والسائلة؟","الغازيّة","","","",""
"ADM7489","علوم واختراعات","سهل","حجب","تافه: تجمّد الماء عند الصفر يعرفه كلّ حاضر","عند كم درجةٍ مئويّة يتجمّد الماء؟","صفر","","","",""
"ADM7490","علوم واختراعات","سهل","حجب","تافه: الصدى بديهيّ","ماذا يُسمّى ارتداد الصوت إليك حين تصرخ في وادٍ أو قاعة فارغة؟","الصدى","","","",""
"ADM4154","علوم واختراعات","تعجيزي","حجب","تعجيزي ممنوع: أصل الكلمة/اختصار؛ والجواب شرح طويل","كلمة «رادار» اختصار لعبارة إنجليزية — ماذا تعني؟","الكشف وتحديد المواقع بموجات الراديو","","","",""
"ADM1430","علوم واختراعات","تعجيزي","حجب","تعجيزي ممنوع: المخترع المجهول خلف شيء مشهور (مايمان)","من الفيزيائيّ الذي شغّل أوّل جهاز ليزر؟","ثيودور مايمان","","","",""
"H007","علوم واختراعات","صعب","حجب","الجواب (118) مكشوف في نصّ ADM2868؛ و«حاليًا» يتقادم","كم عدد العناصر في الجدول الدوري حاليًا؟","118 عنصرًا","","","",""
"H075","علوم واختراعات","صعب","حجب","الجواب مكشوف في نصّ ADM4149 («سُمّيت وحدة التردّد باسمه» = هرتز)","ما الوحدة التي يُقاس بها التردد؟","الهرتز","","","",""
"H333","علوم واختراعات","صعب","حجب","الجواب مكشوف في نصّ ADM4137 («صاحب قانون حفظ الكتلة»)","ما اسم القانون الذي ينص على أن المادة لا تفنى ولا تُستحدث؟","قانون حفظ الكتلة","","","",""
"H412","علوم واختراعات","صعب","حجب","الجواب في السؤال (يمتص الحرارة/الماص للحرارة)؛ ومصطلح منهج","ما اسم التفاعل الذي يمتص الحرارة من محيطه؟","التفاعل الماص للحرارة","","","",""
"H076","علوم واختراعات","متوسط","حجب","الجواب مكشوف في نصّ E252 («سُمّيت وحدة القدرة باسمه»)","ما الوحدة التي تُقاس بها القدرة الكهربائية؟","الواط","","","",""
"M403","علوم واختراعات","متوسط","حجب","الجواب ترجمة لكلمة «ميكروويف» في السؤال","ما نوع الموجات التي يعمل بها فرن الميكروويف؟","الموجات الدقيقة","","","",""
"E071","علوم واختراعات","سهل","صياغة","الجواب في السؤال بالاشتقاق (بخار/التبخر)","ما اسم العملية التي يتحول بها ماء البحر إلى بخار؟","التبخر","ما اسم العمليّة التي يتحوّل بها الماء السائل إلى غازٍ بحرارة الشمس دون أن يغلي؟","","",""
"E251","علوم واختراعات","سهل","صياغة","الجواب يكرّر السؤال (مقياس سرعة الرياح)","ما اسم الجهاز الذي يقيس سرعة الرياح؟","مقياس سرعة الرياح — الأنيمومتر","","الأنيمومتر","",""
"E428","علوم واختراعات","سهل","صياغة","الجواب بالاشتقاق (المياه/الكهرومائية)","ما اسم الطاقة المتجدّدة التي تُولَّد من حركة المياه في السدود؟","الطاقة الكهرومائية","ما نوع الطاقة المتجدّدة التي تولّدها السدود؟","","",""
"ADM2871","علوم واختراعات","تعجيزي","صياغة","الجواب مشتقّ من اسم المخترع في السؤال (بيكلاند/باكليت)","ما اسم أوّل بلاستيكٍ صناعيّ بالكامل اخترعه ليو بيكلاند سنة 1907؟","الباكليت","ما اسم أوّل بلاستيكٍ صناعيّ بالكامل، اختُرع سنة 1907 وصُنعت منه أجهزة الهاتف والراديو القديمة؟","","",""
"ADM1444","علوم واختراعات","تعجيزي","صياغة","صياغة غير دقيقة: الغلوون ليس «أصغر جسيم» بل حامل القوّة الشديدة","بأيّ اسمٍ يُعرف أصغر جسيمٍ في نواة الذرّة يحمل القوّة النوويّة؟","الغلوون","ما اسم الجسيم الذي يحمل القوّة النوويّة الشديدة ويربط الكواركات داخل البروتون؟","","",""
"H408","علوم واختراعات","صعب","صياغة","أثقل غاز نبيل هو الأوغانيسون (جواب ADM2868)؛ الرادون أثقلها طبيعيّاً","ما اسم أثقل غاز نبيل في الجدول الدوري؟","الرادون","ما أثقل غازٍ نبيل يوجد في الطبيعة، وهو مشعّ يتسرّب من الصخور؟","","",""
"H409","علوم واختراعات","صعب","صياغة","الغراي يقيس الجرعة الإشعاعيّة الممتصّة لا «كمية المادة المشعّة»","ما اسم الوحدة التي تُقاس بها كمية المادة المشعّة المُمتصّة؟","الغراي","ما الوحدة التي تُقاس بها الجرعة الإشعاعيّة التي يمتصّها الجسم؟","","",""
"M608","علوم واختراعات","متوسط","صياغة","الجواب بالاشتقاق (ينكسر/الانكسار)","ما اسم الظاهرة التي ينكسر فيها الضوء عند انتقاله بين وسطين؟","الانكسار","ما اسم الظاهرة التي تجعل الملعقة تبدو منثنيةً داخل كوب الماء؟","","",""
"M231","علوم واختراعات","متوسط","صياغة","جوابان: كمية الحرارة تُقاس بالجول وبالسعر الحراري (جواب M056)","ما الوحدة التي تُقاس بها كمية الحرارة؟","الجول","ما وحدة الطاقة في النظام الدوليّ المسمّاة باسم عالمٍ إنجليزيّ؟","","",""
"ADM4123","علوم واختراعات","متوسط","صياغة","مشكوك: «الذهب الأبيض» سبيكة ذهب، ولقب القطن والنفط أيضاً — أكثر من جواب","أيّ معدن يُلقّب بـ«الذهب الأبيض»؟","البلاتين","أيّ معدنٍ نفيس رماديّ فضّي تُصنع منه المحوّلات الحفّازة في السيّارات وقد يفوق الذهب سعراً؟","","",""
"E246","علوم واختراعات","متوسط","صياغة","مشكوك: «مخترع التلفاز» متنازع (بيرد/فارنزورث)","من مخترع التلفاز؟","جون بيرد","من الاسكتلنديّ الذي قدّم أوّل عرضٍ علنيّ للتلفاز في لندن سنة 1926؟","جون لوجي بيرد","",""
"M683","علوم واختراعات","متوسط","صياغة","مشكوك: فون أوهاين طوّره في ألمانيا في الوقت نفسه","من العالم الذي اخترع المحرك النفّاث؟","فرانك ويتل","من المهندس البريطانيّ الذي سجّل براءة اختراع المحرّك النفّاث سنة 1930؟","","",""
"ADM7481","علوم واختراعات","تعجيزي","مستوى","تأثير دوبلر ثقافة عامّة لا تعجيزي","ما اسم الظاهرة التي تجعل صوت سيّارة الإسعاف يتغيّر حين تمرّ بجانبك؟","تأثير دوبلر","","","صعب",""
"ADM7484","علوم واختراعات","تعجيزي","مستوى","قطّة شرودنغر مشهورة شعبيّاً لا تعجيزي","ما اسم التجربة الذهنيّة الشهيرة عن قطٍّ حيٍّ وميّتٍ في آنٍ واحد؟","قطّة شرودنغر","","","صعب",""
"","علوم واختراعات","سهل","بديل","بديل ADM7488","","","ما السبيكة المصنوعة من الحديد مع قليلٍ من الكربون وتُبنى بها الجسور وناطحات السحاب؟","الفولاذ (الصلب)","",""
"","علوم واختراعات","سهل","بديل","بديل ADM7489","","","ما الغاز عديم اللون والرائحة الذي يتسرّب من المدافئ والفحم المشتعل في الغرف المغلقة فيسبّب الاختناق؟","أوّل أكسيد الكربون","",""
"","علوم واختراعات","سهل","بديل","بديل ADM7490","","","ما الجهاز الذي يرفع جهد الكهرباء أو يخفضه قبل وصولها إلى البيوت؟","المحوّل الكهربائيّ","",""
"","علوم واختراعات","تعجيزي","بديل","بديل","","","ما اسم الظاهرة التي يتجمّد فيها الماء الساخن أحياناً أسرع من البارد؟","تأثير مبيمبا","",""
"","علوم واختراعات","تعجيزي","بديل","بديل","","","ما اسم الحالة التي تنعدم فيها المقاومة الكهربائيّة لمادّةٍ حين تُبرَّد إلى درجاتٍ منخفضة جدّاً؟","الموصليّة الفائقة","",""
"","علوم واختراعات","تعجيزي","بديل","بديل؛ عائلة «الهيليوم» مع ADM6283 وM404 ⚠ الجواب قائم في ADM6283،M404 — عائلة أو استبدال","","","ما العنصر الذي اكتُشف أوّلاً في طيف الشمس قبل أن يُعثر عليه على الأرض؟","الهيليوم","",""
"","علوم واختراعات","تعجيزي","بديل","بديل","","","ما اسم السبيكة «ذات الذاكرة» من النيكل والتيتانيوم التي تعود إلى شكلها الأصليّ بالتسخين؟","النيتينول","",""
"E076","علوم واختراعات","سهل","عائلة","الواقعة نفسها مع ADM2873 (ملح الطعام = كلوريد الصوديوم): عائلة «ملح الطعام» للاثنين","ما العنصر الذي يتحد مع الصوديوم لتكوين ملح الطعام؟","الكلور","","","",""
"ADM4020","قصص الأنبياء","صعب","خطأ واقعة","مشكوك: قتل يحيى ثابت، أمّا قتل زكريّا فروايات إسرائيليّة مختلفٌ فيها — قيّد السؤال","من النبيّان الأب وابنه اللذان قتلهما بنو إسرائيل؟","زكريا ويحيى","من النبيّان الأب وابنه اللذان قتلهما بنو إسرائيل في بعض الروايات؟","","",""
"ADM2101","قصص الأنبياء","تعجيزي","حجب","مكرّر مع ADM3264 (أوّل قاتل: قابيل) — الواقعة نفسها؛ وسهلٌ للتعجيزي","ما أوّل جريمة قتلٍ ذكرها القرآن الكريم؟","قتلُ ابنِ آدمَ أخاه","","","",""
"ADM2109","قصص الأنبياء","تعجيزي","حجب","جوابان: الأصنام خمسة وأيّها يصحّ، و«ودّ» منصوصٌ في نصّ ADM3316","ما اسم الصنم الذي عبده قوم نوحٍ وذكره القرآن مع أربعةٍ غيره؟","ودّ","","","",""
"ADM3272","قصص الأنبياء","سهل","حجب","مكرّر مع ADM2049 (الناقة آية ثمود) — الواقعة نفسها","ما الحيوان الذي كان آيةً لصالح عليه السلام فعقره قومه؟","الناقة","","","",""
"ADM3327","قصص الأنبياء","صعب","حجب","مكرّر مع ADM2051 (هارون أخو موسى) — الجواب والهويّة نفسها، و«العجل» في النصّ","ما اسم أخي موسى عليه السلام الذي أنكر على بني إسرائيل عبادة العجل فلم يطيعوه؟","هارون عليه السلام","","","",""
"ADM3306","قصص الأنبياء","صعب","حجب","مكرّر مع E392 (من أنا؟): «تسبّح معه الجبال والطير» الواقعة نفسها","ما الشيء الذي سخّره الله لداود عليه السلام يسبّح معه بالعشيّ والإشراق؟","الجبال والطير","","","",""
"ADM3285","قصص الأنبياء","متوسط","حجب","مكرّر مع ADM2040 (داود أُوتي الزبور) — الواقعة نفسها معكوسة","كتابٌ سماويّ نزل على داود عليه السلام — ما اسمه؟","الزبور","","","",""
"ADM3296","قصص الأنبياء","متوسط","حجب","الجواب في السؤال («كلّم عليه موسى» ← جبل موسى)، ومكرّر مع ADM2064 (الطور)","ما اسم هذا الجبل في مصر الذي يُقال إنّ الله كلّم عليه موسى عليه السلام؟","جبل موسى (الطور)","","","",""
"ADM3326","قصص الأنبياء","متوسط","حجب","«سارة» في النصّ تكشف جواب ADM2057، و«إسحاق» في نصّ 2057 يكشف جوابه — مكرّر متبادل","من ابن إبراهيم عليه السلام الذي وُلد من سارة وبُشّر به على الكِبَر؟","إسحاق عليه السلام","","","",""
"ADM2097","قصص الأنبياء","تعجيزي","صياغة","«بيحيى» في النصّ يكشف جواب ADM2082 وADM2066","ما اسم السورة التي بدأت بقصّة زكريّا عليه السلام وبشارته بيحيى؟","سورة مريم","ما اسم السورة التي بدأت بقصّة زكريّا عليه السلام وبشارته بالولد على الكِبَر؟","","",""
"ADM3315","قصص الأنبياء","تعجيزي","صياغة","«مئة عام» في النصّ تكشف جواب ADM2090","من الرجل الذي مرّ على قريةٍ خاوية فأماته الله مئة عام ثمّ بعثه ويُقال إنّه نبيّ؟","عُزير","من الرجل الذي مرّ على قريةٍ خاوية فأماته الله ثمّ بعثه ويُقال إنّه نبيّ؟","","",""
"ADM3321","قصص الأنبياء","تعجيزي","صياغة","«ناقة صالح» في النصّ يكشف جواب ADM2049","ما اسم الرجل الذي عقر ناقة صالح عليه السلام كما تذكر كتب التفسير؟","قُدار بن سالف","ما اسم الرجل الذي عقر آية صالح عليه السلام كما تذكر كتب التفسير؟","","",""
"ADM3337","قصص الأنبياء","تعجيزي","صياغة","«ثمود» و«الناقة» في النصّ تكشفان ADM2048 وADM2049","كم يوماً أُمهل قوم ثمود بعد عقر الناقة قبل أن تأخذهم الصيحة؟","ثلاثة أيّام","كم يوماً أُمهل قوم صالح بعد أن عقروا آيتهم قبل أن تأخذهم الصيحة؟","","",""
"ADM3336","قصص الأنبياء","تعجيزي","صياغة","«قوم عاد» في النصّ يكشف جواب ADM2047","كم يوماً استمرّت الريح التي أهلكت قوم عاد؟","ثمانية أيّام وسبع ليال","كم يوماً استمرّت الريح التي أهلكت قوم هود عليه السلام؟","","",""
"ADM2049","قصص الأنبياء","سهل","صياغة","«ثمود» في النصّ يكشف جواب ADM2048","ما الآية التي جعلها الله لثمود فعقروها؟","الناقة","ما الآية التي جعلها الله لقوم صالح عليه السلام فعقروها؟","","",""
"ADM3265","قصص الأنبياء","سهل","صياغة","«قابيل» في النصّ يكشف جواب ADM3264","ما الطائر الذي علّم قابيل كيف يواري جثّة أخيه؟","الغراب","ما الطائر الذي علّم ابنَ آدم القاتل كيف يواري جثّة أخيه؟","","",""
"ADM3268","قصص الأنبياء","سهل","صياغة","ركاكة: «من الذي كاد… وراودته»","من الذي كاد ليوسف عليه السلام وراودته عن نفسه؟","امرأة العزيز","من التي راودت يوسف عليه السلام عن نفسه؟","","",""
"ADM3278","قصص الأنبياء","سهل","صياغة","«في الموصل» في النصّ يكشف جواب ADM3314","ما اسم هذا المسجد في الموصل الذي يُنسب إلى نبيٍّ التقمه الحوت ودُمّر سنة 2014؟","مسجد النبيّ يونس","ما اسم هذا المسجد العراقيّ الذي يُنسب إلى نبيٍّ التقمه الحوت ودُمّر سنة 2014؟","","",""
"ADM2079","قصص الأنبياء","صعب","صياغة","«عبدوا العجل» في النصّ يكشف جواب ADM3263","من النبيّ الذي ألقى الألواح لمّا رأى قومه عبدوا العجل؟","موسى عليه السلام","من النبيّ الذي ألقى الألواح غضباً لمّا رأى ما صنع قومه في غيابه؟","","",""
"ADM2081","قصص الأنبياء","صعب","صياغة","«صنعة الدروع» في النصّ تكشف جواب ADM2070","ما الذي أمر الله به داود عليه السلام في صنعة الدروع؟","أن يقدّر في السرد","ما الذي أمر الله به داود عليه السلام حين ألان له الحديد؟","","",""
"ADM3313","قصص الأنبياء","صعب","صياغة","الجواب في السؤال: «يُنسب إلى موسى» ← مقام النبيّ موسى","ما اسم هذا المقام في فلسطين الذي يُنسب إلى موسى عليه السلام وتُقام عنده مواسم شعبيّة؟","مقام النبيّ موسى","ما اسم هذا المقام الشهير في البرّيّة بين القدس وأريحا الذي تُقام عنده مواسم شعبيّة؟","","",""
"ADM3303","قصص الأنبياء","صعب","صياغة","«ثمود» في النصّ يكشف جواب ADM2048","قوم ثمود سكنوا منطقةً سمّى القرآن سورةً باسمها — ما هي؟","الحِجر","قوم صالح عليه السلام سكنوا منطقةً سمّى القرآن سورةً باسمها — ما هي؟","","",""
"ADM3302","قصص الأنبياء","صعب","صياغة","«قوم عاد» في النصّ يكشف جواب ADM2047","ما اسم المنطقة التي سكنها قوم عاد كما سمّاها القرآن؟","الأحقاف","ما اسم المنطقة التي سكنها قوم هود عليه السلام كما سمّاها القرآن؟","","",""
"ADM3304","قصص الأنبياء","صعب","صياغة","«شعيب» في النصّ يكشف جواب ADM2050","ما الاسم الآخر الذي سمّى به القرآن قوم شعيب عليه السلام؟","أصحاب الأيكة","ما الاسم الآخر الذي سمّى به القرآن أهل مدين؟","","",""
"ADM3281","قصص الأنبياء","متوسط","صياغة","«العجل» في النصّ يكشف جواب ADM3263","من الذي صنع العجل لبني إسرائيل في غياب موسى عليه السلام؟","السامريّ","من الذي أضلّ بني إسرائيل في غياب موسى عليه السلام فصنع لهم ما عبدوه؟","","",""
"ADM3297","قصص الأنبياء","متوسط","صياغة","«محافظة ظفار» تكشف الجواب (عُمان)","في أيّ بلدٍ عربيّ يقع هذا الضريح المنسوب إلى أيوب عليه السلام في محافظة ظفار؟","عُمان","في أيّ بلدٍ خليجيّ يقع هذا الضريح المنسوب إلى نبيّ الله أيوب عليه السلام؟","","",""
"ADM2054","قصص الأنبياء","متوسط","صياغة","«الطوفان» في النصّ يكشف جواب ADM3266","من النبيّ الذي جعل الله ذرّيّته هم الباقين بعد الطوفان؟","نوح عليه السلام","من النبيّ الذي جعل الله ذرّيّته هم الباقين بعد أن أغرق قومه؟","","",""
"ADM4018","قصص الأنبياء","صعب","صياغة","«الخضر» في النصّ يكشف جواب ADM2061","ما العلامة التي عرف بها موسى عليه السلام مكان لقاء الخضر؟","فقدان الحوت","ما العلامة التي عرف بها موسى عليه السلام مكان لقاء العبد الصالح؟","","",""
"ADM3335","قصص الأنبياء","تعجيزي","صياغة","«شعيب» في النصّ يكشف جواب ADM2050","ما الذنب الاقتصاديّ الذي نهى شعيبٌ عليه السلام قومه عنه؟","تطفيف الكيل والميزان","ما الذنب الاقتصاديّ الذي نهى نبيُّ مدين قومه عنه؟","","",""
"ADM2095","قصص الأنبياء","تعجيزي","مستوى","موسى أكثر الأنبياء ذكراً معلومة شائعة","من النبيّ الذي وردت قصّته في القرآن أكثر من غيره؟","موسى عليه السلام","","","متوسط",""
"ADM2113","قصص الأنبياء","تعجيزي","مستوى","«بوادٍ غير ذي زرع» مشهور — ليس تعجيزيّاً","من النبيّ الذي أسكن ذرّيّته بوادٍ غير ذي زرعٍ عند البيت المحرّم؟","إبراهيم عليه السلام","","","صعب",""
"ADM3333","قصص الأنبياء","تعجيزي","مستوى","«صفراء فاقعٌ لونها» يحفظها كثيرون","ما لون البقرة التي أُمر بنو إسرائيل بذبحها؟","صفراء فاقع لونها","","","صعب",""
"ADM1929","كأس العالم","صعب","خطأ واقعة","خطأ: ترجيح ليمان أمام الأرجنتين كان في ربع النهائيّ لا نصفه","من الحارس الذي صدّ ركلتين في ترجيح نصف نهائيّ 2006 أمام الأرجنتين؟","ينس ليمان","من الحارس الذي صدّ ركلتين في ترجيح ربع نهائيّ 2006 أمام الأرجنتين؟","ينس ليمان","",""
"ADM1953","كأس العالم","تعجيزي","حجب","مكرّر مع ADM1932 (ألمانيا الغربية بطلة 1990) واسمها مكشوف في ADM3729/ADM3730","بأيّ اسمٍ كانت تُعرف ألمانيا حين رفعت لقب 1990؟","ألمانيا الغربية","","","",""
"ADM1886","كأس العالم","سهل","حجب","الواقعة نفسها في ADM3675 (فوز السعودية على الأرجنتين) ونصّه يكشف الجواب","أيّ منتخبٍ خليجيّ فاجأ الأرجنتين في افتتاح مشوارها سنة 2022؟","السعودية","","","",""
"ADM1901","كأس العالم","متوسط","حجب","مكرّر مع ADM1894 (الأوروغواي مضيفة وبطلة 1930)","ما المنتخب الذي رفع اللقب في أوّل نسخةٍ نظّمها على أرضه؟","الأوروغواي","","","",""
"ADM1948","كأس العالم","تعجيزي","صياغة","«في الأوروغواي» يكشف جواب ADM1894/ADM1901","ما اسم الملعب الذي احتضن نهائيّ 1930 في الأوروغواي؟","ملعب سنتيناريو","ما اسم الملعب الذي احتضن نهائيّ أوّل كأس عالم؟","ملعب سنتيناريو","",""
"ADM3734","كأس العالم","تعجيزي","صياغة","«رونالدو البرازيلي» يكشف جواب صورة ADM3690","كم هدفاً سجّل رونالدو البرازيليّ في النهائيات عبر مسيرته؟","15","كم هدفاً سجّل «الظاهرة» البرازيليّ في النهائيات عبر مسيرته؟","15","",""
"ADM3737","كأس العالم","تعجيزي","صياغة","اسم بيليه يكشف جواب صورة ADM3699","من الحارس الإنجليزيّ صاحب «تصدّي القرن» أمام رأسيّة بيليه في مونديال 1970؟","غوردون بانكس","من الحارس الإنجليزيّ صاحب «تصدّي القرن» أمام رأسيّة نجم البرازيل في مونديال 1970؟","غوردون بانكس","",""
"ADM3709","كأس العالم","صعب","صياغة","اسم بيليه يكشف جواب صورة ADM3699","في أيّ دولةٍ أُقيمت نهائيات 1958 التي ظهر فيها بيليه شابّاً؟","السويد","في أيّ دولةٍ أُقيمت نهائيات 1958 التي توّجت فيها البرازيل لأوّل مرّة؟","السويد","",""
"ADM1928","كأس العالم","صعب","صياغة","لم يكن في 1950 مباراة نهائيّة بل دور نهائيّ — «المباراة الحاسمة»","ما الملعب الذي احتضن نهائيّ 1950 أمام أكثر من مئة ألف متفرّج؟","ماراكانا","ما الملعب الذي احتضن المباراة الحاسمة لمونديال 1950 أمام أكثر من مئة ألف متفرّج؟","ماراكانا","",""
"ADM1931","كأس العالم","صعب","صياغة","الهدف الأوّل لماندجوكيتش كان في مرماه — وضّح","من سجّل الهدف الأوّل في نهائيّ 2018؟","ماريو مانجوكيتش","من سجّل الهدف الأوّل في نهائيّ 2018 بالخطأ في مرمى منتخبه؟","ماريو ماندجوكيتش","",""
"ADM1903","كأس العالم","متوسط","صياغة","اسم روبرتو باجيو يكشف جواب صورة ADM3717","ما البلد الذي احتضن نهائيّ 1994 وضاعت فيه ركلة روبرتو باجيو؟","الولايات المتحدة","ما البلد الذي احتضن نهائيّ 1994 الذي حُسم لأوّل مرّة بركلات الترجيح؟","الولايات المتحدة","",""
"ADM1906","كأس العالم","متوسط","صياغة","«بعد الكاميرون» يكشف جواب ADM1897","أيّ منتخبٍ إفريقيّ ثانٍ بعد الكاميرون بلغ ربع النهائيّ سنة 2002؟","السنغال","أيّ منتخبٍ إفريقيّ هزم فرنسا حاملة اللقب في افتتاح 2002 وبلغ ربع النهائيّ؟","السنغال","",""
"ADM1908","كأس العالم","متوسط","صياغة","اسم زيدان يكشف جواب ADM3703","لماذا طُرد زين الدين زيدان في نهائيّ 2006؟","لأنّه نطح ماتيرازي","لماذا طُرد قائد فرنسا في نهائيّ 2006؟","لأنّه نطح ماتيرازي","",""
"ADM1881","كأس العالم","سهل","عائلة","جوابه ألمانيا وعائلته «فرنسا» خطأ — عائلة «ألمانيا» مع ADM1883","من حامل اللقب الذي خرج من دور المجموعات سنة 2018؟","ألمانيا","","","",""
"ADM1883","كأس العالم","سهل","عائلة","جوابه ألمانيا وعائلته «فرنسا» خطأ — عائلة «ألمانيا» مع ADM1881","من المنتخب الملقّب بـ«الماكينات» ويُعدّ الأكثر بلوغاً للنهائيّ؟","ألمانيا","","","",""
"ADM1914","كأس العالم","صعب","عائلة","مع صورة ADM3713 (كلوزه) بلا عائلة مشتركة ‖ عائلة «كلوزه» مع ADM3713","من هدّاف النهائيات عبر التاريخ برصيد ستّة عشر هدفاً؟","ميروسلاف كلوزه","","","",""
"ADM1923","كأس العالم","صعب","عائلة","مع صورة ADM3710 (بكنباور) بلا عائلة مشتركة ‖ عائلة «بكنباور» مع ADM3710","من رفع اللقب لاعباً سنة 1974 ثمّ قاد بلاده إليه مدرّباً سنة 1990؟","فرانتس بكنباور","","","",""
"ADM3674","كأس العالم","سهل","عائلة","وحّد العائلتين: «كيليان مبابي» بدل «مبابي»","من سجّل ثلاثة أهدافٍ في المباراة النهائيّة سنة 2022؟","كيليان مبابي","","","",""
"ADM3678","كأس العالم","سهل","عائلة","وحّد العائلتين: «كيليان مبابي» بدل «مبابي»","من هذا اللاعب؟","كيليان مبابي","","","",""
"ADM4951","لغة عربية","صعب","خطأ واقعة","خطأ: أكثر مفردات المالطيّة رومانسيّة (إيطاليّة/صقلّيّة)؛ العربيّ أساسها النحوي ونحو ثلث مفرداتها","ما اللغة الأوروبية الأكثر تأثّراً بالعربية حتى إنّ أكثر مفرداتها عربية الأصل؟","المالطية","ما اللغة الأوروبيّة ذات الأصل العربيّ التي تُكتب بالحروف اللاتينيّة؟","","",""
"ADM2275","لغة عربية","تعجيزي","حجب","الجواب في السؤال بالاشتقاق (خبر/خبريّة)، والمصطلح ملتبس: «الجملة الخبريّة» في البلاغة ضدّ الإنشائيّة لا الواقعة خبراً","ما اسم الجملة التي تقع خبراً لمبتدأ؟","جملة خبريّة","","","",""
"ADM5024","لغة عربية","تعجيزي","حجب","ممنوع في التعجيزي: «من الواضع/المؤسّس»، والنسبة مختلف فيها (يُنسب الصرف أيضاً لعليّ والمازني)","من واضع علم الصرف؟","معاذ بن مسلم الهرّاء","","","",""
"ADM2204","لغة عربية","سهل","حجب","تافه: صوت الذئب يعرفه كلّ حاضر","ما اسم صوت الذئب؟","العواء","","","",""
"ADM7494","لغة عربية","سهل","حجب","تافه: الليث=الأسد معروف للجميع (اسم شائع)","ما الحيوان الذي يُسمّى «الليث»؟","الأسد","","","",""
"ADM3593","لغة عربية","سهل","حجب","تافه: المثنّى من أوّل دروس الابتدائي","ما اسم الاسم الذي يدلّ على اثنين؟","المثنّى","","","",""
"ADM7497","لغة عربية","سهل","حجب","تافه: الجمع من أوّل دروس الابتدائي","ماذا يُسمّى الاسم الدالّ على أكثر من اثنين؟","الجمع","","","",""
"ADM3591","لغة عربية","سهل","حجب","تافه: «جاء محمد» فاعل يعرفه كلّ متعلّم","ما إعراب كلمة «محمّد» في جملة «جاء محمّد»؟","فاعل","","","",""
"ADM4989","لغة عربية","سهل","حجب","تافه: الحبو يعرفه كلّ حاضر","ماذا يُسمّى مشي الرضيع على يديه وركبتيه؟","الحبو","","","",""
"ADM3585","لغة عربية","سهل","حجب","تافه: جمع فم = أفواه بلا تفكير","ما جمع كلمة «فم»؟","أفواه","","","",""
"ADM3597","لغة عربية","سهل","صياغة","الجواب مشتقّ من نصّ السؤال («من فعل الفعل» ← اسم الفاعل)","ما اسم الاسم المشتقّ الدالّ على من فعل الفعل، مثل «كاتب»؟","اسم الفاعل","«كاتب» و«ناصر» و«شارب» — ما اسم هذا النوع من المشتقّات؟","","",""
"ADM3635","لغة عربية","صعب","صياغة","السؤال يكشف جوابَي ADM2243 (الطباق) وADM2244 (الجناس) في الفئة نفسها","ما اسم فرع البلاغة الذي يبحث في الطباق والجناس؟","البديع","ما اسم فرع البلاغة الذي يبحث في المحسّنات اللفظيّة والمعنويّة؟","","",""
"ADM2224","لغة عربية","متوسط","صياغة","السؤال يكشف جواب ADM2257 (الكناية) في الفئة نفسها","أيّ علمٍ يدرس التشبيه والاستعارة والكناية؟","البلاغة","أيّ علمٍ يدرس التشبيه والاستعارة؟","","",""
"ADM2260","لغة عربية","تعجيزي","صياغة","السؤال يكشف جواب ADM2236 (العروض) في الفئة نفسها","كم بحراً وضعه الخليل بن أحمد في علم العروض؟","خمسة عشر بحراً","كم بحراً وضعه الخليل بن أحمد لأوزان الشعر العربيّ؟","","",""
"ADM2252","لغة عربية","صعب","صياغة","الجواب في السؤال («طويلٌ» ← البحر الطويل)","ما اسم البحر الذي مفتاحه «طويلٌ له دون البحور فضائل»؟","البحر الطويل","ما البحر الشعريّ الذي تفعيلاته «فعولن مفاعيلن فعولن مفاعيلن»؟","","",""
"ADM3628","لغة عربية","صعب","صياغة","الجواب مشتقّ من السؤال («وضدّه» ← الأضداد)","ما اسم الكلمة التي تحمل المعنى وضدّه، مثل «الجَوْن» للأبيض والأسود؟","الأضداد","ما اسم الظاهرة التي تحمل فيها الكلمة معنيين متعاكسين، مثل «الجَوْن» للأبيض والأسود؟","","",""
"ADM2248","لغة عربية","صعب","صياغة","جوابان: مصدر «قاتل» مقاتلة وقِتال","ما المصدر من الفعل «قاتَل»؟","مقاتلة","","مقاتلة (قِتال)","",""
"ADM2213","لغة عربية","سهل","مستوى","«الحُوار» لا يعرفه أكثر البالغين؛ أعلى من سهل","ما اسم صغير الناقة؟","الحُوار","","","متوسط",""
"ADM2267","لغة عربية","متوسط","مستوى","سهل مدرسيّ لا متوسط (يعوّض خليّة سهل بعد الحجب)","ما اسم الحروف التي تنصب الاسم وترفع الخبر؟","إنّ وأخواتها","","","سهل",""
"ADM2268","لغة عربية","متوسط","مستوى","سهل مدرسيّ لا متوسط (يعوّض خليّة سهل بعد الحجب)","ما اسم الأفعال التي ترفع الاسم وتنصب الخبر؟","كان وأخواتها","","","سهل",""
"ADM3603","لغة عربية","متوسط","مستوى","سهل مدرسيّ لا متوسط (يعوّض خليّة سهل بعد الحجب)","ما اسم بيت الدجاج؟","القنّ","","","سهل",""
"ADM5041","لغة عربية","متوسط","مستوى","سهل مدرسيّ لا متوسط (يعوّض خليّة سهل بعد الحجب)","ماذا تُسمّى حمرة الأفق بعد غروب الشمس؟","الشفق","","","سهل",""
"ADM3605","لغة عربية","متوسط","مستوى","سهل مدرسيّ لا متوسط (يعوّض خليّة سهل بعد الحجب)","ما جمع كلمة «رغيف»؟","أرغفة","","","سهل",""
"ADM2269","لغة عربية","تعجيزي","مستوى","«الغمد» معروف لأكثر المتعلّمين؛ ليس تعجيزياً","ما معنى كلمة «الغِمْد»؟","غلاف السيف","","","متوسط",""
"ADM2277","لغة عربية","تعجيزي","مستوى","«نقيق الضفادع» تعبير شائع؛ ليس تعجيزياً","ما اسم صوت الضفدع؟","النقيق","","","متوسط",""
"ADM3652","لغة عربية","تعجيزي","مستوى","«لا النافية للجنس» درس مدرسيّ؛ ليس تعجيزياً","ما اسم «لا» في «لا إله إلا الله»؟","لا النافية للجنس","","","صعب",""
"ADM3655","لغة عربية","تعجيزي","مستوى","التشبيه البليغ درس مدرسيّ؛ ليس تعجيزياً","ما اسم التشبيه الذي حُذفت منه الأداة ووجه الشبه، مثل «العلمُ نورٌ»؟","التشبيه البليغ","","","صعب",""
"ADM4969","لغة عربية","تعجيزي","مستوى","«الغسق» معروف من القرآن؛ صعب لا تعجيزي","ما معنى كلمة «الغَسَق»؟","ظلمة أوّل الليل","","","صعب",""
"ADM2246","لغة عربية","صعب","مستوى","علامة رفع جمع المذكّر السالم درس مدرسيّ عامّ","ما علامة رفع جمع المذكّر السالم؟","الواو","","","متوسط",""
"ADM2247","لغة عربية","صعب","مستوى","تاء الفاعل درس مدرسيّ عامّ","ما اسم الضمير المتّصل في قولنا «كتبتُ»؟","تاء الفاعل","","","متوسط",""
"","لغة عربية","سهل","بديل","بديل لحجوبات لغة عربية/سهل (الخليّة عند 30)","","","ما اسم صوت الأسد؟","الزئير","",""
"","لغة عربية","سهل","بديل","بديل لحجوبات لغة عربية/سهل","","","ما ضدّ كلمة «الجَوْر»؟","العدل","",""
"","لغة عربية","سهل","بديل","بديل لحجوبات لغة عربية/سهل","","","ما معنى كلمة «الوغى»؟","الحرب","",""
"ADM2259","لغة عربية","صعب","عائلة","«بالواو» نفس جواب ADM2246 وقاعدة قريبة؛ عائلة مشتركة (علامات الرفع الفرعيّة)","بماذا تُرفع الأسماء الخمسة؟","بالواو","","","",""
"ADM2253","لغة عربية","صعب","عائلة","الجواب «الأسد» كـADM7494 ونفس القالب (مرادف الأسد)؛ عائلة مشتركة","ما معنى كلمة «الهِزَبْر»؟","الأسد","","","",""
"ADM4958","لغة عربية","تعجيزي","عائلة","قالب «ما اسم صغير…» بلا عائلة؛ ضمّه لعائلة «صغار الحيوان» (ADM3640/3641)","ما اسم صغير الثعلب؟","الهِجرس","","","",""
"ADM4982","لغة عربية","تعجيزي","عائلة","قالب «ما اسم صغير…» بلا عائلة؛ ضمّه لعائلة «صغار الحيوان» (ADM3640/3641)","ما اسم صغير الخنزير؟","الخِنّوص","","","",""
"ADM5015","لغة عربية","تعجيزي","عائلة","قالب «ما اسم صغير…» بلا عائلة؛ ضمّه لعائلة «صغار الحيوان» (ADM3640/3641)","ما اسم صغير القرد؟","القِشّة","","","",""
"ADM5017","لغة عربية","تعجيزي","عائلة","قالب «ما اسم صغير…» بلا عائلة؛ ضمّه لعائلة «صغار الحيوان» (ADM3640/3641)","ما اسم صغير النعامة؟","الرَّأل","","","",""
"ADM4983","لغة عربية","صعب","عائلة","قالب «ما كنية … عند العرب» مكرّر؛ اقترح عائلة «كنى الحيوان»","ما كنية الثعلب عند العرب؟","أبو الحصين","","","",""
"ADM4984","لغة عربية","صعب","عائلة","قالب «ما كنية … عند العرب» مكرّر؛ اقترح عائلة «كنى الحيوان»","ما كنية الأسد عند العرب؟","أبو الحارث","","","",""
"ADM4985","لغة عربية","تعجيزي","عائلة","قالب «ما كنية … عند العرب» مكرّر؛ اقترح عائلة «كنى الحيوان»","ما كنية الذئب عند العرب؟","أبو جعدة","","","",""
"ADM4986","لغة عربية","تعجيزي","عائلة","قالب «ما كنية … عند العرب» مكرّر؛ اقترح عائلة «كنى الحيوان»","ما كنية الضبّ عند العرب؟","أبو الحِسل","","","",""
"ADM5016","لغة عربية","تعجيزي","عائلة","قالب «ما كنية … عند العرب» مكرّر؛ اقترح عائلة «كنى الحيوان»","أيّ طائر كنّاه العرب بـ«أبي الحسن» لجماله؟","الطاووس","","","",""
"ADM4971","لغة عربية","سهل","عائلة","قالب «ماذا يُسمّى الطعام الذي يُصنع…» مكرّر؛ اقترح عائلة «أسماء الطعام»","ماذا يُسمّى طعام العرس؟","الوليمة","","","",""
"ADM4972","لغة عربية","متوسط","عائلة","قالب «ماذا يُسمّى الطعام الذي يُصنع…» مكرّر؛ اقترح عائلة «أسماء الطعام»","ماذا يُسمّى الطعام الذي يُصنع لدعوة الناس؟","المأدبة","","","",""
"ADM4973","لغة عربية","صعب","عائلة","قالب «ماذا يُسمّى الطعام الذي يُصنع…» مكرّر؛ اقترح عائلة «أسماء الطعام»","ماذا يُسمّى طعام الضيف عند العرب؟","القِرى","","","",""
"ADM4974","لغة عربية","تعجيزي","عائلة","قالب «ماذا يُسمّى الطعام الذي يُصنع…» مكرّر؛ اقترح عائلة «أسماء الطعام»","الطعام الذي يُصنع للقادم من السفر — ماذا يُسمّى؟","النقيعة","","","",""
"ADM4975","لغة عربية","تعجيزي","عائلة","قالب «ماذا يُسمّى الطعام الذي يُصنع…» مكرّر؛ اقترح عائلة «أسماء الطعام»","الطعام الذي يُصنع عند الفراغ من بناء البيت — ماذا يُسمّى؟","الوكيرة","","","",""
"ADM4976","لغة عربية","تعجيزي","عائلة","قالب «ماذا يُسمّى الطعام الذي يُصنع…» مكرّر؛ اقترح عائلة «أسماء الطعام»","ماذا يُسمّى الطعام الذي يُصنع عند الولادة؟","الخُرس","","","",""
"ADM8455","لوكيشن","سهل","حجب","مكرّر مع ADM6160 (التعرّف على الجزيرة الخضراء)؛ خليّة الزمن الجميل/سهل عند 30","ما هذا المكان؟","الجزيرة الخضراء","","","",""
"ADM8531","لوكيشن","تعجيزي","عائلة","الإجابة نفسها في H288 (واقعة أخرى) بلا عائلة مشتركة — اقترح عائلة «بيت السدو» للاثنين ‖ عائلة جديدة «بيت السدو» مع H288","ما هذا المكان؟","بيت السدو","","","",""
"ADM8713","لوكيشن","تعجيزي","عائلة","الإجابة نفسها في H279 (واقعة أخرى) بلا عائلة مشتركة — اقترح عائلة «المدرسة المباركية» للاثنين ‖ عائلة جديدة «المباركية» مع H279","ما هذا المكان؟","المدرسة المباركية","","","",""
"ADM8442","لوكيشن","سهل","عائلة","الإجابة نفسها في M507 (واقعة أخرى) بلا عائلة مشتركة — اقترح عائلة «برج التحرير» للاثنين ‖ عائلة جديدة «برج التحرير» مع M507","ما هذا المكان؟","برج التحرير","","","",""
"ADM8443","لوكيشن","سهل","عائلة","الإجابة نفسها في E292 (واقعة أخرى) بلا عائلة مشتركة — اقترح عائلة «برج الحمراء» للاثنين ‖ عائلة جديدة «برج الحمراء» مع E292","ما هذا المكان؟","برج الحمراء","","","",""
"ADM8449","لوكيشن","سهل","عائلة","الإجابة نفسها في E468 (واقعة أخرى) بلا عائلة مشتركة — اقترح عائلة «سوق شرق» للاثنين ‖ عائلة جديدة «سوق شرق» مع E468","ما هذا المكان؟","سوق شرق","","","",""
"ADM8451","لوكيشن","سهل","عائلة","الإجابة نفسها في H286 (واقعة أخرى) بلا عائلة مشتركة — اقترح عائلة «مركز الشيخ جابر الأحمد الثقافي» للاثنين ‖ عائلة جديدة «مركز جابر الثقافي» مع H286","ما هذا المكان؟","مركز الشيخ جابر الأحمد الثقافي","","","",""
"ADM8452","لوكيشن","سهل","عائلة","الإجابة نفسها في ADM1395 (واقعة أخرى) بلا عائلة مشتركة — اقترح عائلة «مجلس الأمة» للاثنين ‖ عائلة جديدة «مجلس الأمة» مع ADM1395","ما هذا المكان؟","مجلس الأمة","","","",""
"ADM8454","لوكيشن","سهل","عائلة","الإجابة نفسها في E376 (واقعة أخرى) بلا عائلة مشتركة — اقترح عائلة «استاد جابر الأحمد الدولي» للاثنين ‖ عائلة جديدة «استاد جابر» مع E376","ما هذا المكان؟","استاد جابر الأحمد الدولي","","","",""
"ADM8456","لوكيشن","سهل","عائلة","الإجابة نفسها في ADM7373 (واقعة أخرى) بلا عائلة مشتركة — اقترح عائلة «حديقة الشهيد» للاثنين ‖ عائلة جديدة «حديقة الشهيد» مع ADM7373","ما هذا المكان؟","حديقة الشهيد","","","",""
"ADM8465","لوكيشن","سهل","عائلة","الإجابة نفسها في M629 (واقعة أخرى) بلا عائلة مشتركة — اقترح عائلة «المستشفى الأميري» للاثنين ‖ عائلة جديدة «المستشفى الأميري» مع M629","ما هذا المكان؟","المستشفى الأميري","","","",""
"ADM8471","لوكيشن","متوسط","عائلة","الإجابة نفسها في ADM1393 (واقعة أخرى) بلا عائلة مشتركة — اقترح عائلة «بنك الكويت المركزي» للاثنين ‖ عائلة جديدة «بنك الكويت المركزي» مع ADM1393","ما هذا المكان؟","بنك الكويت المركزي","","","",""
"ADM8489","لوكيشن","متوسط","عائلة","الإجابة نفسها في M508 (واقعة أخرى) بلا عائلة مشتركة — اقترح عائلة «جسر الشيخ جابر الأحمد» للاثنين ‖ عائلة جديدة «جسر جابر» مع M508","ما هذا المكان؟","جسر الشيخ جابر الأحمد","","","",""
"ADM8462","لوكيشن","سهل","عائلة","عائلة جديدة «جامعة الكويت» مع ADM8496 — حرمان مختلفان","ما هذا المكان؟","جامعة الكويت (الشدادية)","","","",""
"ADM8496","لوكيشن","متوسط","عائلة","عائلة جديدة «جامعة الكويت» مع ADM8462","ما هذا المكان؟","جامعة الكويت (الخالدية)","","","",""
"ADM1711","مشاهير","تعجيزي","صياغة","«أثرى رجال مصر» يتقادم","من رئيس «أوراسكوم» للإنشاء وأثرى رجالِ مصر؟","ناصف ساويرس","من رئيس «أوراسكوم للإنشاء» وأخو نجيب ساويرس؟","","",""
"ADM0719","مشاهير","متوسط","صياغة","مسافة قبل علامة الاستفهام","من صاحب الصورة ؟","يورغن كلوب","من صاحب الصورة؟","","",""
"X085","مشاهير","متوسط","مستوى","وجه وليد آل إبراهيم لا يعرفه متعلّم عادي — صعب","من صاحب الصورة؟","وليد آل إبراهيم","","","صعب",""
"X076","مشاهير","متوسط","مستوى","وجه خلدون المبارك لا يعرفه متعلّم عادي — صعب","من صاحب الصورة؟","خلدون المبارك","","","صعب",""
"X152","مشاهير","سهل","عائلة","مكرّر الشخص مع E495 (عائلة «عبدالحليم حافظ») — أضف العائلة نفسها","من صاحب الصورة؟","عبد الحليم حافظ","","","",""
"X174","مشاهير","سهل","عائلة","مكرّر الشخص مع E311 (عائلة «عبدالحسين عبدالرضا») — أضف العائلة نفسها","من صاحب الصورة؟","عبد الحسين عبد الرضا","","","",""
"X189","مشاهير","متوسط","عائلة","مكرّر الشخص مع E325 وكلاهما بلا عائلة — أضف «محمود عبد العزيز» للاثنين","من صاحب الصورة؟","محمود عبد العزيز","","","",""
"ADM1102","معالم","صعب","خطأ واقعة","ارتفاعه الحاليّ نحو 138 م؛ 146 م هو الأصليّ","كم يبلغ ارتفاع أعلى نقطة في هرم خوفو تقريباً؟","146 متراً","كم كان الارتفاع الأصليّ لهرم خوفو تقريباً؟","","",""
"ADM1126","معالم","صعب","خطأ واقعة","لا قبّة لنوتردام؛ الحريق أسقط السهم (البرج المستدقّ) والسقف","ماذا حدث لقبّة كاتدرائية نوتردام باريس سنة 2019؟","حريق","ماذا أصاب كاتدرائية نوتردام في باريس سنة 2019؟","","",""
"ADM7508","معالم","تعجيزي","حجب","مكرّر مع ADM1060 (صورة جيش الطين)، واسمه مذكور في نصّ ADM1085","ما اسم آلاف التماثيل الطينيّة للجنود المدفونة مع أوّل أباطرة الصين؟","جيش التيراكوتا","","","",""
"ADM1024","معالم","سهل","حجب","تافه: صورة الكعبة يعرفها كلّ حاضر بلا تفكير","ما هذا المعلم؟","الكعبة، السعودية","","","",""
"ADM1030","معالم","سهل","حجب","تافه: صورة المسجد النبويّ يعرفها كلّ حاضر بلا تفكير","ما هذا المعلم؟","المسجد النبوي، السعودية","","","",""
"ADM1162","معالم","سهل","حجب","الجواب في السؤال (برج + زاوية = البرج الركنيّ)، ومصطلح لا يُعرف","ماذا يُسمّى البرج الصغير في زاوية سور المدينة؟","البرج الركنيّ","","","",""
"ADM1106","معالم","صعب","حجب","مكرّر مع ADM7505 (ما الذي يُسمّى بيغ بن حقيقةً)","ما الذي يحمل اسم «بيغ بن» حقيقةً في لندن؟","الجرس","","","",""
"ADM1107","معالم","صعب","حجب","الجواب «برج إليزابيث» مذكور نصّاً في ADM7505","ما الاسم الرسميّ لبرج الساعة الذي يُدعى بيغ بن؟","برج إليزابيث","","","",""
"ADM1112","معالم","صعب","حجب","مكرّر مع ADM1065 (صورة معبد باخوس في بعلبك)","ما اسم المعبد الأشهر في مدينة بعلبك؟","معبد باخوس","","","",""
"ADM1150","معالم","صعب","حجب","مكرّر مع ADM1054 (صورة برج طوكيو)، ومكشوف في نصّ ADM6519","في أيّ عاصمة آسيوية يقوم برجٌ أحمر وأبيض صُمّم على غرار برج إيفل؟","طوكيو","","","",""
"ADM1103","معالم","صعب","حجب","مكرّر مع ADM3215 (الصحابة: جامع عقبة في تونس/القيروان) ومع ADM1064 وADM1129","في أيّ مدينة تونسية يقع أقدم جامع في المغرب العربي؟","القيروان","","","",""
"ADM1071","معالم","متوسط","حجب","مكرّر مع ADM1655 (برج إيفل بُني للمعرض العالميّ)","لماذا بُني برج إيفل أصلاً سنة 1889؟","مدخلاً لمعرض باريس","","","",""
"ADM1090","معالم","متوسط","حجب","مكشوف في نصّ ADM1655 («كان مقرّراً تفكيكه»)","ما الذي كان سيحدث لبرج إيفل بعد عشرين سنة من بنائه؟","هدمه","","","",""
"ADM1101","معالم","متوسط","حجب","مكشوف في نصّ ADM1673 («أربعة رؤساء») وتافه","كم وجهاً لرؤساء منحوتٌ في جبل راشمور؟","أربعة وجوه","","","",""
"ADM1117","معالم","متوسط","حجب","تافه: القبّة الخضراء يعرفها كلّ حاضر","ما لون قبّة المسجد النبويّ التي تعلو الروضة الشريفة؟","أخضر","","","",""
"ADM1120","معالم","متوسط","حجب","الجواب في السؤال (أشرعة/أشرعة السفن) ومكشوف في ADM1086","ما الشكل الذي تحاكيه أشرعة دار أوبرا سيدني؟","أشرعة السفن","","","",""
"ADM1137","معالم","متوسط","حجب","تافه، ومكشوف في ADM1659 («في أثينا»)، ومتداخل مع ADM1050","إلى أيّ حضارة يعود معبد البارثينون؟","اليونانية","","","",""
"ADM1079","معالم","متوسط","حجب","هراء: كرات شكلها كرويّ","ما الشكل الذي تتّخذه كرات أبراج الكويت؟","كروي","","","",""
"ADM6519","معالم","تعجيزي","صياغة","ذكر «برج طوكيو» يكشف جواب ADM1054 وADM1150","ما اسم البرج الذي صار أطول برجٍ في اليابان متجاوزاً برج طوكيو؟","طوكيو سكاي تري","ما اسم أطول برجٍ في اليابان، وهو برج بثٍّ افتُتح سنة 2012؟","","",""
"ADM7512","معالم","تعجيزي","صياغة","رسم الاسم التركيّ: Kapalıçarşı","ما اسم السوق المسقوف الأكبر والأقدم في إسطنبول؟","البازار الكبير (القبالي تشارشي)","","البازار الكبير (كابالي تشارشي)","",""
"ADM1077","معالم","صعب","صياغة","ذكر «الأنباط» يكشف جواب ADM1665","ما الغرض الذي بُنيت له مدينة البتراء عند الأنباط؟","عاصمة تجارية","ما الغرض الذي بُنيت له مدينة البتراء قديماً؟","","",""
"ADM1080","معالم","صعب","صياغة","الجواب ناقص: اسم المعماريّ","من المهندس الذي صمّم هرم اللوفر الزجاجي؟","بيي","","آي. إم. بيي","",""
"ADM1084","معالم","صعب","صياغة","لغة: «مضلعاً» خطأ","كم مضلعاً في الشكل الخارجيّ لقبّة الصخرة؟","ثمانية","كم ضلعاً للشكل الخارجيّ لقبّة الصخرة؟","","",""
"ADM1124","معالم","صعب","صياغة","جواب مبهم و«العقد الماضي» يتقادم","ما الذي أصاب معالم مدينة تدمر في العقد الماضي؟","تدمير جزئيّ","ماذا أصاب معبد بل في تدمر سنة 2015؟","التدمير (فجّره داعش)","",""
"ADM1144","معالم","صعب","صياغة","الدوحة مدينة لا إمارة","في أيّ إمارة يقع متحف الفنّ الإسلاميّ المطلّ على الكورنيش؟","الدوحة","في أيّ مدينة خليجية يقع متحف الفنّ الإسلاميّ المطلّ على الكورنيش؟","","",""
"ADM1127","معالم","متوسط","صياغة","سؤال مركّب مضطرب","ما الذي بُني في موقع المدينة المحرّمة ولمن كان مخصّصاً؟","أباطرة الصين","لمن كانت المدينة المحرّمة في بكّين قصراً ومقرّاً؟","","",""
"ADM1115","معالم","صعب","مستوى","سهل: تعريف يعرفه كلّ متعلّم","ماذا يُسمّى الموقع الذي تسجّله اليونسكو لقيمته الاستثنائية؟","موقع تراث عالميّ","","","سهل",""
"ADM1168","معالم","متوسط","مستوى","يكاد يُستنتج من السؤال؛ لا يبلغ متوسطاً","ماذا يُسمّى الطراز المعماريّ الإسلاميّ الذي ساد في إسبانيا في عصر الحكم الإسلاميّ؟","الأندلسيّ","","","سهل",""
"","معالم","تعجيزي","بديل","بديل ADM7508","","","ما اسم البلدة الإثيوبيّة الشهيرة بكنائسها المنحوتة في الصخر تحت مستوى الأرض؟","لاليبيلا","",""
"","معالم","سهل","بديل","بديل للمحجوب في الخليّة","","","ما اسم الجدار الذي قسم عاصمة ألمانيا حتى سقوطه سنة 1989؟","جدار برلين","",""
"ADM1656","معالم","تعجيزي","عائلة","الواقعة نفسها مع ADM1032 (صورة جسر البرج)؛ عائلة «جسر البرج» أو يُحجب أحدهما","ما اسم الجسر اللندنيّ ذي البرجين الذي يُظنّ خطأً أنّه «جسر لندن»؟","تاور بريدج","","","",""
"ADM1669","معالم","تعجيزي","عائلة","الإرميتاج هو قصر الشتاء نفسه — متداخل مع ADM4000؛ عائلة «سانت بطرسبرغ»","في أيّ مدينةٍ يقع متحف الإرميتاج؟","سان بطرسبرغ","","","",""
"ADM1029","معالم","سهل","عائلة","الصورة نفسها مع ADM8442 (لوكيشن) وM507 (الكويت) — مكرّر عبر الفئات؛ عائلة «برج التحرير» أو يُحجب أحدها","ما هذا المعلم الكويتي؟","برج التحرير، الكويت","","","",""
"ADM1031","معالم","سهل","عائلة","متداخل مع M378 (أدب وفنون: أشهر دار أوبرا في أستراليا)","ما هذا المعلم؟","دار أوبرا سيدني، أستراليا","","","",""
"ADM1129","معالم","صعب","عائلة","منارة جامع القيروان — عائلة مع ADM1064 (صورة الجامع)","ما أقدم منارة قائمة في العالم الإسلاميّ؟","منارة القيروان","","","",""
"ADM1104","معالم","صعب","عائلة","الواقعة نفسها في ADM1033 (صورة تماثيل جزيرة الفصح)","في أيّ جزيرة تقع تماثيل المواي الحجرية؟","جزيرة الفصح","","","",""
"ADM1105","معالم","صعب","عائلة","جواب ADM1057 (صورة الشلّالات) يذكر «زامبيا وزيمبابوي» نصّاً","بين أيّ دولتين تقع شلالات فيكتوريا؟","زامبيا وزيمبابوي","","","",""
"ADM1046","معالم","متوسط","عائلة","متداخل مع ADM2148 (حضارات قديمة: معبد الكرنك)","ما هذا المعبد؟","معبد الكرنك، مصر","","","",""
"ADM1050","معالم","متوسط","عائلة","متداخل مع ADM2150 (حضارات قديمة: البارثينون)","ما هذا المعبد؟","البارثينون، اليونان","","","",""
"ADM1041","معالم","متوسط","عائلة","متداخل مع M531 (الكويت: قصر السيف)","ما هذا المعلم الكويتي؟","قصر السيف، الكويت","","","",""
"ADM8621","معلومات عامة","سهل","حجب","تافه: أوباما يعرفه كلّ حاضر","من أوّل رئيسٍ أمريكيّ من أصلٍ أفريقيّ؟","باراك أوباما","","","",""
"ADM8627","معلومات عامة","سهل","حجب","تافه لجمهور خليجيّ: الشيخ زايد","من أوّل رئيسٍ لدولة الإمارات العربيّة المتحدة؟","الشيخ زايد بن سلطان","","","",""
"ADM8623","معلومات عامة","سهل","حجب","تافه لجمهور خليجيّ: آل خليفة","ما الأسرة الحاكمة في البحرين؟","آل خليفة","","","",""
"ADM8624","معلومات عامة","سهل","حجب","تافه لجمهور خليجيّ: آل ثاني","ما الأسرة الحاكمة في قطر؟","آل ثاني","","","",""
"ADM8625","معلومات عامة","سهل","حجب","تافه: «انتفاضة الحجارة» اسمها المتداول","بأيّ سلاحٍ اشتهرت الانتفاضة الفلسطينيّة الأولى حتى سُمّيت به؟","الحجارة","","","",""
"ADM8589","معلومات عامة","متوسط","صياغة","جزء الجواب «المستشار» في السؤال","ما لقب المستشار الألمانيّ بسمارك؟","المستشار الحديدي","بأيّ لقبٍ عُرف بسمارك موحّد ألمانيا؟","","",""
"ADM8595","معلومات عامة","صعب","صياغة","«تيمور» جزء من الجواب في السؤال","ما لقب تيمور القائد المغوليّ الذي اشتهر به في العربية؟","تيمورلنك (الأعرج)","ما معنى «لنك» في اسم القائد المغوليّ تيمورلنك؟","الأعرج","",""
"ADM8670","معلومات عامة","تعجيزي","مستوى","ممنوع في التعجيزي: أصل الكلمة/معنى الاسم؛ مقبول في صعب","من أيّ مدينةٍ عراقيّة أخذ قماش «الموسلين» اسمه؟","الموصل","","","صعب",""
"ADM8671","معلومات عامة","تعجيزي","مستوى","ممنوع في التعجيزي: أصل الكلمة/معنى الاسم؛ مقبول في صعب","من أيّ لغةٍ جاءت كلمة «روبوت»؟","التشيكية","","","صعب",""
"ADM8674","معلومات عامة","تعجيزي","مستوى","ممنوع في التعجيزي: أصل الكلمة/معنى الاسم؛ مقبول في صعب","ما معنى اسم «بوينس آيرس» بالإسبانيّة؟","الهواء الطيّب","","","صعب",""
"ADM8679","معلومات عامة","تعجيزي","مستوى","ممنوع في التعجيزي: أصل الكلمة/معنى الاسم؛ مقبول في صعب","ما معنى اسم العاصمة «طوكيو»؟","العاصمة الشرقيّة","","","صعب",""
"ADM8680","معلومات عامة","تعجيزي","مستوى","أصل الكلمة (ممنوع في التعجيزي)، وكون «تسونامي» يابانيّة شبه معروف","من أيّ لغةٍ جاءت كلمة «تسونامي»؟","اليابانية","","","متوسط",""
"ADM8659","معلومات عامة","تعجيزي","مستوى","منفى نابليون في إلبا معروف لمحبّ التاريخ؛ ليس تعجيزياً","ما الجزيرة التي نُفي إليها نابليون أوّل مرّة قبل عودته؟","إلبا","","","صعب",""
"ADM8603","معلومات عامة","متوسط","مستوى","«المدينة الخالدة» روما يعرفه أكثر الناس","ما المدينة الإيطاليّة الملقّبة بـ«المدينة الخالدة»؟","روما","","","سهل",""
"","معلومات عامة","تعجيزي","بديل","بديل لخليّة معلومات عامة/تعجيزي (عند 30 قبل الحجب والنقل)","","","ما العاصمة الأوروبيّة الوحيدة التي تحدّ دولتين أخريين (النمسا والمجر)؟","براتيسلافا","",""
"","معلومات عامة","تعجيزي","بديل","بديل لخليّة معلومات عامة/تعجيزي (عند 30 قبل الحجب والنقل)","","","بأيّ لقبٍ عُرف الخليفة العباسيّ المعتصم لارتباط الرقم ثمانية بحياته؟","المثمَّن","",""
"","معلومات عامة","تعجيزي","بديل","بديل لخليّة معلومات عامة/تعجيزي (عند 30 قبل الحجب والنقل)","","","بأيّ اسمٍ عُرفت الحرب القصيرة بين السلفادور وهندوراس عام 1969 التي اشتعلت بعد مباريات تصفيات المونديال؟","حرب كرة القدم (حرب المئة ساعة)","",""
"","معلومات عامة","تعجيزي","بديل","بديل لخليّة معلومات عامة/تعجيزي (عند 30 قبل الحجب والنقل)","","","ما الاسم السابق لمملكة إسواتيني في جنوب أفريقيا؟","سوازيلاند","",""
"","معلومات عامة","تعجيزي","بديل","بديل لخليّة معلومات عامة/تعجيزي (عند 30 قبل الحجب والنقل)","","","أيّ لقبٍ حمله حكّام مصر من أسرة محمد علي بين لقبي «الخديوي» و«الملك»؟","السلطان","",""
"","معلومات عامة","تعجيزي","بديل","بديل لخليّة معلومات عامة/تعجيزي (عند 30 قبل الحجب والنقل) ⚠ الجواب قائم في ADM7203،E008،ADM4259 — عائلة أو استبدال","","","أيّ دولةٍ تضمّ أكبر عددٍ من البحيرات في العالم؟","كندا","",""
"","معلومات عامة","تعجيزي","بديل","بديل لخليّة معلومات عامة/تعجيزي (عند 30 قبل الحجب والنقل)","","","ما الدولة الأمريكيّة الجنوبيّة الوحيدة التي يختلف وجها علمها؟","باراغواي","",""
"","معلومات عامة","تعجيزي","بديل","بديل لخليّة معلومات عامة/تعجيزي (عند 30 قبل الحجب والنقل) ⚠ الجواب قائم في ADM5619،ADM3857 — عائلة أو استبدال","","","ما الدولة الآسيويّة التي نقلت عاصمتها من رانغون إلى نايبيداو؟","ميانمار","",""
"","معلومات عامة","سهل","بديل","بديل لخليّة معلومات عامة/سهل ⚠ الجواب قائم في ADM0807،ADM5183،ADM3998 — عائلة أو استبدال","","","ما المدينة الملقّبة بـ«مدينة الضباب»؟","لندن","",""
"","معلومات عامة","سهل","بديل","بديل لخليّة معلومات عامة/سهل ⚠ الجواب قائم في ADM5267،S005،ADM3673 — عائلة أو استبدال","","","ما البلد الملقّب بـ«بلاد الشمس المشرقة»؟","اليابان","",""
"","معلومات عامة","سهل","بديل","بديل لخليّة معلومات عامة/سهل ⚠ الجواب قائم في ADM4261،H433،ADM1950 — عائلة أو استبدال","","","ما البلد العربيّ الملقّب بـ«أرض الكنانة»؟","مصر","",""
"","معلومات عامة","سهل","بديل","بديل لخليّة معلومات عامة/سهل؛ الجواب كجواب ADM3669 (لقب منتخب الأرجنتين) — عائلة ⚠ الجواب قائم في ADM3669 — عائلة أو استبدال","","","ما الرقصة الأرجنتينيّة الشهيرة التي يؤدّيها اثنان متعانقان؟","التانغو","",""
"ADM8754","معلومات عامة","صعب","عائلة","الجواب نفسه في H325 (تاريخ وحضارات) لواقعة أخرى؛ عائلة «الدولة الفاطمية» ‖ عائلة جديدة «الفاطمية» مع H325","ما اسم الدولة التي حكمت مصر وبنت القاهرة في القرن العاشر الميلادي؟","الدولة الفاطمية","","","",""
"ADM8617","معلومات عامة","تعجيزي","عائلة","الجواب نفسه في ADM1374 (فريدي ميركوري)؛ عائلة «زنجبار»","مع أيّ جزيرةٍ خاضت بريطانيا أقصر حربٍ في التاريخ، دامت أقلّ من ساعة؟","زنجبار","","","",""
"ADM8670","معلومات عامة","تعجيزي","عائلة","الجواب نفسه في ADM3314 (عائلة «مسجد يونس»)؛ عائلة «الموصل»","من أيّ مدينةٍ عراقيّة أخذ قماش «الموسلين» اسمه؟","الموصل","","","",""
"ADM8631","معلومات عامة","سهل","عائلة","الجواب نفسه في ADM2033 (عائلة «رسائل النبي»)؛ ضمّه إليها ‖ عائلة جديدة «كسرى» مع ADM2033","بأيّ لقبٍ سمّى العرب ملوك الفرس؟","كسرى","","","",""
"ADM8756","معلومات عامة","متوسط","عائلة","الجواب نفسه في ADM6628 (ولا كلمة)؛ عائلة «الأطلال»","ما القصيدة التي غنّتها أمّ كلثوم ومطلعها «يا فؤادي لا تسل أين الهوى»؟","الأطلال","","","",""
"ADM8605","معلومات عامة","متوسط","عائلة","الجواب نفسه في E038؛ عائلة «الدولة العثمانية» ‖ عائلة جديدة «العثمانية» مع E038","ما الدولة التي لُقّبت بـ«الرجل المريض» في أواخر أيّامها؟","الدولة العثمانية","","","",""
"ADM8660","معلومات عامة","تعجيزي","عائلة","ADM5147 وADM5604 في عائلة «جورجيا»؛ ضمّه إليها ‖ عائلة «جورجيا»","في أيّ بلدٍ وُلد جوزيف ستالين؟","جورجيا","","","",""
"ADM8582","معلومات عامة","متوسط","عائلة","قالب واحد «اسم محبوبة … التي نُسب إليها»؛ عائلة مشتركة","ما اسم محبوبة جميل بن معمر التي نُسب إليها؟","بثينة","","","",""
"ADM8592","معلومات عامة","صعب","عائلة","قالب واحد «اسم محبوبة … التي نُسب إليها»؛ عائلة مشتركة","ما اسم محبوبة كُثيّر التي نُسب إليها؟","عزّة","","","",""
"ADM8634","معلومات عامة","متوسط","عائلة","قالب «ماذا كانت مهنة الرئيس … قبل السياسة» خمس مرّات؛ عائلة مشتركة","ماذا كانت مهنة الرئيس الأمريكيّ رونالد ريغان قبل السياسة؟","ممثّل سينمائيّ","","","",""
"ADM8639","معلومات عامة","متوسط","عائلة","قالب «ماذا كانت مهنة الرئيس … قبل السياسة» خمس مرّات؛ عائلة مشتركة","ماذا كان عمل فلاديمير بوتين قبل دخوله السياسة؟","ضابط استخبارات","","","",""
"ADM8654","معلومات عامة","تعجيزي","عائلة","قالب «ماذا كانت مهنة الرئيس … قبل السياسة» خمس مرّات؛ عائلة مشتركة","ماذا كان يزرع الرئيس الأمريكيّ جيمي كارتر قبل السياسة؟","الفول السوداني","","","",""
"ADM8655","معلومات عامة","تعجيزي","عائلة","قالب «ماذا كانت مهنة الرئيس … قبل السياسة» خمس مرّات؛ عائلة مشتركة","ماذا كانت مهنة الرئيس البرازيليّ لولا دا سيلفا في شبابه؟","عامل معادن","","","",""
"ADM8667","معلومات عامة","تعجيزي","عائلة","قالب «ماذا كانت مهنة الرئيس … قبل السياسة» خمس مرّات؛ عائلة مشتركة","ماذا كان عمل إيمانويل ماكرون قبل الرئاسة؟","مصرفيّ","","","",""
"ADM8752","معلومات عامة","متوسط","عائلة","قالب «ما الدولة التي كانت تُعرف باسم …»؛ عائلة مشتركة ‖ عائلة «إثيوبيا»","ما الدولة التي كانت تُعرف باسم الحبشة؟","إثيوبيا","","","",""
"ADM8753","معلومات عامة","صعب","عائلة","قالب «ما الدولة التي كانت تُعرف باسم …»؛ عائلة مشتركة ‖ عائلة «سريلانكا»","ما الدولة التي كانت تُعرف باسم سيلان؟","سريلانكا","","","",""
"ADM8600","معلومات عامة","سهل","عائلة","عائلة «نيويورك»","ما المدينة الأمريكية الملقّبة بـ«التفاحة الكبيرة»؟","نيويورك","","","",""
"ADM8603","معلومات عامة","متوسط","عائلة","عائلة «روما»","ما المدينة الإيطاليّة الملقّبة بـ«المدينة الخالدة»؟","روما","","","",""
"ADM8657","معلومات عامة","تعجيزي","عائلة","عائلة «الفيل»","ما الحيوان الذي أهداه هارون الرشيد إلى شارلمان ملك الفرنجة؟","فيل","","","",""
"ADM8615","معلومات عامة","متوسط","عائلة","عائلة «الصين»","ما الدولة التي يعني اسمها بلغتها «المملكة الوسطى»؟","الصين","","","",""
"ADM8587","معلومات عامة","متوسط","عائلة","عائلة «روسيا»","ما الدولة التي باعت ألاسكا للولايات المتحدة؟","روسيا","","","",""
"ADM8635","معلومات عامة","متوسط","عائلة","عائلة جديدة «ماليزيا» مع ADM5567","أيّ بلدٍ حكمه مهاتير محمد ونهض باقتصاده؟","ماليزيا","","","",""
"ADM8606","معلومات عامة","متوسط","عائلة","عائلة «لبنان»","ما البلد العربيّ الذي لُقّب بـ«سويسرا الشرق»؟","لبنان","","","",""
"ADM8658","معلومات عامة","تعجيزي","عائلة","عائلة «إيطاليا»","إلى أيّ بلدٍ نُفي الملك فاروق بعد ثورة 1952؟","إيطاليا","","","",""
"ADM8676","معلومات عامة","تعجيزي","عائلة","عائلة «فرنسا»","أيّ بلدٍ يمتدّ على أكبر عددٍ من المناطق الزمنيّة في العالم؟","فرنسا","","","",""
"ADM8599","معلومات عامة","سهل","عائلة","عائلة «القاهرة»","ما المدينة العربية الملقّبة بـ«مدينة الألف مئذنة»؟","القاهرة","","","",""
"ADM8672","معلومات عامة","تعجيزي","عائلة","عائلة «نينتندو» مع ADM3135 (كيوتو) بعد حجب ADM3855","ما المدينة التي كانت عاصمة اليابان أكثر من ألف سنة قبل طوكيو؟","كيوتو","","","",""
"ADM8638","معلومات عامة","متوسط","عائلة","عائلة «دمشق»","في أيّ مدينةٍ دُفن صلاح الدين الأيوبيّ؟","دمشق","","","",""
"ADM8612","معلومات عامة","سهل","عائلة","عائلة جديدة «جدة» مع ADM4296","ما المدينة الملقّبة بـ«عروس البحر الأحمر»؟","جدّة","","","",""
"ADM6813","مكياج وعطور","سهل","حجب","تافه: علبة فازلين يعرفها كلّ حاضر (كتويتر/كروم)","ما هذا المنتج؟","فازلين","","","",""
"ADM6393","مكياج وعطور","سهل","حجب","تافه: علبة نيفيا الزرقاء يعرفها كلّ حاضر","ما هذا المنتج؟","كريم نيفيا","","","",""
"ADM8064","مكياج وعطور","سهل","حجب","تافه: صابون دوف منتج بيتيّ يعرفه الجميع","ما هذا المنتج؟","صابون دوف","","","",""
"ADM6446","مكياج وعطور","تعجيزي","مستوى","شانس من أشهر عطور شانيل الحاليّة، ليس نادراً يعرفه المهووس (كوكو مادموزيل في متوسط)","ما هذا العطر؟","شانس (شانيل)","","","صعب",""
"ADM6451","مكياج وعطور","تعجيزي","مستوى","ليبر من أكثر العطور مبيعاً اليوم؛ ليس تعجيزيّاً","ما هذا العطر؟","ليبر (إيف سان لوران)","","","صعب",""
"ADM6448","مكياج وعطور","تعجيزي","مستوى","ليدي مليون عطر جماهيريّ شائع؛ ليس تعجيزيّاً","ما هذا العطر؟","ليدي مليون (باكو رابان)","","","صعب",""
"ADM8048","مكياج وعطور","تعجيزي","مستوى","تير دي هيرمس عطر رجاليّ شائع؛ ليس تعجيزيّاً","ما هذا العطر؟","تير دي هيرمس","","","صعب",""
"ADM6830","مكياج وعطور","صعب","مستوى","سي كي ون من أشهر العطور على الإطلاق؛ أسهل من صعب","ما هذا العطر؟","سي كي ون","","","متوسط",""
"ADM8164","مكياج وعطور","متوسط","مستوى","يو من غلوسييه عطر متخصّص قليل الانتشار في الخليج؛ أصعب من متوسط","ما هذا العطر؟","يو (غلوسييه)","","","صعب",""
"ADM6533","من أنا؟","تعجيزي","خطأ واقعة","جسر فاسكو دا غاما لم يعد أطول جسر في أوروبا (جسر القرم 2018 أطول)؛ الصحيح: الأطول في الاتحاد الأوروبي","بحّارٌ برتغاليّ سُمّي باسمي أطول جسرٍ في أوروبا عند لشبونة — من أنا؟","فاسكو دا غاما","بحّارٌ برتغاليّ سُمّي باسمي أطول جسرٍ في الاتحاد الأوروبيّ عند لشبونة — من أنا؟","فاسكو دا غاما","",""
"M645","من أنا؟","متوسط","خطأ واقعة","أبو تمام لم يشتهر بالزهد (ذلك أبو العتاهية)، و«شاعر التجديد» لقب مشكوك","شاعر عباسي ثائر على عمود الشعر، اشتهر بمدح الخلفاء ثم بالزهد، ولُقّب بشاعر التجديد. من هذه الشخصية؟","أبو تمام","شاعر عباسي خرج على عمود الشعر بغريب استعاراته، وجمع ديوان «الحماسة»، ومن أشهر أبياته «السيف أصدق أنباءً من الكتب». من هذه الشخصية؟","أبو تمام","",""
"M748","من أنا؟","متوسط","خطأ واقعة","الأم تيريزا راهبة لا طبيبة","طبيبة ومبشّرة ألبانية عملت بين فقراء الهند ونالت نوبل للسلام. من هذه الشخصية؟","الأم تيريزا","راهبة ومبشّرة ألبانية عملت بين فقراء الهند ونالت نوبل للسلام. من هذه الشخصية؟","الأم تيريزا","",""
"M486","من أنا؟","متوسط","خطأ واقعة","«اعتزلت وهي لا تزال في القمة» غير صحيح: اعتزلت 2022 في الأربعين بعد تراجع وإصابات","لاعبة تنس أمريكية فازت بأكبر عدد من بطولات الغراند سلام في العصر الحديث، واعتزلت اللعبة وهي لا تزال في القمة. من هذه الشخصية؟","سيرينا ويليامز","لاعبة تنس أمريكية فازت بـ23 لقباً في الغراند سلام، أكثر من أيّ لاعبة في العصر المفتوح. من هذه الشخصية؟","سيرينا ويليامز","",""
"ADM6537","من أنا؟","تعجيزي","صياغة","تعجيزي ممنوع فيه أصل الاسم (رائحة التفاح)؛ و«الكتاب» مكرّر مع ADM2250","نحويٌّ فارسيّ الأصل، لقبي بالفارسيّة يعني «رائحة التفّاح» — من أنا؟","سيبويه","نحويٌّ فارسيّ الأصل، غلبني الكسائيّ في «المسألة الزنبوريّة» ببغداد فرحلتُ عنها كمداً — من أنا؟","سيبويه","",""
"ADM6528","من أنا؟","تعجيزي","صياغة","تعجيزي ممنوع فيه ممّ اشتُقّ الاسم (الكنية من الضفيرتين)","شاعرٌ عبّاسيّ نديمُ الخليفة الأمين، وكنيتي من ضفيرتيّ الطويلتين — من أنا؟","أبو نواس","شاعرٌ عبّاسيّ نديمُ الخليفة الأمين، مطلعُ أشهر خمريّاتي «دع عنك لومي فإنّ اللومَ إغراءُ» — من أنا؟","أبو نواس","",""
"ADM1590","من أنا؟","متوسط","صياغة","السؤال يكشف إجابة ADM6533 (فاسكو دا غاما) في الفئة نفسها","ملّاحٌ عربيّ أرشدتُ فاسكو دا غاما إلى الهند — من أنا؟","ابن ماجد","ملّاحٌ عربيّ من جلفار لُقّبتُ «أسد البحار»، ويُنسب إليّ إرشاد البرتغاليّين إلى الهند — من أنا؟","ابن ماجد","",""
"E275","من أنا؟","سهل","صياغة","يكشف إجابتين في الفئة: أفلاطون (H249) والإسكندر المقدوني (E277)؛ وتجنّب «المعلّم الأول» لأنه H057","فيلسوف يوناني كان معلّماً خاصاً للإسكندر المقدوني، وتتلمذ هو نفسه على يد أفلاطون. من هذه الشخصية؟","أرسطو","فيلسوف يوناني تُنسب إليه أسس علم المنطق، وكان معلّماً خاصاً لابن ملك مقدونيا في صباه. من هذه الشخصية؟","أرسطو","",""
"H249","من أنا؟","صعب","صياغة","يكشف إجابة H248 (سقراط) في الفئة نفسها","فيلسوف يوناني تتلمذ على يد سقراط وأسّس الأكاديمية في أثينا، وكتب في محاورته «الجمهورية» عن تصوّره للمدينة الفاضلة. من هذه الشخصية؟","أفلاطون","فيلسوف يوناني أسّس «الأكاديمية» في أثينا، وكتب في محاورته «الجمهورية» عن تصوّره للمدينة الفاضلة. من هذه الشخصية؟","أفلاطون","",""
"H244","من أنا؟","صعب","صياغة","يكشف إجابة E275 (أرسطو) في الفئة نفسها","فيلسوف وطبيب مسلم من الأندلس شرح فلسفة أرسطو شرحاً موسّعاً، وامتدّ تأثير كتاباته إلى أوروبا في عصر النهضة. من هذه الشخصية؟","ابن رشد","فيلسوف وطبيب وقاضٍ أندلسيّ من قرطبة، لقّبه الأوروبيون «الشارح» لشروحه على فلسفة اليونان. من هذه الشخصية؟","ابن رشد","",""
"H262","من أنا؟","صعب","صياغة","«الحاوي» مكرّر مع H048 (من مؤلف كتاب الحاوي؟ الرازي)","طبيب مسلم أول من فرّق بين مرضي الجدري والحصبة وصفاً دقيقاً، وألّف موسوعة طبية ضخمة سمّاها «الحاوي». من هذه الشخصية؟","أبو بكر الرازي","طبيب مسلم أول من فرّق بين الجدري والحصبة وصفاً دقيقاً، ويُروى أنه اختار موضع مستشفى بغداد بتعليق قطع لحم في أرجائها. من هذه الشخصية؟","أبو بكر الرازي","",""
"H254","من أنا؟","صعب","صياغة","«منحه هذا اللقب» يعود لفظاً على «قيصر» لا «الرهيب» — خطأ صياغة","أول حاكم يُتوَّج رسمياً بلقب «قيصر» على روسيا، واشتهر بحكمه القاسي الذي منحه هذا اللقب. من هذه الشخصية؟","إيفان الرهيب","أول حاكم يُتوَّج رسمياً بلقب «قيصر» على روسيا، واشتهر بقسوته التي أكسبته لقبه الشهير. من هذه الشخصية؟","إيفان الرهيب","",""
"M467","من أنا؟","متوسط","صياغة","أُعدم وهو في الثالثة والسبعين تقريباً؛ «في السبعين» غير دقيق","قائد ليبي قاوم الاحتلال الإيطالي قرابة عشرين عاماً، قبل أن يُعدم شنقاً وهو في السبعين من عمره. من هذه الشخصية؟","عمر المختار","قائد ليبي قاوم الاحتلال الإيطالي قرابة عشرين عاماً، قبل أن يُعدم شنقاً وهو شيخ تجاوز السبعين. من هذه الشخصية؟","عمر المختار","",""
"ADM6520","من أنا؟","تعجيزي","مستوى","ليس تعجيزيّاً: أتاتورك وإلغاء الخلافة ثقافة عامة","ضابطٌ تركيّ ألغيتُ الخلافة واستبدلتُ بالحروف العربيّة اللاتينيّة — من أنا؟","مصطفى كمال أتاتورك","","","متوسط",""
"ADM6521","من أنا؟","تعجيزي","مستوى","ليس تعجيزيّاً: عبدالناصر وتأميم القناة يعرفه الجميع","ضابطٌ مصريّ قدتُ الضبّاط الأحرار وأمّمتُ قناة السويس — من أنا؟","جمال عبدالناصر","","","متوسط",""
"ADM6524","من أنا؟","تعجيزي","مستوى","ليس تعجيزيّاً: بوب مارلي والريغي معروف","مغنٍّ جامايكيّ نشرتُ موسيقى الريغي في العالم بضفائري الطويلة — من أنا؟","بوب مارلي","","","متوسط",""
"ADM6536","من أنا؟","تعجيزي","مستوى","ليس تعجيزيّاً: فيلبس وثماني ذهبيات معروف لمحبّ الرياضة وأقلّ","سبّاحٌ أمريكيّ نلتُ ثماني ذهبيّاتٍ في أولمبيادٍ واحد — من أنا؟","مايكل فيلبس","","","متوسط",""
"ADM7521","من أنا؟","تعجيزي","مستوى","ليس تعجيزيّاً: فيدرر وويمبلدون معروف","سويسريٌّ فزتُ ببطولة ويمبلدون ثماني مرّات، واعتزلتُ باكياً إلى جانب نادال — من أنا؟","روجر فيدرر","","","متوسط",""
"ADM7522","من أنا؟","تعجيزي","مستوى","ليس تعجيزيّاً: غوردون رامزي معروف من التلفزيون","طاهٍ بريطانيّ اشتهرتُ بالصراخ على المتسابقين في برامج المطابخ، وأملك مطاعم بنجوم ميشلان — من أنا؟","غوردون رامزي","","","متوسط",""
"ADM7526","من أنا؟","تعجيزي","مستوى","ليس تعجيزيّاً: بروس لي معروف للجميع","ممثّلٌ صينيّ أمريكيّ نشرتُ فنون القتال في السينما، ومتُّ شابّاً قبل عرض فيلمي الأشهر — من أنا؟","بروس لي","","","متوسط",""
"ADM7528","من أنا؟","تعجيزي","مستوى","ليس تعجيزيّاً: ليبرون جيمس معروف","لاعب سلّةٍ أمريكيّ دخلتُ الدوري من المدرسة الثانويّة مباشرةً، وصرتُ هدّافه التاريخيّ — من أنا؟","ليبرون جيمس","","","متوسط",""
"M743","من أنا؟","متوسط","مستوى","ميركالي لا يعرفه متعلّم عادي؛ و«أول مقياس للزلازل الحديث» مشكوك (سبقه روسي-فوريل) — يصلح تعجيزيّاً بصياغة أدقّ","عالم إيطالي وضع أول مقياس للزلازل الحديث وسُمّي المقياس باسمه لاحقاً في نسخة أمريكية. من هذه الشخصية؟","جوزيبي ميركالي","عالم براكين إيطاليّ يحمل اسمي مقياسٌ لشدّة الزلازل غير مقياس ريختر، يُقدَّر بما يشعر به الناس من آثارها — من أنا؟","جوزيبي ميركالي","تعجيزي",""
"H472","من أنا؟","صعب","مستوى","صوفي جيرمان نادرة يعرفها المهووس بالرياضيات — تعجيزي لا صعب","رياضية فرنسية من القرن التاسع عشر راسلت غاوس باسم رجل خوفاً من رفض العلماء لها. من هذه الشخصية؟","صوفي جيرمان","","","تعجيزي",""
"E281","من أنا؟","سهل","مستوى","أميليا إيرهارت لا يعرفها أكثر البالغين في المجلس","طيّارة أمريكية أول امرأة تعبر المحيط الأطلسي جوّاً بمفردها، واختفت أثناء محاولتها الطيران حول العالم. من هذه الشخصية؟","أميليا إيرهارت","","","متوسط",""
"H264","من أنا؟","صعب","مستوى","فان جوخ وأذنه وليلة النجوم ثقافة عامة — متوسط","رسام هولندي لم يبع في حياته إلا القليل جداً من لوحاته، واشتهرت لوحته «ليلة النجوم» وقصة قطعه لجزء من أذنه. من هذه الشخصية؟","فنسنت فان جوخ","","","متوسط",""
"","من أنا؟","تعجيزي","بديل","بديل: ثمانية نُقلت للمتوسط واثنان دخلا؛ الخليّة 30","","","رحّالةٌ عبّاسيّ أرسلني الخليفة المقتدر إلى ملك الصقالبة على نهر الفولغا، واستُلهم من رحلتي فيلم «المحارب الثالث عشر» — من أنا؟","أحمد بن فضلان","",""
"","من أنا؟","تعجيزي","بديل","بديل لخليّة عند الحدّ","","","لاعب شطرنجٍ أمريكيّ انتزعتُ اللقب العالميّ من السوفييت في ريكيافيك ثمّ اعتزلتُ واختفيت عن الأنظار — من أنا؟","بوبي فيشر","",""
"","من أنا؟","تعجيزي","بديل","بديل لخليّة عند الحدّ","","","طبيبٌ مجريّ دعوتُ الأطبّاء إلى غسل أيديهم قبل التوليد فسخروا منّي، ثمّ ثبت أنّي أنقذتُ آلاف الأمّهات — من أنا؟","إغناتس زيملفايس","",""
"","من أنا؟","تعجيزي","بديل","بديل لخليّة عند الحدّ","","","عدّاءٌ إثيوبيّ فزتُ بماراثون أولمبياد روما حافيَ القدمين — من أنا؟","أبيبي بيكيلا","",""
"","من أنا؟","تعجيزي","بديل","بديل لخليّة عند الحدّ","","","رائد فضاءٍ سوفيتيّ كنتُ أوّل إنسانٍ يخرج من مركبته ويسبح في الفضاء — من أنا؟","أليكسي ليونوف","",""
"","من أنا؟","تعجيزي","بديل","بديل لخليّة عند الحدّ","","","امرأةٌ أمريكيّة أُخذت خلايا ورمي دون علمي فصارت أشهر خطّ خلايا بشريّة في أبحاث الطبّ — من أنا؟","هنريتا لاكس","",""
"E266","من أنا؟","سهل","عائلة","«كلاي» في الإجابة يكشف جواب ADM1507 (كاسيوس كلاي) — اقترح عائلة «محمد علي كلاي» للاثنين","ملاكم أمريكي لقّب نفسه بـ«الأعظم»، وفاز بلقب الوزن الثقيل العالمي ثلاث مرات. من هذه الشخصية؟","محمد علي كلاي","","","",""
"E271","من أنا؟","سهل","عائلة","ستيف جوبز جواب ADM2720 أيضاً (بيكسار) — اقترح عائلة «ستيف جوبز» ‖ عائلة جديدة «ستيف جوبز» مع ADM2720","شارك في تأسيس شركة أبل وطُرد منها ثم عاد إليها، وقدّم للعالم أول آيفون سنة 2007. من هذه الشخصية؟","ستيف جوبز","","","",""
"E495","من أنا؟","سهل","عائلة","عبدالحليم حافظ جواب X152 (صورة) بلا عائلة — اقترح إسناد عائلة «عبدالحليم حافظ» لـX152","مطرب مصري راحل لُقّب بالعندليب الأسمر، وغنّى «قارئة الفنجان». من هذه الشخصية؟","عبدالحليم حافظ","","","",""
"M448","من أنا؟","متوسط","عائلة","موتسارت جواب L061 (الناي السحري) بلا عائلة — اقترح عائلة «موتسارت»","موسيقار نمساوي بدأ التأليف الموسيقي وهو طفل صغير، وترك أكثر من ستمئة عمل موسيقي رغم وفاته قبل بلوغه الأربعين. من هذه الشخصية؟","وولفغانغ أماديوس موتسارت","","","",""
"M466","من أنا؟","متوسط","عائلة","ملالا جواب X045 (صورة) بلا عائلة — اقترح عائلة «ملالا يوسفزي»","ناشطة باكستانية نجت من محاولة اغتيال استهدفتها بسبب دفاعها عن تعليم البنات، وأصبحت أصغر من فاز بجائزة نوبل للسلام. من هذه الشخصية؟","مالالا يوسفزي","","","",""
"M487","من أنا؟","متوسط","عائلة","عائلة «أوسين بولت» هنا و«يوسين بولت» في X225 — اختلاف رسم يُبطل الحراسة؛ وحّدها","عدّاء جامايكي يحمل الرقم القياسي العالمي في سباقي المئة والمئتي متر، ولُقّب بـ«أسرع إنسان في التاريخ». من هذه الشخصية؟","أوسين بولت","","","",""
"ADM6848","موضة وماركات","سهل","حجب","تافه: شعار نايكي يعرفه كلّ حاضر (كتويتر وكروم)","شعار أيّ علامةٍ هذا؟","نايكي","","","",""
"ADM6374","موضة وماركات","تعجيزي","مستوى","إير فورس 1 من أشهر الأحذية؛ لا يستقيم تعجيزياً وإير جوردن في «سهل»","ما هذا الحذاء؟","إير فورس 1 (نايكي)","","","متوسط",""
"ADM6377","موضة وماركات","تعجيزي","مستوى","شعار مونكلير معروف لمحبّ الموضة؛ ليس نادراً","شعار أيّ علامةٍ هذا؟","مونكلير","","","صعب",""
"ADM6854","موضة وماركات","سهل","مستوى","الجواب اسم الموديل «وايفيرر» لا العلامة؛ أفياتور وكلوبماستر في «متوسط»","ما هذه النظّارة؟","راي بان وايفيرر","","","متوسط",""
"ADM7926","موضة وماركات","متوسط","مستوى","بيكوتان أقلّ شهرة من كيلي (متوسط) وإيفلين في «صعب»","ما اسم هذه الحقيبة؟","بيكوتان (هيرمس)","","","صعب",""
"ADM7944","موضة وماركات","صعب","عائلة","الفلامنكو جواب ADM8561 (معلومات عامة) لواقعة مختلفة بلا عائلة مشتركة — عائلة «فلامنكو»","ما اسم هذه الحقيبة؟","فلامنكو (لويفي)","","","",""
"ADM7897","موضة وماركات","سهل","عائلة","السامبا جواب ADM8601 (معلومات عامة) لواقعة مختلفة — عائلة «سامبا»","ما هذا الحذاء؟","سامبا (أديداس)","","","",""
"ADM6881","موضة وماركات","تعجيزي","عائلة","الكاسيت جواب ADM6142 (الزمن الجميل) — عائلة «كاسيت»","ما اسم هذه الحقيبة؟","كاسيت (بوتيغا فينيتا)","","","",""
"ADM6310","موضة وماركات","سهل","عائلة","بربري جواب ADM0201 (أكلات) لواقعة مختلفة — عائلة «بربري»","أيّ دارٍ هذه نقشتها؟","بربري","","","",""
"ADM6617","ولا كلمة","تعجيزي","مستوى","«الزير سالم» من أشهر المسلسلات العربية — ليس تعجيزيّاً","الزير سالم","الزير سالم","","","متوسط",""
"","ولا كلمة","تعجيزي","بديل","بديل: الزير سالم نُقل للمتوسط والخليّة 30","","","ابن حميدو","ابن حميدو","",""
"ADM6628","ولا كلمة","تعجيزي","عائلة","الأطلال جواب ADM8756 (معلومات عامة) بلا عائلة — اقترح عائلة «الأطلال»","الأطلال","الأطلال","","","",""
"ADM6566","ولا كلمة","سهل","عائلة","ألف ليلة وليلة جواب E137 وADM5403 (عائلتهما «ألف ليلة وليلة») وهذا بلا عائلة","ألف ليلة وليلة","ألف ليلة وليلة","","","",""
"ADM6035","Breaking bad","متوسط","خطأ واقعة","خطأ: توكو قتله هانك في الموسم الثاني (ADM6974)، لا والتر في الموسم الأوّل","ما اسم تاجر المخدّرات المجنون الذي قتله والتر في الموسم الأوّل؟","توكو سالامانكا","ما اسم تاجر المخدّرات المكسيكيّ المجنون الذي خطف والتر وجيسي إلى بيتٍ في الصحراء؟","توكو سالامانكا","",""
"ADM6997","Breaking bad","تعجيزي","حجب","ترجمة اسم (معنى الاسم ممنوع في التعجيزي)، ويذكر جواب ADM6019 نصّاً","ما معنى اسم «لوس بويوس هيرمانوس»؟","الإخوة الدجاج","","","",""
"ADM6041","Breaking bad","متوسط","حجب","مكرّر مع ADM6489، والجواب خطأ: اسمها A1A لا A1","ما اسم مغسلة السيارات؟","إيه ون (A1)","","","",""
"ADM6071","Breaking bad","تعجيزي","صياغة","السؤال يكشف جواب ADM6061 (نيوهامبشر)","ما الاسم الذي انتحله والتر في نيوهامبشر؟","لامبرت","ما الاسم المستعار الذي عاش به والتر في مخبئه الثلجيّ في الموسم الأخير؟","لامبرت","",""
"ADM6074","Breaking bad","تعجيزي","صياغة","السؤال يذكر جواب ADM6027 (غوس فرينغ) نصّاً","من الممثّل الذي أدّى غوس فرينغ؟","جيانكارلو إسبوزيتو","من الممثّل الذي أدّى صاحب مطاعم الدجاج وزعيم إمبراطوريّة الميث؟","جيانكارلو إسبوزيتو","",""
"ADM6075","Breaking bad","تعجيزي","صياغة","السؤال يذكر جواب ADM6031 (مايك إيرمانتراوت) نصّاً","من الممثّل الذي أدّى مايك إيرمانتراوت؟","جوناثان بانكس","من الممثّل الذي أدّى «المنظّف» العجوز الذي يعمل لغوس؟","جوناثان بانكس","",""
"ADM6076","Breaking bad","تعجيزي","صياغة","السؤال يذكر جواب ADM6018 (سول غودمان) نصّاً","من الممثّل الذي أدّى سول غودمان؟","بوب أودنكيرك","من الممثّل الذي أدّى محامي والتر الملتوي؟","بوب أودنكيرك","",""
"ADM6083","Breaking bad","تعجيزي","صياغة","«وزن» والجواب مبلغ؛ وعائلة مع ADM6998 (البراميل)","ما وزن أموال والتر التي دُفنت (بالملايين)؟","80 مليون دولار","كم كان مجموع المال الذي دفنه والتر في الصحراء تقريباً؟","80 مليون دولار","",""
"ADM6084","Breaking bad","تعجيزي","صياغة","«البلدة» والجواب بلد","ما اسم البلدة الأصلية لغوس التي ادّعى المجيء منها؟","تشيلي","ما البلد الذي قال غوس فرينغ إنّه جاء منه؟","تشيلي","",""
"ADM6989","Breaking bad","تعجيزي","صياغة","يذكر «الريسين» جواب ADM6048","خلف أيّ شيءٍ أخفى والتر كبسولة الريسين في غرفة نومه؟","غطاء مقبس كهربائيّ","خلف أيّ شيءٍ أخفى والتر كبسولة السمّ في غرفة نومه؟","غطاء مقبس كهربائيّ","",""
"ADM6995","Breaking bad","تعجيزي","صياغة","يكشف جواب ADM6963 (والتر قتل مايك)","بأيّ سلاحٍ قتل والتر مايك؟","بمسدّس مايك نفسه","بأيّ مسدّسٍ أُطلقت النار على مايك عند النهر؟","بمسدّس مايك نفسه","",""
"ADM6079","Breaking bad","تعجيزي","صياغة","«تحطّم الطائرتين» يكشف جواب ADM6966","ما الشيء الذي سقط في مسبح والتر بعد تحطّم الطائرتين وصار رمزاً للموسم الثاني؟","دبّ وردي بعين واحدة","ما الشيء المحترق الذي طفا في مسبح والتر وافتُتحت به حلقات الموسم الثاني؟","دبّ وردي بعين واحدة","",""
"ADM6018","Breaking bad","سهل","صياغة","الجواب في السؤال («بيتر كول سول»)","ما اسم المحامي الذي انبثق عنه مسلسل «بيتر كول سول»؟","سول غودمان","ما اسم محامي والتر الذي نال مسلسلاً مستقلّاً باسمه لاحقاً؟","سول غودمان","",""
"ADM6978","Breaking bad","متوسط","صياغة","يذكر «إل كامينو» جواب ADM6066","إلى أين توجّه جيسي في نهاية فيلم «إل كامينو»؟","ألاسكا","إلى أين توجّه جيسي في نهاية الفيلم الذي تابع قصّته بعد المسلسل؟","ألاسكا","",""
"ADM6087","Breaking bad","تعجيزي","مستوى","تافه للتعجيزي (نتفليكس)؛ ويذكر «إل كامينو» جواب ADM6066","ما اسم القناة/الخدمة التي أنتجت «إل كامينو»؟","نتفليكس","أيّ منصّةٍ عرضت الفيلم الذي تابع قصّة جيسي بعد نهاية المسلسل؟","نتفليكس","سهل",""
"","Breaking bad","تعجيزي","بديل","بديل (الخليّة 30)","","","ما مرحلة سرطان الرئة التي شُخِّص بها والتر في الحلقة الأولى؟","المرحلة الثالثة","",""
"","Breaking bad","تعجيزي","بديل","بديل (الخليّة 30)","","","في أيّ شيءٍ دسّ والتر الريسين ليقتل ليديا في الحلقة الأخيرة؟","في مُحلّي ستيفيا (في شايها)","",""
"","Breaking bad","متوسط","بديل","بديل (الخليّة 30)","","","ما الذي صنعه والتر من العملات المعدنيّة والإسفنج وأجزاء السيّارة ليعيد تشغيل عربة السكن المعطّلة في الصحراء؟","بطاريّة","",""
"ADM6963","Breaking bad","سهل","عائلة","جوابه «والتر» كجواب ADM6968 — عائلة «والتر» ‖ عائلة «والتر» مع ADM6968","من أطلق النار على مايك عند النهر في الموسم الخامس؟","والتر","","","",""
"ADM6968","Breaking bad","سهل","عائلة","جوابه «والتر» كجواب ADM6963 — عائلة «والتر» ‖ عائلة «والتر» مع ADM6963","من أنقذ جيسي من قفص النازيّين في الحلقة الأخيرة؟","والتر","","","",""
"ADM6974","Breaking bad","متوسط","عائلة","جوابه «هانك» كجواب ADM6977 — عائلة «هانك» ‖ عائلة «هانك» مع ADM6977","من قتل توكو سالامانكا؟","هانك","","","",""
"ADM6977","Breaking bad","متوسط","عائلة","جوابه «هانك» كجواب ADM6974 — عائلة «هانك» ‖ عائلة «هانك» مع ADM6974","من الذي صوّره والتر عقلاً مدبّراً لإمبراطوريّة الميث في شريط اعترافه المزيّف؟","هانك","","","",""
"ADM6998","Breaking bad","تعجيزي","عائلة","الواقعة نفسها (المال المدفون) في ADM6083 — عائلة","كم برميلاً من المال دفن والتر في الصحراء؟","سبعة","","","",""
"ADM6020","Breaking bad","سهل","عائلة","عائلة «الأزرق» مع H092","ما لون الميث الذي اشتهر به والتر؟","الأزرق","","","",""
"ADM5917","Dexter","تعجيزي","خطأ واقعة","خطأ: ديكستر نجا في «ريزركشن» (2025)؛ هاريسون أطلق النار عليه ولم يقتله","من قتل ديكستر في نهاية «نيو بلود»؟","هاريسون","من أطلق النار على ديكستر في نهاية «نيو بلود»؟","","",""
"ADM5910","Dexter","صعب","خطأ واقعة","خطأ: جيمي ليست أيرلنديّة، هي شقيقة أنخل باتيستا؛ و«هاريسون» جواب ADM5862","ما اسم مربّية هاريسون الأيرلندية؟","جيمي باتيستا","ما اسم مربّية ابن ديكستر في المواسم الأخيرة؟","","",""
"ADM5927","Dexter","تعجيزي","خطأ واقعة","خطأ: ديكستر لم يرحل معها؛ خطّط للّحاق بها وزيّف موته","ما اسم المرأة التي رحل ديكستر معها إلى الأرجنتين في خطّته الأخيرة؟","هانا مكاي","ما اسم المرأة التي خطّط ديكستر للّحاق بها إلى الأرجنتين في نهاية الموسم الثامن؟","","",""
"ADM7014","Dexter","متوسط","خطأ واقعة","مشكوك: عمل ريتا تغيّر عبر المواسم (وكيلة عقارات لاحقاً)؛ حدّد الموسم أو استبدل","ما وظيفة ريتا؟","موظّفة استقبال في فندق","","","",""
"ADM5856","Dexter","سهل","حجب","الجواب «ديبرا» مذكور في 6 أسئلة من الفئة (5920، 7030، 7037، 5879، 7010، 7011)","ما اسم شقيقة ديكستر التي تعمل شرطية معه؟","ديبرا","","","",""
"ADM5861","Dexter","سهل","حجب","الجواب «ريتا» مذكور في 11 سؤالاً من الفئة؛ ومكرّر مع ADM5914 (ريتا قتلها قاتل الثالوث)","ما اسم زوجة ديكستر التي قتلها «قاتل الثالوث»؟","ريتا","","","",""
"ADM7005","Dexter","سهل","حجب","تافه ويكشفه ADM5870/ADM5871 (ابنة ريتا وابنها)","كم طفلاً كان لريتا من زواجها الأوّل؟","اثنان","","","",""
"ADM5892","Dexter","متوسط","حجب","«نيو بلود» مذكور في أكثر من عشرة أسئلة من الفئة","ما اسم مسلسل العودة الذي عُرض عام 2021؟","ديكستر: نيو بلود","","","",""
"ADM7015","Dexter","متوسط","صياغة","يكشف جواب ADM5917 (هاريسون)، و«قتل» لم تعد صحيحة","بماذا قتل هاريسون ديكستر في نهاية «نيو بلود»؟","ببندقيّة","بأيّ سلاحٍ أُصيب ديكستر في نهاية «نيو بلود»؟","","",""
"ADM5933","Dexter","تعجيزي","صياغة","«لورا موزر» يكشف جواب ADM5888؛ والتركيب «قتل ديكستر والدته» ملتبس","ما اسم القاتل الذي قتل ديكستر والدته في الموسم الثاني (قاتل لورا موزر)؟","سانتوس خيمينيز","ما اسم آخر قتلة والدة ديكستر، الذي انتقم منه في الموسم الثاني؟","","",""
"ADM5922","Dexter","تعجيزي","صياغة","«جزّار مرفأ الخليج» يكشف جواب ADM5921","من عميل مكتب التحقيقات الذي حقّق في «جزّار مرفأ الخليج»؟","فرانك لاندي","من عميل مكتب التحقيقات الفيدرالي الذي قاد التحقيق في جثث البحر في الموسم الثاني؟","","",""
"ADM5923","Dexter","تعجيزي","صياغة","«فرانك لاندي» يكشف جواب ADM5922","من قتلت العميل فرانك لاندي؟","كريستين هيل (حبيبة كوين)","من قتلت عميل مكتب التحقيقات الذي عاد إلى ميامي في الموسم الرابع لملاحقة قاتل الثالوث؟","","",""
"ADM7031","Dexter","تعجيزي","صياغة","«مات كالدويل» يكشف جواب ADM7022","ما الحيوان الذي كان ديكستر يتعقّبه في الغابة حين صادف مات كالدويل؟","أيّل أبيض","ما الحيوان الذي كان ديكستر يتعقّبه في الغابة في أوّل حلقةٍ من «نيو بلود»؟","","",""
"ADM7027","Dexter","صعب","صياغة","«كيرت كالدويل» يكشف جواب ADM5916، و«آيرون ليك» جواب ADM5895","ما مهنة كيرت كالدويل في آيرون ليك؟","صاحب محطّة شاحنات","ما مهنة القاتل المتسلسل الذي طارده ديكستر في «نيو بلود»؟","","",""
"ADM7020","Dexter","صعب","صياغة","«هاريسون» و«آيرون ليك» جوابا ADM5862 وADM5895","أيّ رياضةٍ مارسها هاريسون في مدرسة آيرون ليك؟","المصارعة","أيّ رياضةٍ مارسها ابن ديكستر في مدرسته في «نيو بلود»؟","","",""
"ADM7009","Dexter","متوسط","صياغة","«آيرون ليك» جواب ADM5895؛ وعائلة «نيويورك» ناقصة عند ADM8600","في أيّ ولايةٍ أمريكيّة تقع بلدة آيرون ليك؟","نيويورك","في أيّ ولايةٍ أمريكيّة تدور أحداث «نيو بلود»؟","","",""
"ADM7013","Dexter","متوسط","صياغة","«آيرون ليك» جواب ADM5895","في أيّ متجرٍ عمل ديكستر في آيرون ليك؟","متجر لوازم الصيد","في أيّ متجرٍ عمل ديكستر في «نيو بلود»؟","","",""
"ADM5929","Dexter","تعجيزي","صياغة","«هانا مكاي» جواب ADM5885 وADM5927","ما اسم كاتب الجرائم الحقيقيّة الذي حقّق في ماضي هانا مكاي فسُمّم؟","سال برايس","ما اسم كاتب الجرائم الحقيقيّة الذي نبش ماضي حبيبة ديكستر السامّة فسُمّم؟","","",""
"ADM7017","Dexter","متوسط","صياغة","«هانا مكاي» جواب ADM5885 وADM5927","ما مصير هانا مكاي قبل أحداث «نيو بلود»؟","ماتت بالسرطان","ما مصير حبيبة ديكستر السامّة قبل أحداث «نيو بلود»؟","","",""
"ADM7028","Dexter","صعب","صياغة","«هانا مكاي» جواب ADM5885 وADM5927","من الممثّلة التي أدّت هانا مكاي؟","إيفون ستراهوفسكي","من الممثّلة التي أدّت حبيبة ديكستر السامّة في الموسمين السابع والثامن؟","","",""
"ADM5855","Dexter","سهل","صياغة","«ميامي» جواب ADM5857","ما وظيفة ديكستر مورغان في شرطة ميامي؟","محلّل بقع الدم","ما وظيفة ديكستر مورغان في الشرطة؟","","",""
"ADM5877","Dexter","متوسط","صياغة","«ميامي» جواب ADM5857","ما اسم الملازم رئيسة قسم جرائم القتل في شرطة ميامي؟","ماريا لاغويرتا","ما اسم الملازم رئيسة قسم جرائم القتل التي عمل ديكستر تحت إمرتها؟","","",""
"ADM5904","Dexter","صعب","صياغة","«لاغويرتا» يكشف جواب ADM5877","من قتل الملازم لاغويرتا في نهاية الموسم السابع؟","ديبرا","من قتل رئيسة قسم جرائم القتل في نهاية الموسم السابع؟","","",""
"ADM5931","Dexter","تعجيزي","صياغة","«لاغويرتا» يكشف جواب ADM5877","من أيّ بلدٍ تنحدر الملازم لاغويرتا؟","كوبا","من أيّ بلدٍ تنحدر أصول رئيسة قسم جرائم القتل في المسلسل؟","","",""
"ADM7023","Dexter","صعب","صياغة","«لاغويرتا» يكشف جواب ADM5877","من الممثّلة التي أدّت الملازم لاغويرتا؟","لورين فيليز","من الممثّلة التي أدّت رئيسة قسم جرائم القتل في المسلسل؟","","",""
"ADM5878","Dexter","متوسط","صياغة","«لاغويرتا» يكشف جواب ADM5877؛ ومشكوك: «الكوبي» (لستُ واثقاً من أصل باتيستا) فحذفتُه","ما اسم المحقّق الكوبي زوج لاغويرتا لاحقاً؟","أنخل باتيستا","ما اسم المحقّق الذي تزوّج رئيسته في قسم جرائم القتل ثمّ انفصلا؟","","",""
"ADM5912","Dexter","صعب","صياغة","«أنخل باتيستا» جواب ADM5878","من الممثّل الذي أدّى أنخل باتيستا؟","ديفيد زاياس","من الممثّل الذي أدّى المحقّق الذي تزوّج رئيسته في قسم جرائم القتل؟","","",""
"ADM7006","Dexter","سهل","صياغة","«قانون هاري» جواب ADM5859","ما القاعدة الأولى في «قانون هاري»؟","لا تُقبض عليك","ما القاعدة الأولى في القانون الذي يختار به ديكستر ضحاياه؟","","",""
"ADM5925","Dexter","تعجيزي","صياغة","«قانون هاري» جواب ADM5859","من أوّل ضحيّةٍ قتلها ديكستر بحسب «قانون هاري»؟","الممرّضة ماري","من أوّل ضحيّةٍ بشريّة قتلها ديكستر وفق القانون الذي علّمه إيّاه والده بالتبنّي؟","","",""
"ADM5884","Dexter","متوسط","صياغة","«قانون هاري» جواب ADM5859","ما اسم الطبيبة النفسية التي ألّفت «قانون هاري» مع هاري في الموسم الثامن؟","إيفلين فوغل","ما اسم الطبيبة النفسية التي صاغت مع هاري قواعد ديكستر، وظهرت في الموسم الثامن؟","","",""
"ADM7033","Dexter","تعجيزي","صياغة","«قاتل شاحنة الثلج» جواب ADM5868","ما اللعبة التي تركها قاتل شاحنة الثلج مقطّعةً في ثلّاجة ديكستر؟","دمية باربي","ما اللعبة التي تركها قاتل الموسم الأوّل مقطّعةً في ثلّاجة ديكستر؟","","",""
"ADM5875","Dexter","متوسط","صياغة","«قاتل شاحنة الثلج» جواب ADM5868","من كان «قاتل شاحنة الثلج» في الحقيقة؟","براين موزر شقيق ديكستر","من كان القاتل المتسلسل في الموسم الأوّل في الحقيقة؟","","",""
"ADM7007","Dexter","سهل","صياغة","«براين موزر» جواب ADM5875","ما مصير براين موزر في نهاية الموسم الأوّل؟","قتله ديكستر","ما مصير قاتل الموسم الأوّل في نهايته؟","","",""
"ADM7030","Dexter","تعجيزي","صياغة","«براين موزر» جواب ADM5875","ما الاسم المستعار الذي واعد به براين موزر ديبرا؟","رودي كوبر","ما الاسم المستعار الذي واعد به قاتلُ الموسم الأوّل ديبرا؟","","",""
"ADM5876","Dexter","متوسط","صياغة","«قاتل الثالوث» جواب ADM5869","ما الاسم الحقيقي لقاتل الثالوث؟","آرثر ميتشل","ما الاسم الحقيقي للقاتل المتسلسل الذي أدّاه جون ليثغو في الموسم الرابع؟","","",""
"ADM5908","Dexter","صعب","صياغة","«قاتل الثالوث» جواب ADM5869","كيف قتل ديكستر قاتل الثالوث؟","بمطرقة","كيف قتل ديكستر القاتل الذي أدّاه جون ليثغو؟","","",""
"ADM7026","Dexter","صعب","صياغة","«قاتل الثالوث» جواب ADM5869","بأيّ غطاءٍ كان يتستّر قاتل الثالوث في مجتمعه؟","متطوّع كنسيّ يبني بيوتاً للمحتاجين","بأيّ غطاءٍ كان يتستّر قاتل الموسم الرابع في مجتمعه؟","","",""
"ADM5932","Dexter","تعجيزي","صياغة","«أستور وكودي» جوابا ADM5870 وADM5871","إلى أيّ مدينةٍ انتقل أستور وكودي ليعيشا مع جدّيهما بعد موت ريتا؟","أورلاندو","إلى أيّ مدينةٍ انتقل ابنا ريتا ليعيشا مع جدّيهما بعد موتها؟","","",""
"ADM5880","Dexter","متوسط","صياغة","يكشفه 5924/5903/5907؛ و«المدّعي العام» غير دقيق (مساعد) ويكشف جواب ADM5907","ما اسم المدّعي العام الذي صادق ديكستر ثمّ اكتشف سرّه في الموسم الثالث؟","ميغيل برادو","ما اسم صديق ديكستر الذي اكتشف سرّه في الموسم الثالث فصار شريكه في القتل؟","","",""
"ADM5924","Dexter","تعجيزي","صياغة","«ميغيل برادو» جواب ADM5880","ما اسم المحامية التي قتلها ميغيل برادو فانقلب عليه ديكستر؟","إيلين وولف","ما اسم المحامية التي قتلها صديق ديكستر في الموسم الثالث فانقلب عليه ديكستر؟","","",""
"ADM5903","Dexter","صعب","صياغة","«ميغيل برادو» جواب ADM5880","ما اسم أخ ميغيل برادو الذي قُتل فبدأت القصّة؟","أوسكار برادو","ما اسم الأخ المقتول لصديق ديكستر في الموسم الثالث، الذي بدأت به القصّة؟","","",""
"ADM5907","Dexter","صعب","صياغة","«ميغيل برادو» جواب ADM5880","ما مهنة ميغيل برادو؟","مساعد المدّعي العام","ما مهنة صديق ديكستر في الموسم الثالث الذي شاركه القتل؟","","",""
"ADM5881","Dexter","متوسط","صياغة","«ترافيس مارشال» مذكور في 4 أسئلة (7036، 7037، 7004، 5882)؛ اسأل عن اللقب","ما اسم القاتل الملقّب «قاتل نهاية العالم» في الموسم السادس؟","ترافيس مارشال","ما اللقب الذي عُرف به القاتل ترافيس مارشال في الموسم السادس؟","قاتل نهاية العالم","",""
"ADM5919","Dexter","تعجيزي","صياغة","«لومن» جواب ADM5883","ما اسم الخطيب التحفيزيّ الذي كان يقود عصابة الاغتصاب التي طاردها ديكستر مع لومن؟","جوردان تشيس","ما اسم الخطيب التحفيزيّ الذي كان يقود العصابة التي طاردها ديكستر مع شريكته في الموسم الخامس؟","","",""
"ADM5930","Dexter","تعجيزي","صياغة","«لومن» جواب ADM5883","كم رجلاً اعتدوا على لومن وسعت للانتقام منهم مع ديكستر؟","خمسة","كم رجلاً اعتدوا على شريكة ديكستر في الموسم الخامس وسعت للانتقام منهم؟","","",""
"ADM7021","Dexter","صعب","صياغة","«لومن» جواب ADM5883","من القاتل الذي خطف لومن وطارده ديكستر في بداية الموسم الخامس؟","بويد فاولر","من القاتل الذي قتله ديكستر في بداية الموسم الخامس فوجد عنده امرأةً محتجزة؟","","",""
"ADM5906","Dexter","صعب","صياغة","«أوليفر ساكسون» جواب ADM5905 و«فوغل» جواب ADM5884","ما صلة أوليفر ساكسون بالدكتورة فوغل؟","ابنها","ما صلة «جرّاح الدماغ» بالطبيبة النفسية التي صاغت قواعد ديكستر؟","","",""
"ADM5901","Dexter","صعب","صياغة","«دوكس» جواب ADM5872","أين احتجز ديكستر الرقيب دوكس قبل موته؟","في كوخ في المستنقعات","أين احتجز ديكستر الرقيب الذي كشف سرّه في الموسم الثاني قبل موته؟","","",""
"ADM5911","Dexter","صعب","صياغة","«دوكس» جواب ADM5872","من الممثّل الذي أدّى الرقيب دوكس؟","إريك كينغ","من الممثّل الذي أدّى الرقيب المرتاب في ديكستر منذ البداية؟","","",""
"ADM7025","Dexter","صعب","صياغة","«كوين» جواب ADM5873","من الممثّل الذي أدّى كوين؟","ديزموند هارينغتون","من الممثّل الذي أدّى المحقّق الشابّ الغزِل زميل ديكستر؟","","",""
"ADM6496","Dexter","تعجيزي","صياغة","«ماسوكا» جواب ADM5874","ما اسم ابنة ماسوكا التي ظهرت فجأةً في الموسم الثامن؟","نيكي","ما اسم ابنة الطبيب الشرعي المرح التي ظهرت فجأةً في الموسم الثامن؟","","",""
"ADM7024","Dexter","صعب","صياغة","«ماسوكا» جواب ADM5874","من الممثّل الذي أدّى ماسوكا؟","سي إس لي","من الممثّل الذي أدّى الطبيب الشرعي المرح زميل ديكستر؟","","",""
"ADM7029","Dexter","تعجيزي","صياغة","«أوريجينال سين» جواب ADM5897","من الممثّل الذي أدّى ديكستر الشابّ في «أوريجينال سين»؟","باتريك غيبسون","من الممثّل الذي أدّى ديكستر الشابّ في المسلسل الذي روى شبابه؟","","",""
"ADM7016","Dexter","متوسط","صياغة","«أوريجينال سين» جواب ADM5897","ما وظيفة ديكستر في «أوريجينال سين»؟","متدرّب في المختبر الجنائيّ","ما وظيفة ديكستر الشابّ في المسلسل الذي روى شبابه؟","","",""
"","Dexter","سهل","بديل","بديل: الخليّة عند 30","","","ماذا يحضر ديكستر معه إلى القسم صباحاً فيوزّعه على زملائه؟","الدونات","",""
"","Dexter","سهل","بديل","بديل: الخليّة عند 30","","","من أيّ موضعٍ في وجه الضحيّة يأخذ ديكستر قطرة الدم لشريحته؟","الخدّ","",""
"","Dexter","سهل","بديل","بديل: الخليّة عند 30؛ عائلة مع ADM7003 (التتر)","","","في شارة البداية، أيّ فاكهةٍ يقطعها ديكستر ويعصرها فيسيل عصيرها كالدم؟","البرتقال (برتقال دمويّ)","",""
"","Dexter","متوسط","بديل","بديل ADM5892: الخليّة عند 30","","","ما اسم المسلسل الذي عُرض عام 2025 وعاد فيه ديكستر حيّاً إلى نيويورك؟","ديكستر: ريزركشن","",""
"ADM5914","Dexter","صعب","عائلة","عائلة «آرثر ميتشل» مع ADM5876؛ وتكراره مع ADM5861 يزول بحجب الأخير","من قتل ريتا؟","آرثر ميتشل (قاتل الثالوث)","","","",""
"ADM5807","Game of thrones","تعجيزي","خطأ واقعة","خطأ: دراغونستون مقرّ آل تارغاريان الأصلي لا آل باراثيون (مقرّهم ستورمز إند)؛ والسؤال يكشف جواب ADM5796 (ستانيس)","ما اسم القلعة مقرّ آل باراثيون التي ورثها ستانيس؟","دراغونستون","ما اسم الجزيرة القلعة، موطن آل تارغاريان، التي عادت إليها دينيريس في الموسم السابع؟","دراغونستون","",""
"ADM5815","Game of thrones","تعجيزي","خطأ واقعة","خطأ: جون لم يتزوّج إيغريت؛ ويكشف جواب ADM5802؛ والجواب «البرّيون» مشتقّ من «البرّية» في السؤال","ما اسم القبيلة البرّية التي تزوّج جون منها إيغريت؟","الأحرار (البرّيون)","بماذا يسمّي البرّيون أنفسهم؟","الشعب الحرّ (الأحرار)","",""
"ADM5819","Game of thrones","تعجيزي","حجب","ليس تعجيزياً، والجواب مكشوف في ADM5772 وADM7040 (الدوثراكي)","ما اسم القبيلة/الشعب الذي ينتمي إليه دروغو؟","الدوثراكي","","","",""
"ADM5820","Game of thrones","تعجيزي","حجب","من المؤلّف/الملحّن خلف العمل من الممنوع في التعجيزي","من ألّف موسيقى المسلسل؟","رامين جوادي","","","",""
"ADM5747","Game of thrones","سهل","حجب","الجواب مشتقّ من السؤال واسم المسلسل («صراع العروش» ← العرش الحديدي)","ما اسم العرش الذي تتصارع عليه العائلات؟","العرش الحديدي","","","",""
"ADM5752","Game of thrones","سهل","حجب","«الحائط» ← الجدار: الجواب في السؤال، ومكشوف في ADM5753 وADM7067 وغيرهما","ما اسم الحائط الجليدي الضخم في أقصى الشمال؟","الجدار","","","",""
"ADM5753","Game of thrones","سهل","حجب","الجواب مكشوف في ADM5781 وADM7050 وADM7059 وADM7067 (الحرس الليلي)","ما اسم التنظيم الذي يحرس الجدار وانضمّ إليه جون سنو؟","الحرس الليلي","","","",""
"ADM7041","Game of thrones","سهل","حجب","تافه، والجواب مكشوف في ADM5762 وADM5778 وADM6513 وغيرها (نيد ستارك)","من والد آريا وسانسا؟","نيد ستارك","","","",""
"ADM7044","Game of thrones","سهل","حجب","الجواب مكشوف في ADM5757 وADM5806 وADM5748 (آل لانيستر)","أيّ عائلةٍ تُنسب إليها عبارة «يدفع ديونه دائماً»؟","آل لانيستر","","","",""
"ADM5804","Game of thrones","تعجيزي","صياغة","السؤال يكشف جواب ADM5756 (جوفري مات مسموماً)","ما اسم جدّة مارجري التي دبّرت تسميم جوفري؟","أولينا تايرل","ما اسم جدّة مارجري التي دبّرت تسميم الملك في عرسه؟","أولينا تايرل","",""
"ADM5809","Game of thrones","تعجيزي","صياغة","زجاج التنّين ليس معدناً؛ و«السائرين البيض» يكشف جواب ADM5751","ما اسم المعدن الوحيد الذي يقتل السائرين البيض إلى جانب الفولاذ الفاليري؟","زجاج التنّين (الأوبسيديان)","ما المادّة التي تقتل جيش الموتى إلى جانب الفولاذ الفاليري؟","زجاج التنّين (الأوبسيديان)","",""
"ADM5810","Game of thrones","تعجيزي","صياغة","صياغة مضطربة («القسم/الفرقة التي يحكمها»)","ما اسم القسم/الفرقة التي يحكمها «الرجال بلا وجوه»؟","الإله متعدّد الوجوه","ما اسم الإله الذي يعبده «الرجال بلا وجوه» في برافوس؟","الإله متعدّد الوجوه","",""
"ADM5816","Game of thrones","تعجيزي","صياغة","«جيمي لانيستر» يكشف جواب ADM7042","من الممثّل الذي أدّى جيمي لانيستر؟","نيكولاي كوستر-فالداو","من الممثّل الذي أدّى دور «قاتل الملك» شقيق سيرسي التوأم؟","نيكولاي كوستر-فالداو","",""
"ADM7070","Game of thrones","تعجيزي","صياغة","«جوفري» يكشف جواب ADM5756/ADM5778","ما اسم سيف جوفري الذي صُنع من سيف نيد ستارك أيضاً؟","ويدوز ويل","ما اسم السيف الثاني الذي صُنع من سيف نيد ستارك وأُهدي إلى الملك الصبيّ ابن سيرسي؟","ويدوز ويل","",""
"ADM7072","Game of thrones","تعجيزي","صياغة","«السائرون البيض» يكشف جواب ADM5751","ما اسم قرية البرّيين التي هاجمها السائرون البيض في الموسم الخامس؟","هاردهوم","ما اسم قرية البرّيين التي هاجمها جيش الموتى في الموسم الخامس؟","هاردهوم","",""
"ADM5749","Game of thrones","سهل","صياغة","«تيريون لانيستر» يكشف جواب ADM5748","من الممثّل الذي أدّى تيريون لانيستر؟","بيتر دينكلاج","من الممثّل الذي أدّى دور القزم الذكي في المسلسل؟","بيتر دينكلاج","",""
"ADM7040","Game of thrones","سهل","صياغة","الجواب مشتقّ من السؤال (الخال ← خاليسي)","ما اللقب الدوثراكيّ لزوجة الخال؟","خاليسي","بأيّ لقب دوثراكيّ نودِيت دينيريس بعد زواجها من زعيم الدوثراكي؟","خاليسي","",""
"ADM7045","Game of thrones","سهل","صياغة","«وينترفيل» يكشف جواب ADM5746، و«رامزي» يكشف جواب ADM7043","ما اسم المعركة التي دارت أمام وينترفيل بين جون سنو ورامزي؟","معركة الأوغاد","ما اسم المعركة التي استعاد فيها جون سنو قلعة آل ستارك من آل بولتون؟","معركة الأوغاد","",""
"ADM5789","Game of thrones","صعب","صياغة","«كينغز لاندينغ» يكشف جواب ADM5750/ADM5799","ما اسم المعلّم الذي درّب آريا على السيف في كينغز لاندينغ؟","سيريو فوريل","ما اسم معلّم المبارزة البرافوسي الذي درّب آريا على السيف في العاصمة؟","سيريو فوريل","",""
"ADM5794","Game of thrones","صعب","صياغة","«الأنسليد» يكشف جواب ADM5793","ما اسم قائد الأنسليد؟","غراي وورم","ما اسم قائد الجيش الخصيّ الذي اشترته دينيريس؟","غراي وورم","",""
"ADM7063","Game of thrones","صعب","صياغة","«كينغز لاندينغ» يكشف جواب ADM5750/ADM5799","ما اسم المعركة البحريّة عند كينغز لاندينغ في الموسم الثاني؟","معركة بلاكووتر","ما اسم المعركة البحريّة عند العاصمة في الموسم الثاني التي أحرق فيها تيريون أسطول ستانيس؟","معركة بلاكووتر","",""
"ADM7066","Game of thrones","صعب","صياغة","«ميليساندر» يكشف جواب ADM5795","ما اسم الإله الذي تعبده ميليساندر؟","رهلور","ما اسم الإله الذي تعبده الكاهنة الحمراء؟","رهلور","",""
"ADM7068","Game of thrones","صعب","صياغة","«الأنسليد» يكشف جواب ADM5793","في أيّ مدينةٍ اشترت دينيريس جيش الأنسليد؟","أستابور","في أيّ مدينةٍ اشترت دينيريس جيشها الخصيّ؟","أستابور","",""
"ADM5774","Game of thrones","متوسط","صياغة","خطأ: شعار آل باراثيون الأيّل لا الغزال","ما اسم البيت الذي شعاره الغزال وكان روبرت ملكاً منه؟","آل باراثيون","ما اسم البيت الذي شعاره الأيّل وكان روبرت ملكاً منه؟","آل باراثيون","",""
"ADM5775","Game of thrones","متوسط","صياغة","صياغة مضطربة لغوياً","ما اسم الجزر الحديدية عائلة ثيون؟","آل غرايجوي","ما اسم العائلة الحاكمة للجزر الحديدية التي ينتمي إليها ثيون؟","آل غرايجوي","",""
"ADM5783","Game of thrones","متوسط","صياغة","«جوفري» يكشف جواب ADM5756/ADM5778","ما اسم الملك الذي أخذ العرش بعد جوفري؟","تومن","ما اسم الملك الذي خلف أخاه على العرش بعد موته مسموماً في عرسه؟","تومن","",""
"ADM7049","Game of thrones","متوسط","صياغة","«رامزي» يكشف جواب ADM7043","ما اسم أصغر أبناء نيد ستارك الذي قتله رامزي بسهم؟","ريكون","ما اسم أصغر أبناء نيد ستارك الذي قُتل بسهم قبيل معركة الأوغاد؟","ريكون","",""
"ADM7052","Game of thrones","متوسط","صياغة","«رامزي» يكشف جواب ADM7043","ما الاسم الذي فرضه رامزي على ثيون بعد تعذيبه؟","ريك","ما الاسم الذي فُرض على ثيون بعد تعذيبه في قلعة آل بولتون؟","ريك","",""
"ADM7055","Game of thrones","متوسط","صياغة","«جيمي لانيستر» يكشف جواب ADM7042","ماذا فقد جيمي لانيستر في أسره عند رجال بولتون؟","يده اليمنى","ماذا فقد «قاتل الملك» في أسره عند رجال بولتون؟","يده اليمنى","",""
"ADM5806","Game of thrones","تعجيزي","مستوى","مقرّ آل لانيستر معروف لكلّ متابع","ما اسم القلعة مقرّ آل لانيستر؟","كاسترلي روك","","","صعب",""
"ADM5808","Game of thrones","تعجيزي","مستوى","اسم القارّة الشرقية معروف للمتابع","ما اسم البلد القارّي شرق ويستروس؟","إيسوس","","","متوسط",""
"ADM5817","Game of thrones","تعجيزي","مستوى","ممثّلة آريا مشهورة؛ قارنها بكيت هارينغتون في صعب","من الممثّلة التي أدّت آريا ستارك؟","ميزي ويليامز","","","صعب",""
"ADM5818","Game of thrones","تعجيزي","مستوى","ممثّلة سانسا مشهورة؛ قارنها بكيت هارينغتون في صعب","من الممثّلة التي أدّت سانسا؟","صوفي تيرنر","","","صعب",""
"ADM5821","Game of thrones","تعجيزي","مستوى","شبكة العرض معروفة","على أيّ شبكة أمريكية عُرض المسلسل؟","إتش بي أو","","","متوسط",""
"ADM5823","Game of thrones","تعجيزي","مستوى","المسلسل المشتقّ مشهور","ما اسم المسلسل المشتقّ عن تاريخ آل تارغاريان؟","بيت التنّين (هاوس أوف ذا دراغون)","","","متوسط",""
"","Game of thrones","تعجيزي","بديل","بديل لحفظ حدّ الخليّة 30 (نادر يعرفه المهووس)","","","ما اسم الأغنية التي عُزفت في الزفاف الأحمر إيذاناً ببدء المذبحة؟","أمطار كاستامير","",""
"","Game of thrones","تعجيزي","بديل","بديل لحفظ حدّ الخليّة 30 (نادر يعرفه المهووس)","","","ما اسم الفتى الخبّاز صديق آريا الذي خبز لها رغيفاً على شكل ذئب؟","هوت باي","",""
"","Game of thrones","تعجيزي","بديل","بديل لحفظ حدّ الخليّة 30 (نادر يعرفه المهووس)","","","ما اسم الفتاة الصغيرة سيّدة آل مورمونت التي قُتلت وهي تطعن عملاقاً ميتاً في معركة وينترفيل الأخيرة؟","ليانا مورمونت","",""
"","Game of thrones","تعجيزي","بديل","بديل لحفظ حدّ الخليّة 30 (نادر يعرفه المهووس)","","","ما اسم القرصان الليسيني صديق دافوس الذي أجّر سفنه لملك دراغونستون؟","سالادهور سان","",""
"","Game of thrones","تعجيزي","بديل","بديل لحفظ حدّ الخليّة 30 (نادر يعرفه المهووس)","","","ما اسم السيف الفاليري الذي أخذه صديق جون سنو السمين من بيت أبيه؟","هارتسبين","",""
"","Game of thrones","تعجيزي","بديل","بديل لحفظ حدّ الخليّة 30 (نادر يعرفه المهووس)","","","ما اسم فرقة المرتزقة التي قادها داريو ناهاريس وانضمّت إلى دينيريس؟","الأبناء الثانون","",""
"","Game of thrones","تعجيزي","بديل","بديل لحفظ حدّ الخليّة 30 (نادر يعرفه المهووس)","","","ما اسم النُّزل الذي اعتقلت فيه كاتلين ستارك القزمَ في الموسم الأوّل؟","نُزل مفترق الطرق","",""
"","Game of thrones","تعجيزي","بديل","بديل لحفظ حدّ الخليّة 30 (نادر يعرفه المهووس)","","","ما اسم الذئب الرهيب الذي كان يملكه روب ستارك؟","غراي ويند","",""
"","Game of thrones","سهل","بديل","بديل لحفظ حدّ الخليّة 30","","","ماذا كانت الراهبة تردّد وهي تقرع الجرس خلف سيرسي في مشيها عارية بالعاصمة؟","عار!","",""
"","Game of thrones","سهل","بديل","بديل لحفظ حدّ الخليّة 30","","","ما معنى العبارة البرافوسية «فالار مورغوليس»؟","كلّ البشر يجب أن يموتوا","",""
"","Game of thrones","سهل","بديل","بديل لحفظ حدّ الخليّة 30","","","ما اسم المرتزق الساخر الذي قاتل عن القزم في محاكمة المبارزة بقلعة آل آرين؟","برون","",""
"","Game of thrones","سهل","بديل","بديل لحفظ حدّ الخليّة 30","","","ما اللقب الذي نالته دينيريس بتحريرها العبيد في مدن الخليج؟","كاسرة الأغلال","",""
"","Game of thrones","سهل","بديل","بديل لحفظ حدّ الخليّة 30","","","ما الشراب الذي لا يفارق القزم في المسلسل وهو يقول «أشرب وأعرف أشياء»؟","النبيذ","",""
"ADM5757","Game of thrones","سهل","عائلة","عائلة «الهزبر» (الأسد) مع ADM1787 — حيوان الشعار","ما اسم الحيوان في شعار آل لانيستر؟","الأسد","","","",""
"ADM6008","Prison break","تعجيزي","خطأ واقعة","مشكوك: ماكغرادي لم يكن من الهاربين مع مايكل من سونا على ما أذكر — احذف «وهرب معه»","ما اسم السجين الشابّ في سونا الذي صادق مايكل وهرب معه؟","ماكغرادي","ما اسم السجين الشابّ في سونا الذي صادق مايكل؟","","",""
"ADM5994","Prison break","تعجيزي","خطأ واقعة","مشكوك: لا أعرف شخصية «إد بافيليتش» مديراً خلف بوب — تحقّق","ما اسم رئيس فوكس ريفر الذي خلف بوب بعد الهروب؟","إد بافيليتش","","","",""
"ADM5936","Prison break","سهل","حجب","«فوكس ريفر» منصوصٌ في نحو عشرة أسئلة في الفئة (5993، 5998، 6003، 6094…) — جوابٌ مكشوف","ما اسم السجن الذي هرب منه مايكل ورفاقه في الموسم الأوّل؟","فوكس ريفر","","","",""
"ADM7099","Prison break","صعب","حجب","«فوكس» مكشوفٌ باسم السجن «فوكس ريفر» في نصوص الفئة كلّها","أيّ شبكةٍ أمريكيّة عرضت «بريزن بريك»؟","فوكس","","","",""
"ADM7113","Prison break","تعجيزي","حجب","ممنوع في التعجيزي: أصل الاسم/ممّ اشتُقّ","من أيّ أسطورةٍ أُخذ اسم «سيلا»؟","وحشٌ بحريّ في الأوديسة","","","",""
"ADM5993","Prison break","تعجيزي","صياغة","«فوكس ريفر» في النصّ","ما اسم السجن الحقيقي الذي صُوّر فيه فوكس ريفر؟","سجن جولييت","ما اسم السجن الحقيقيّ الذي صُوّرت فيه مشاهد السجن في الموسم الأوّل؟","","",""
"ADM6004","Prison break","تعجيزي","صياغة","«سطوه على البنك» في النصّ يكشف جواب ADM5951","كم كان الحكم الذي صدر على مايكل بعد سطوه على البنك؟","خمس سنوات","كم كان الحكم الذي صدر على مايكل في القضيّة التي دخل بها السجن عمداً؟","","",""
"ADM7087","Prison break","سهل","صياغة","«كارولين رينولدز» في النصّ يكشف جواب ADM5958","ما المنصب الذي بلغته كارولين رينولدز في الموسم الثاني؟","رئيسة الولايات المتّحدة","ما المنصب الذي بلغته نائبة الرئيس المتآمرة في الموسم الثاني؟","","",""
"ADM7103","Prison break","صعب","صياغة","«تيرنس ستيدمان» في النصّ يكشف جواب ADM5959","كيف مات تيرنس ستيدمان فعليّاً؟","انتحر","كيف مات شقيق نائبة الرئيس فعليّاً؟","","",""
"ADM7088","Prison break","سهل","صياغة","«وشم» في النصّ يكشف جواب ADM5937","ما الرسمان الرئيسان في وشم مايكل على ظهره؟","شيطان وملاك","ما الرسمان الرئيسان في الرسم الذي يغطّي ظهر مايكل؟","","",""
"ADM5962","Prison break","متوسط","صياغة","«خريطة الوشم» في النصّ تكشف جواب ADM5937","من الهارب المضطرب عقلياً الذي حفظ خريطة الوشم من ذاكرته؟","هايواير","من الهارب المضطرب عقلياً الذي حفظ خريطة السجن من ذاكرته؟","","",""
"ADM6092","Prison break","صعب","صياغة","«هايواير» في النصّ يكشف جواب ADM5962","ما الاسم الحقيقي للهارب الملقّب «هايواير»؟","تشارلز باتوشيك","ما الاسم الحقيقي للهارب المضطرب عقلياً الذي حفظ خريطة السجن من ذاكرته؟","","",""
"ADM5983","Prison break","صعب","صياغة","«توينر» في النصّ يكشف جواب ADM5964","ما الاسم الحقيقي للهارب الملقّب «توينر»؟","ديفيد أبولسكيس","ما الاسم الحقيقي للهارب الشابّ الذي قتله ماهون في الموسم الثاني؟","","",""
"ADM7098","Prison break","متوسط","صياغة","«صائد الجوائز» في النصّ يكشف جواب ADM6000","ما اسم صائد الجوائز الذي رافق بيليك في مطاردة الهاربين؟","غيري","ما اسم الحارس السابق الذي رافق بيليك في مطاردة الهاربين؟","","",""
"ADM7091","Prison break","متوسط","صياغة","«الهروب الأخير» في النصّ يكشف جواب ADM6006","كيف «مات» مايكل في «الهروب الأخير»؟","صعق نفسه بالكهرباء لفتح الباب","كيف «مات» مايكل في الفيلم التلفزيونيّ الذي تلا الموسم الرابع؟","","",""
"ADM7089","Prison break","متوسط","صياغة","«أبروزي» في النصّ يكشف جواب ADM5954 (الواقعة نفسها)","لماذا قطع أبروزي يد تي باغ بعد الهروب؟","لأنّه قيّد نفسه بالأصفاد إليهم","لماذا قُطعت يد تي باغ بعد الهروب؟","","",""
"ADM7115","Prison break","تعجيزي","صياغة","مشكوك: أبروزي قتله عملاء المباحث في مداهمةٍ قادها ماهون، لا ماهون بيده","من قتل أبروزي؟","ماهون","من العميل الذي قاد المداهمة التي قُتل فيها أبروزي؟","","",""
"","Prison break","سهل","بديل","بديل ADM5936","","","ما المادّة التي كانت الطبيبة سارة تانكريدي تتعافى من إدمانها؟","المورفين","",""
"","Prison break","صعب","بديل","بديل ADM7099","","","من الممثّل الذي أدّى زعيم المافيا الذي وفّر طائرة الهروب من فوكس ريفر؟","بيتر ستورمار","",""
"","Prison break","تعجيزي","بديل","بديل ADM7113","","","من الممثّل الذي أدّى عميل الخدمة السرّية الذي عمل لنائبة الرئيس ثمّ انقلب عليها؟","بول أديلستين","",""
"ADM8321","The Sopranos","سهل","حجب","تافه: بطل المسلسل، واسمه في نصّ عشرات الأسئلة (ADM8433، ADM8342…)","من هذه الشخصية في المسلسل؟","توني سوبرانو","","","",""
"ADM8367","The Sopranos","متوسط","صياغة","«كارميلا سوبرانو» تكشف جواب صورة ADM8322","من الممثّلة التي أدّت دور كارميلا سوبرانو؟","إيدي فالكو","من الممثّلة التي أدّت دور زوجة توني؟","إيدي فالكو","",""
"ADM8376","The Sopranos","متوسط","صياغة","«العمّ جونيور» يكشف جوابي ADM8335 وصورة ADM8352","ما المرض الذي أصاب عقل العمّ جونيور في المواسم الأخيرة؟","الخَرَف","ما المرض الذي أصاب عقل عمّ توني في المواسم الأخيرة؟","الخَرَف","",""
"ADM8421","The Sopranos","تعجيزي","صياغة","اسم هيش رابكن يكشف جواب صورة ADM8410","ما كانت مهنة هيش رابكن قبل أن يتفرّغ للإقراض؟","منتج موسيقى","ما كانت مهنة مستشار توني اليهوديّ المسنّ قبل أن يتفرّغ للإقراض؟","منتج موسيقى","",""
"ADM8395","The Sopranos","صعب","صياغة","اسم غلوريا تريلو يكشف جواب صورة ADM8412","ما مهنة غلوريا تريلو عشيقة توني؟","بائعة سيّارات مرسيدس","ما مهنة عشيقة توني التي انتحرت في الموسم الثالث؟","بائعة سيّارات مرسيدس","",""
"ADM8420","The Sopranos","تعجيزي","صياغة","اسم بوبي باكاليري يكشف جواب صورة ADM8353","بأيّ لقبٍ كان رجال توني ينادون بوبي باكاليري؟","باكالا","بأيّ لقبٍ كان رجال توني ينادون صهره الممتلئ عاشق القطارات؟","باكالا","",""
"ADM8394","The Sopranos","صعب","صياغة","اسم بوبي باكاليري يكشف جواب صورة ADM8353","أين قُتل بوبي باكاليري؟","في متجر قطارات الألعاب","أين قُتل صهر توني في الحلقة قبل الأخيرة؟","في متجر قطارات الألعاب","",""
"ADM8429","The Sopranos","تعجيزي","صياغة","اسم جوني ساك يكشف جواب صورة ADM8383","أيّ مرضٍ قتل جوني ساك في السجن؟","سرطان الرئة","أيّ مرضٍ قتل زعيم العائلة النيويوركيّة في السجن؟","سرطان الرئة","",""
"ADM8398","The Sopranos","صعب","صياغة","اسم جوني ساك يكشف جواب صورة ADM8383","ما موضوع النكتة التي أطلقها رالف فأغضبت جوني ساك؟","وزن زوجته جيني","ما موضوع النكتة التي أطلقها رالف فأغضبت زعيم نيويورك؟","وزن زوجته جيني","",""
"ADM8372","The Sopranos","متوسط","صياغة","اسم فيل ليوتاردو يكشف جواب صورة ADM8384","كيف مات فيل ليوتاردو في الحلقة الأخيرة؟","قُتل بالرصاص في محطّة وقود ثمّ سحقت سيّارته رأسه","كيف مات خصم توني النيويوركيّ في الحلقة الأخيرة؟","قُتل بالرصاص في محطّة وقود ثمّ سحقت سيّارته رأسه","",""
"ADM8436","The Sopranos","تعجيزي","صياغة","اسم فيل ليوتاردو يكشف جواب صورة ADM8384","ما اسم عميل المباحث الذي هتف «سننتصر» حين علم بمقتل فيل ليوتاردو؟","دوايت هاريس","ما اسم عميل المباحث الذي هتف «سننتصر» حين علم بمقتل خصم توني النيويوركيّ؟","دوايت هاريس","",""
"ADM8362","The Sopranos","متوسط","صياغة","اسم آرتي بوكو يكشف جواب صورة ADM8385","ما اسم مطعم آرتي بوكو صديق طفولة توني؟","فيزوفيو","ما اسم مطعم صديق طفولة توني الطاهي؟","فيزوفيو","",""
"ADM8397","The Sopranos","صعب","صياغة","اسم ريتشي أبريلي يكشف جواب صورة ADM8381","ما صلة ريتشي أبريلي بجاكي أبريلي رئيس العائلة الراحل؟","شقيقه","ما صلة الرجل الخارج من السجن في الموسم الثاني بجاكي أبريلي رئيس العائلة الراحل؟","شقيقه","",""
"","The Sopranos","سهل","بديل","بدل ADM8321","","","ما عنوان أغنية شارة بداية المسلسل؟","Woke Up This Morning","",""
"ADM8347","The Sopranos","سهل","عائلة","جانيس جواب صورة ADM8386 أيضاً — عائلة «جانيس»","ما اسم شقيقة توني الكبرى التي عادت من سياتل؟","جانيس","","","",""